country_code,year,infant_mortality_rate,source,country_name
PER,2013,14.7656,WHO,Peru
NER,2012,17.51638,WHO,Niger
IDN,1994,67.99654,WHO,Indonesia
SOM,2006,96.16145,WHO,Somalia
TCD,1996,73.27987,WHO,Chad
PER,2019,7.47685,WHO,Peru
TZA,2010,52.22568,WHO,Tanzania
BGD,2006,,WHO,Bangladesh
SEN,2017,40.65335,WHO,Senegal
SEN,2017,27.44794,WHO,Senegal
IND,1998,70.84807,WHO,India
IDN,2002,41.49275,WHO,Indonesia
ALB,2002,,WHO,Albania
CAF,2006,,WHO,Central African Republic
MLI,2012,67.08946,WHO,Mali
SUR,2018,28.75998,WHO,Suriname
IRQ,2018,18.52076,WHO,Iraq
CAF,2006,,WHO,Central African Republic
HTI,2000,89.81648,WHO,Haiti
BFA,1998,120.37049,WHO,Burkina Faso
DOM,2007,22.84279,WHO,Dominican Republic
CMR,1998,53.63646,WHO,Cameroon
TTO,2006,,WHO,Trinidad and Tobago
ALB,2002,,WHO,Albania
DZA,2018,14.50108,WHO,Algeria
AGO,2015,33.80909,WHO,Angola
NGA,1999,,WHO,Nigeria
COG,2014,39.62456,WHO,Congo
SSD,2010,61.74252,WHO,South Sudan
YEM,2013,60.20131,WHO,Yemen
BGD,2012,,WHO,Bangladesh
BEN,1996,121.33801,WHO,Benin
UGA,2006,83.16784,WHO,Uganda
MDA,2012,13.34037,WHO,Moldova
NAM,2013,34.82988,WHO,Namibia
TLS,2009,65.15369,WHO,East Timor
PAN,2013,,WHO,Panama
GHA,1998,67.57662,WHO,Ghana
ECU,2004,,WHO,Ecuador
IDN,2017,24.7369,WHO,Indonesia
PRY,2016,9.8365,WHO,Paraguay
AFG,2015,34.84709,WHO,Afghanistan
TGO,1998,71.41458,WHO,Togo
PER,2011,19.73365,WHO,Peru
AFG,2015,64.68446,WHO,Afghanistan
WSM,2019,13.95172,WHO,Samoa
IND,1998,39.66365,WHO,India
TZA,1996,96.98867,WHO,Tanzania
ETH,2011,76.4206,WHO,Ethiopia
IND,2015,42.92658,WHO,India
HTI,2012,61.24793,WHO,Haiti
ZWE,1999,81.07957,WHO,Zimbabwe
GUY,2006,,WHO,Guyana
MLI,2015,68.25656,WHO,Mali
COG,2005,95.72712,WHO,Congo
NGA,2011,,WHO,Nigeria
SEN,2005,100.36633,WHO,Senegal
CIV,1994,99.14705,WHO,Cote d'Ivoire
NGA,2008,100.90948,WHO,Nigeria
TTO,2006,,WHO,Trinidad and Tobago
HND,2011,22.59341,WHO,Honduras
GHA,2014,51.61934,WHO,Ghana
NPL,2006,60.98615,WHO,Nepal
KEN,2014,55.24936,WHO,Kenya
KAZ,2015,,WHO,Kazakhstan
MDV,2016,,WHO,Maldives
ALB,2005,,WHO,Albania
KAZ,2006,,WHO,Kazakhstan
NGA,2016,57.28588,WHO,Nigeria
UZB,2006,,WHO,Uzbekistan
VNM,2006,,WHO,Vietnam
TGO,2010,,WHO,Togo
MDG,2008,59.54372,WHO,Madagascar
TZA,2010,65.6263,WHO,Tanzania
MRT,2015,38.29266,WHO,Mauritania
PRY,1995,,WHO,Paraguay
SRB,2019,,WHO,Serbia
KAZ,2015,,WHO,Kazakhstan
IDN,2007,50.95164,WHO,Indonesia
GTM,1995,56.91085,WHO,Guatemala
PER,2008,23.89822,WHO,Peru
NPL,2019,36.69099,WHO,Nepal
SDN,2010,66.3437,WHO,Sudan
TUR,2003,26.78947,WHO,Turkey
UZB,2006,,WHO,Uzbekistan
STP,2019,12.31691,WHO,Sao Tome and Principe
BOL,2003,47.99446,WHO,Bolivia
GHA,2003,58.83076,WHO,Ghana
MNE,2018,,WHO,Montenegro
PHL,2008,14.16492,WHO,Philippines
VUT,2007,,WHO,Vanuatu
PER,2008,18.19373,WHO,Peru
AFG,2015,63.11868,WHO,Afghanistan
PER,2007,17.25368,WHO,Peru
MWI,2019,31.42693,WHO,Malawi
LSO,2009,98.03593,WHO,Lesotho
PER,2016,0,WHO,Peru
LBR,2019,72.62581,WHO,Liberia
UKR,2005,,WHO,Ukraine
PER,2004,37.58197,WHO,Peru
SLV,2008,,WHO,El Salvador
GTM,2008,,WHO,Guatemala
HND,2019,21.32536,WHO,Honduras
MOZ,1997,166.17358,WHO,Mozambique
SUR,2010,,WHO,Suriname
PER,2013,9.98841,WHO,Peru
MWI,2000,116.44039,WHO,Malawi
CAF,2010,,WHO,Central African Republic
GHA,1993,84.5326,WHO,Ghana
PER,2014,15.27424,WHO,Peru
DOM,2014,17.47705,WHO,Dominican Republic
PER,2007,27.6334,WHO,Peru
CMR,1998,73.47411,WHO,Cameroon
SDN,2014,84.59618,WHO,Sudan
KEN,2003,78.55006,WHO,Kenya
GEO,2005,,WHO,Georgia
KGZ,2012,29.44639,WHO,Kyrgyzstan
AGO,2015,49.24777,WHO,Angola
CAF,2018,71.6413,WHO,Central African Republic
PER,1996,31.11094,WHO,Peru
MDG,2018,37.76485,WHO,Madagascar
KGZ,1997,83.30156,WHO,Kyrgyzstan
SSD,2010,63.52496,WHO,South Sudan
ZMB,2007,78.90379,WHO,Zambia
LSO,2014,67.80828,WHO,Lesotho
CMR,2006,,WHO,Cameroon
IRQ,2011,29.1703,WHO,Iraq
KAZ,1995,35.10961,WHO,Kazakhstan
COG,2014,38.54892,WHO,Congo
BLR,2005,,WHO,Belarus
KGZ,2012,23.692,WHO,Kyrgyzstan
ALB,2008,22.46362,WHO,Albania
LSO,2018,84.35489,WHO,Lesotho
TJK,2005,,WHO,Tajikistan
LSO,2014,49.17278,WHO,Lesotho
GHA,2014,62.04626,WHO,Ghana
BGD,1996,72.74946,WHO,Bangladesh
CMR,2004,48.04409,WHO,Cameroon
TCD,1996,119.59515,WHO,Chad
BEN,1996,122.03242,WHO,Benin
BFA,2010,66.58669,WHO,Burkina Faso
TGO,2013,31.60563,WHO,Togo
HND,1991,,WHO,Honduras
TGO,2017,61.11465,WHO,Togo
KEN,1998,74.52737,WHO,Kenya
SEN,2012,74.7458,WHO,Senegal
IND,2015,45.18523,WHO,India
BGD,2012,,WHO,Bangladesh
VNM,2006,,WHO,Vietnam
BEN,2014,59.13476,WHO,Benin
SDN,2010,61.463,WHO,Sudan
KEN,1998,95.79575,WHO,Kenya
PER,2014,22.38636,WHO,Peru
GHA,2003,61.47844,WHO,Ghana
KHM,2000,99.21704,WHO,Cambodia
GMB,2013,42.23783,WHO,Gambia
TGO,2010,,WHO,Togo
GUY,2019,14.32647,WHO,Guyana
CMR,2014,77.70251,WHO,Cameroon
MRT,2015,26.06413,WHO,Mauritania
CIV,1994,84.53731,WHO,Cote d'Ivoire
ETH,2005,75.53445,WHO,Ethiopia
NGA,2016,83.16381,WHO,Nigeria
STP,2019,6.90846,WHO,Sao Tome and Principe
GMB,2019,51.80085,WHO,Gambia
KEN,2003,83.73077,WHO,Kenya
BIH,2011,,WHO,Bosnia and Herzegovina
TUR,2003,43.63517,WHO,Turkey
GTM,2002,,WHO,Guatemala
DOM,1996,41.33947,WHO,Dominican Republic
JOR,2017,16.50562,WHO,Jordan
UKR,1999,,WHO,Ukraine
NIC,2006,,WHO,Nicaragua
ZWE,2014,51.3791,WHO,Zimbabwe
PHL,2003,25.63378,WHO,Philippines
PER,1996,68.78044,WHO,Peru
SDN,2014,32.04355,WHO,Sudan
BEN,2011,49.57587,WHO,Benin
BRA,1996,28.55869,WHO,Brazil
SEN,2014,41.10059,WHO,Senegal
AFG,2015,35.25033,WHO,Afghanistan
PER,2006,27.62228,WHO,Peru
SRB,2010,,WHO,Serbia
PER,2017,20.93091,WHO,Peru
PER,2015,0,WHO,Peru
GEO,2005,,WHO,Georgia
GNB,2018,29.08153,WHO,Guinea-Bissau
TUV,2019,,WHO,Tuvalu
COL,2005,19.9662,WHO,Colombia
MOZ,2008,110.63701,WHO,Mozambique
BDI,2016,37.46679,WHO,Burundi
MRT,2007,,WHO,Mauritania
COM,1996,74.84736,WHO,Comoros
TTO,2006,,WHO,Trinidad and Tobago
GIN,2016,46.78466,WHO,Guinea
CIV,2011,76.65298,WHO,Cote d'Ivoire
MLI,2012,46.61208,WHO,Mali
NER,2012,70.13306,WHO,Niger
SEN,2016,40.18564,WHO,Senegal
HND,2019,19.80368,WHO,Honduras
COD,2017,69.0645,WHO,Democratic Republic of Congo
CRI,2018,,WHO,Costa Rica
LCA,2012,,WHO,Saint Lucia
COD,2013,64.78068,WHO,Democratic Republic of Congo
EGY,2008,24.62699,WHO,Egypt
IDN,2017,,WHO,Indonesia
STP,2019,5.72642,WHO,Sao Tome and Principe
BTN,2010,,WHO,Bhutan
LSO,2014,58.26159,WHO,Lesotho
CIV,1998,59.09357,WHO,Cote d'Ivoire
IDN,2007,28.81851,WHO,Indonesia
BGD,2017,35.23786,WHO,Bangladesh
ARM,2015,10.85361,WHO,Armenia
BFA,2006,,WHO,Burkina Faso
DOM,2002,28.58686,WHO,Dominican Republic
BDI,2016,49.96174,WHO,Burundi
ZWE,2019,70.06612,WHO,Zimbabwe
TJK,2005,,WHO,Tajikistan
MDG,1997,127.65223,WHO,Madagascar
RWA,2005,120.90205,WHO,Rwanda
GMB,2010,,WHO,Gambia
TCD,2010,,WHO,Chad
ZMB,2001,98.84873,WHO,Zambia
KEN,2008,64.97561,WHO,Kenya
BDI,2016,35.05414,WHO,Burundi
MDG,2008,62.30777,WHO,Madagascar
NGA,2007,,WHO,Nigeria
CIV,1998,123.85802,WHO,Cote d'Ivoire
CIV,2011,68.96655,WHO,Cote d'Ivoire
GHA,1993,105.04477,WHO,Ghana
LAO,2017,54.94345,WHO,Laos
ZMB,2018,46.08311,WHO,Zambia
BGD,2014,60.01922,WHO,Bangladesh
MWI,2019,32.61261,WHO,Malawi
CRI,2018,,WHO,Costa Rica
BFA,2003,80.52029,WHO,Burkina Faso
PER,2019,18.45468,WHO,Peru
PHL,2017,25.41491,WHO,Philippines
NGA,2011,,WHO,Nigeria
TTO,2006,,WHO,Trinidad and Tobago
TCD,2019,53.35353,WHO,Chad
ZMB,2001,74.32999,WHO,Zambia
CAF,2018,61.97653,WHO,Central African Republic
ETH,2000,,WHO,Ethiopia
BGD,2006,,WHO,Bangladesh
LAO,2011,87.75735,WHO,Laos
QAT,2012,,WHO,Qatar
GHA,2017,49.05796,WHO,Ghana
MOZ,1997,91.22133,WHO,Mozambique
MWI,2004,117.35862,WHO,Malawi
PER,1996,108.95899,WHO,Peru
GTM,1998,49.37461,WHO,Guatemala
MNE,2013,,WHO,Montenegro
KHM,2000,89.15189,WHO,Cambodia
SLE,2019,62.22653,WHO,Sierra Leone
MLI,2012,52.48332,WHO,Mali
MWI,2000,116.66335,WHO,Malawi
VNM,2013,12.15909,WHO,Vietnam
ARG,2019,,WHO,Argentina
MWI,2006,83.27489,WHO,Malawi
HND,2019,25.85355,WHO,Honduras
COM,2012,49.07241,WHO,Comoros
BLZ,2006,,WHO,Belize
TTO,2006,,WHO,Trinidad and Tobago
KEN,2008,66.75999,WHO,Kenya
IDN,2012,21.36247,WHO,Indonesia
TZA,1996,31.5073,WHO,Tanzania
BFA,1998,101.93485,WHO,Burkina Faso
THA,2012,,WHO,Thailand
GTM,1995,26.10737,WHO,Guatemala
MWI,2010,71.91833,WHO,Malawi
MWI,2000,117.77178,WHO,Malawi
BGD,2012,,WHO,Bangladesh
SEN,2010,56.25275,WHO,Senegal
GTM,2008,,WHO,Guatemala
ETH,2016,74.24671,WHO,Ethiopia
KHM,2010,60.05653,WHO,Cambodia
BEN,2014,71.99367,WHO,Benin
CIV,1998,90.60136,WHO,Cote d'Ivoire
DOM,1996,30.73249,WHO,Dominican Republic
EGY,1995,37.97797,WHO,Egypt
CMR,2011,91.99927,WHO,Cameroon
TZA,2015,57.84893,WHO,Tanzania
NGA,2008,85.79054,WHO,Nigeria
TCD,1996,89.33349,WHO,Chad
KGZ,2005,,WHO,Kyrgyzstan
CAF,1994,116.75285,WHO,Central African Republic
ZWE,1994,53.097,WHO,Zimbabwe
GUY,2014,,WHO,Guyana
BDI,2010,86.41844,WHO,Burundi
LSO,2014,74.46404,WHO,Lesotho
JOR,2017,12.70609,WHO,Jordan
KAZ,1999,42.17234,WHO,Kazakhstan
VNM,1997,22.76089,WHO,Vietnam
IRQ,2006,,WHO,Iraq
NER,2012,65.44801,WHO,Niger
PER,2007,,WHO,Peru
BGD,1999,62.75146,WHO,Bangladesh
SWZ,2006,63.29587,WHO,Eswatini
AFG,2010,,WHO,Afghanistan
UKR,1999,,WHO,Ukraine
GNB,2014,68.65978,WHO,Guinea-Bissau
KEN,1998,58.48729,WHO,Kenya
GHA,2011,55.99363,WHO,Ghana
BOL,1994,44.69985,WHO,Bolivia
TZA,2015,76.57249,WHO,Tanzania
JAM,2005,,WHO,Jamaica
NIC,2001,32.56508,WHO,Nicaragua
STP,2008,46.85795,WHO,Sao Tome and Principe
MRT,2011,50.72019,WHO,Mauritania
KAZ,2010,,WHO,Kazakhstan
NER,2012,78.2953,WHO,Niger
COD,2017,52.27988,WHO,Democratic Republic of Congo
EGY,2005,45.22697,WHO,Egypt
TUN,2018,9.45014,WHO,Tunisia
CUB,2006,,WHO,Cuba
TZA,1999,108.0168,WHO,Tanzania
COG,2005,56.31779,WHO,Congo
ZAF,1998,47.26431,WHO,South Africa
UGA,2011,47.44601,WHO,Uganda
SEN,2014,30.90978,WHO,Senegal
TGO,2006,,WHO,Togo
ALB,2005,,WHO,Albania
KAZ,1999,77.22947,WHO,Kazakhstan
SLV,2014,10.38162,WHO,El Salvador
QAT,2012,,WHO,Qatar
RWA,2014,32.39408,WHO,Rwanda
ECU,2004,,WHO,Ecuador
BFA,2003,81.91236,WHO,Burkina Faso
MOZ,2008,129.84442,WHO,Mozambique
IDN,2017,17.0729,WHO,Indonesia
PER,2014,15.69252,WHO,Peru
SLV,2014,11.8787,WHO,El Salvador
PER,2012,21.39461,WHO,Peru
GTM,1998,52.14333,WHO,Guatemala
IND,2005,44.92465,WHO,India
PER,2007,26.92826,WHO,Peru
GHA,2008,42.86154,WHO,Ghana
CUB,2006,,WHO,Cuba
DOM,1996,61.19403,WHO,Dominican Republic
MNE,2005,,WHO,Montenegro
MOZ,1997,176.06868,WHO,Mozambique
MDG,2008,75.31151,WHO,Madagascar
KHM,2014,28.28367,WHO,Cambodia
GUY,2014,25.29628,WHO,Guyana
AZE,2006,,WHO,Azerbaijan
LSO,2009,86.54897,WHO,Lesotho
LBR,2013,88.48116,WHO,Liberia
GHA,2008,45.07607,WHO,Ghana
BDI,2010,76.77653,WHO,Burundi
SLE,2019,69.17086,WHO,Sierra Leone
CIV,2011,83.34982,WHO,Cote d'Ivoire
MWI,2013,53.00768,WHO,Malawi
HTI,2012,68.63857,WHO,Haiti
BOL,1998,39.2523,WHO,Bolivia
BOL,2003,87.32735,WHO,Bolivia
MKD,2011,,WHO,North Macedonia
LSO,2018,72.11478,WHO,Lesotho
PER,2020,14.67652,WHO,Peru
CMR,2014,58.33852,WHO,Cameroon
MWI,2006,72.33579,WHO,Malawi
URY,2012,,WHO,Uruguay
JAM,2011,,WHO,Jamaica
ZWE,1994,58.22768,WHO,Zimbabwe
DOM,2014,33.63997,WHO,Dominican Republic
IND,1998,49.21987,WHO,India
AFG,2015,27.61672,WHO,Afghanistan
LSO,2004,63.92983,WHO,Lesotho
TZA,2010,71.05373,WHO,Tanzania
SUR,2006,,WHO,Suriname
ZAF,1998,33.98944,WHO,South Africa
TTO,2011,,WHO,Trinidad and Tobago
JAM,2005,,WHO,Jamaica
YEM,2006,66.87975,WHO,Yemen
SRB,2014,,WHO,Serbia
MNE,2013,,WHO,Montenegro
BTN,2010,,WHO,Bhutan
HND,2005,26.66946,WHO,Honduras
ZWE,2019,47.92834,WHO,Zimbabwe
GUY,2006,,WHO,Guyana
CAF,2006,,WHO,Central African Republic
EGY,2000,43.90019,WHO,Egypt
ZMB,1996,117.93326,WHO,Zambia
NPL,2006,56.5228,WHO,Nepal
KGZ,2012,21.94806,WHO,Kyrgyzstan
TKM,2015,30.63331,WHO,Turkmenistan
VNM,1997,46.03337,WHO,Vietnam
PHL,1998,24.86859,WHO,Philippines
MRT,2007,,WHO,Mauritania
MNG,2018,10.33071,WHO,Mongolia
PER,2009,,WHO,Peru
YEM,2006,,WHO,Yemen
IDN,2012,,WHO,Indonesia
TCD,2010,,WHO,Chad
KHM,2010,56.61956,WHO,Cambodia
ZAF,1998,52.08548,WHO,South Africa
PER,2018,10.86045,WHO,Peru
BGD,2006,,WHO,Bangladesh
BOL,1998,106.96864,WHO,Bolivia
PAK,2017,70.90738,WHO,Pakistan
CUB,2019,,WHO,Cuba
RWA,2014,41.327,WHO,Rwanda
MDG,2018,37.51838,WHO,Madagascar
SEN,2017,53.04175,WHO,Senegal
SDN,2014,60.44327,WHO,Sudan
IDN,2012,33.50143,WHO,Indonesia
ZMB,2001,91.98672,WHO,Zambia
MOZ,2011,60.67184,WHO,Mozambique
MOZ,2003,71.1385,WHO,Mozambique
CMR,2004,67.75485,WHO,Cameroon
GIN,2012,74.80292,WHO,Guinea
PHL,2003,19.47507,WHO,Philippines
CAF,2006,,WHO,Central African Republic
UGA,2000,102.57727,WHO,Uganda
IDN,2012,26.23051,WHO,Indonesia
MKD,2018,,WHO,North Macedonia
HTI,1994,81.61176,WHO,Haiti
YEM,2006,65.50449,WHO,Yemen
STP,2014,36.32293,WHO,Sao Tome and Principe
TGO,1998,74.12804,WHO,Togo
TJK,2017,,WHO,Tajikistan
DOM,2014,28.37228,WHO,Dominican Republic
EGY,2008,32.70891,WHO,Egypt
IDN,2007,41.17415,WHO,Indonesia
ZWE,2005,48.71055,WHO,Zimbabwe
NGA,2003,123.88213,WHO,Nigeria
EGY,2000,46.9887,WHO,Egypt
MOZ,2011,82.95163,WHO,Mozambique
BGD,1993,70.44767,WHO,Bangladesh
PHL,2013,19.56742,WHO,Philippines
ZWE,2014,62.51618,WHO,Zimbabwe
UGA,2006,62.29276,WHO,Uganda
BEN,2001,91.13726,WHO,Benin
PER,2016,12.44416,WHO,Peru
EGY,2005,39.34077,WHO,Egypt
MDG,2003,53.04387,WHO,Madagascar
MWI,2006,83.98257,WHO,Malawi
BOL,2008,55.50916,WHO,Bolivia
HND,2005,19.1716,WHO,Honduras
SEN,1997,76.09651,WHO,Senegal
CRI,2011,,WHO,Costa Rica
GNB,2014,48.20533,WHO,Guinea-Bissau
NIC,2001,25.67019,WHO,Nicaragua
GHA,2014,47.41136,WHO,Ghana
MLI,2001,126.75735,WHO,Mali
MKD,2011,,WHO,North Macedonia
NGA,2018,61.90422,WHO,Nigeria
TTO,2006,,WHO,Trinidad and Tobago
TZA,1996,99.68937,WHO,Tanzania
RWA,2000,116.06551,WHO,Rwanda
GUY,2014,35.61458,WHO,Guyana
CUB,2019,,WHO,Cuba
PRY,2016,,WHO,Paraguay
NPL,2010,,WHO,Nepal
YEM,2013,34.09127,WHO,Yemen
PER,2008,43.03307,WHO,Peru
THA,2005,,WHO,Thailand
MNG,2013,17.46279,WHO,Mongolia
AFG,2015,52.48452,WHO,Afghanistan
SEN,2017,38.53921,WHO,Senegal
BDI,2016,45.65394,WHO,Burundi
SEN,2005,44.38099,WHO,Senegal
TZA,2004,69.76215,WHO,Tanzania
GUY,2006,,WHO,Guyana
KEN,2008,66.25857,WHO,Kenya
SUR,2010,,WHO,Suriname
LBR,2019,56.32845,WHO,Liberia
HND,1996,,WHO,Honduras
ZWE,1999,59.0366,WHO,Zimbabwe
BOL,2003,74.19006,WHO,Bolivia
WSM,2019,7.1154,WHO,Samoa
KEN,1993,68.34481,WHO,Kenya
MDG,1997,119.06408,WHO,Madagascar
CMR,2018,75.97772,WHO,Cameroon
DZA,2012,32.56092,WHO,Algeria
PHL,1993,76.65912,WHO,Philippines
NER,1998,69.51461,WHO,Niger
EGY,2008,30.53519,WHO,Egypt
ARM,2005,44.53008,WHO,Armenia
TGO,2010,,WHO,Togo
GIN,2018,83.29606,WHO,Guinea
IND,2015,34.3172,WHO,India
CMR,2011,57.78693,WHO,Cameroon
UZB,2006,,WHO,Uzbekistan
IND,2005,52.14915,WHO,India
HTI,2012,62.80633,WHO,Haiti
GHA,2011,50.32204,WHO,Ghana
LAO,2017,23.40059,WHO,Laos
ZWE,2019,57.46045,WHO,Zimbabwe
NGA,2013,73.15701,WHO,Nigeria
BTN,2010,,WHO,Bhutan
SLV,2002,,WHO,El Salvador
AGO,2015,42.95903,WHO,Angola
SLV,2008,,WHO,El Salvador
ZWE,1994,47.4492,WHO,Zimbabwe
IDN,2007,32.5307,WHO,Indonesia
RWA,2010,65.84611,WHO,Rwanda
AFG,2010,,WHO,Afghanistan
ALB,2002,,WHO,Albania
BLZ,1991,,WHO,Belize
SEN,2005,78.61671,WHO,Senegal
DOM,2002,32.72389,WHO,Dominican Republic
ZWE,2019,55.06823,WHO,Zimbabwe
ETH,2000,118.0636,WHO,Ethiopia
SLV,2002,,WHO,El Salvador
NGA,2007,,WHO,Nigeria
YEM,2006,68.14317,WHO,Yemen
SRB,2005,,WHO,Serbia
PER,2017,15.83035,WHO,Peru
YEM,2006,,WHO,Yemen
GTM,2002,,WHO,Guatemala
JAM,2011,,WHO,Jamaica
SEN,2017,40.33087,WHO,Senegal
SEN,2019,36.44568,WHO,Senegal
NPL,2019,32.59753,WHO,Nepal
PER,2014,,WHO,Peru
SEN,2014,,WHO,Senegal
PER,2008,18.05456,WHO,Peru
LAO,2017,53.72692,WHO,Laos
KEN,2008,67.4259,WHO,Kenya
MRT,2015,40.79131,WHO,Mauritania
DOM,1996,46.87924,WHO,Dominican Republic
GHA,1993,71.97652,WHO,Ghana
WSM,2019,,WHO,Samoa
BRA,1996,37.73851,WHO,Brazil
SLE,2008,104.66932,WHO,Sierra Leone
PER,2009,,WHO,Peru
GHA,2008,50.19059,WHO,Ghana
SLE,2013,112.62487,WHO,Sierra Leone
GUY,2014,,WHO,Guyana
SLE,2005,,WHO,Sierra Leone
NIC,1997,42.20803,WHO,Nicaragua
COL,2010,16.8227,WHO,Colombia
BGD,2017,33.99647,WHO,Bangladesh
MLI,2009,,WHO,Mali
BGD,1993,102.5613,WHO,Bangladesh
MDG,1997,101.9799,WHO,Madagascar
PRY,1998,,WHO,Paraguay
UKR,2007,,WHO,Ukraine
MDG,2018,36.55482,WHO,Madagascar
BOL,2008,56.89848,WHO,Bolivia
PER,2000,40.20181,WHO,Peru
MNE,2013,,WHO,Montenegro
HND,2001,,WHO,Honduras
BOL,1994,122.16842,WHO,Bolivia
SEN,2017,47.20917,WHO,Senegal
MLI,2009,,WHO,Mali
MLI,2009,,WHO,Mali
COD,2007,57.2047,WHO,Democratic Republic of Congo
IDN,1997,26.09841,WHO,Indonesia
CUB,2006,,WHO,Cuba
PHL,2008,29.28002,WHO,Philippines
HTI,1994,74.31173,WHO,Haiti
ALB,2002,,WHO,Albania
MNE,2005,,WHO,Montenegro
ZWE,2015,43.80624,WHO,Zimbabwe
PER,2013,16.51498,WHO,Peru
NGA,2003,110.7823,WHO,Nigeria
PHL,2003,27.48455,WHO,Philippines
KHM,2010,22.59293,WHO,Cambodia
ZMB,2007,91.67565,WHO,Zambia
NAM,2013,40.84238,WHO,Namibia
BFA,1998,74.61071,WHO,Burkina Faso
ETH,2000,100.63056,WHO,Ethiopia
PER,2011,28.04401,WHO,Peru
LAO,2011,107.64435,WHO,Laos
SWZ,2010,90.01472,WHO,Eswatini
NER,2012,75.11288,WHO,Niger
KEN,1998,97.74002,WHO,Kenya
IND,2005,58.67248,WHO,India
MDV,2009,16.28912,WHO,Maldives
NGA,2013,70.69827,WHO,Nigeria
BGD,1993,103.4668,WHO,Bangladesh
IND,2015,39.066,WHO,India
IDN,1997,35.81417,WHO,Indonesia
PHL,2017,13.66726,WHO,Philippines
ETH,2005,54.74836,WHO,Ethiopia
SDN,2010,66.72415,WHO,Sudan
PRY,2008,,WHO,Paraguay
MRT,2007,,WHO,Mauritania
PHL,2013,19.06059,WHO,Philippines
GMB,2013,43.90624,WHO,Gambia
TCD,2010,,WHO,Chad
MRT,2007,,WHO,Mauritania
NIC,2001,36.34075,WHO,Nicaragua
ARG,2019,,WHO,Argentina
LSO,2009,97.18469,WHO,Lesotho
PER,2000,50.3431,WHO,Peru
CMR,1998,63.4889,WHO,Cameroon
ECU,1994,,WHO,Ecuador
DOM,1996,43.77962,WHO,Dominican Republic
ZAF,1998,35.83053,WHO,South Africa
ZWE,2019,45.7548,WHO,Zimbabwe
SEN,2010,56.17661,WHO,Senegal
HTI,2000,97.51692,WHO,Haiti
GHA,2011,38.30385,WHO,Ghana
NPL,2019,30.94135,WHO,Nepal
IDN,1994,70.55755,WHO,Indonesia
TCD,1996,127.29917,WHO,Chad
NGA,2011,,WHO,Nigeria
MNG,2010,,WHO,Mongolia
PER,2000,,WHO,Peru
BGD,2006,,WHO,Bangladesh
BEN,1996,60.50294,WHO,Benin
NGA,2016,72.86078,WHO,Nigeria
HTI,2016,46.14955,WHO,Haiti
MNG,2018,23.99083,WHO,Mongolia
SLE,2019,76.26214,WHO,Sierra Leone
PRY,2008,,WHO,Paraguay
SEN,2005,84.77283,WHO,Senegal
BLR,2019,,WHO,Belarus
GTM,2002,,WHO,Guatemala
STP,2019,12.28151,WHO,Sao Tome and Principe
GUY,2019,10.3002,WHO,Guyana
MNG,2013,25.57094,WHO,Mongolia
SLE,2010,,WHO,Sierra Leone
BLR,2019,,WHO,Belarus
NIC,2001,38.78956,WHO,Nicaragua
GIN,2018,61.59203,WHO,Guinea
MLI,2006,113.7224,WHO,Mali
SYR,2006,,WHO,Syria
EGY,2008,44.02803,WHO,Egypt
ZAF,2016,54.23306,WHO,South Africa
BGD,1999,93.44114,WHO,Bangladesh
HTI,2016,28.34865,WHO,Haiti
COD,2010,,WHO,Democratic Republic of Congo
MDG,2008,49.66954,WHO,Madagascar
MMR,2015,22.46977,WHO,Myanmar
BFA,2003,97.05713,WHO,Burkina Faso
HND,2005,36.92695,WHO,Honduras
KGZ,2005,,WHO,Kyrgyzstan
JOR,1997,26.69069,WHO,Jordan
NGA,2013,48.03666,WHO,Nigeria
MAR,2003,55.3655,WHO,Morocco
TZA,1999,,WHO,Tanzania
KAZ,2010,,WHO,Kazakhstan
CMR,2006,,WHO,Cameroon
TLS,2016,46.5855,WHO,East Timor
TUV,2019,19.9483,WHO,Tuvalu
PHL,2017,22.84398,WHO,Philippines
PER,2014,15.00283,WHO,Peru
ZAF,1998,52.15609,WHO,South Africa
MOZ,2003,134.89211,WHO,Mozambique
TZA,2004,,WHO,Tanzania
CPV,1998,,WHO,Cape Verde
CAF,1994,90.19513,WHO,Central African Republic
MNE,2005,,WHO,Montenegro
COM,2012,34.3997,WHO,Comoros
ZWE,2009,63.13741,WHO,Zimbabwe
MDV,2016,13.403,WHO,Maldives
VNM,2006,,WHO,Vietnam
TTO,2006,,WHO,Trinidad and Tobago
RWA,2014,28.89575,WHO,Rwanda
PNG,2016,55.39643,WHO,Papua New Guinea
IDN,1997,63.00667,WHO,Indonesia
BEN,1996,109.26231,WHO,Benin
GHA,2014,48.37704,WHO,Ghana
TZA,2004,,WHO,Tanzania
SOM,2006,0.09745,WHO,Somalia
VNM,2006,,WHO,Vietnam
RWA,2000,119.48347,WHO,Rwanda
MOZ,2015,23.21955,WHO,Mozambique
YEM,2013,60.56846,WHO,Yemen
TKM,2006,,WHO,Turkmenistan
NGA,2018,64.2914,WHO,Nigeria
ZWE,2009,66.1507,WHO,Zimbabwe
TZA,2004,115.90498,WHO,Tanzania
PER,2014,,WHO,Peru
BIH,2011,,WHO,Bosnia and Herzegovina
THA,2015,,WHO,Thailand
SEN,2018,33.38709,WHO,Senegal
BOL,1994,86.40107,WHO,Bolivia
KHM,2000,113.8535,WHO,Cambodia
GNB,2014,58.91102,WHO,Guinea-Bissau
IDN,2017,28.37518,WHO,Indonesia
COL,2010,18.75771,WHO,Colombia
MDG,2003,65.51415,WHO,Madagascar
NAM,2006,55.95383,WHO,Namibia
NIC,1992,,WHO,Nicaragua
PER,2013,22.83216,WHO,Peru
BIH,2011,,WHO,Bosnia and Herzegovina
IND,2005,71.45203,WHO,India
HTI,2005,58.4718,WHO,Haiti
KAZ,2015,,WHO,Kazakhstan
MDV,2016,20.29986,WHO,Maldives
TUR,1998,58.60976,WHO,Turkey
MWI,2006,69.28072,WHO,Malawi
HND,1991,,WHO,Honduras
HTI,1994,63.76974,WHO,Haiti
MLI,1995,98.66804,WHO,Mali
THA,2005,,WHO,Thailand
SEN,2015,48.61945,WHO,Senegal
PER,2008,34.20544,WHO,Peru
PHL,2008,34.48278,WHO,Philippines
NGA,2011,,WHO,Nigeria
RWA,2000,119.79747,WHO,Rwanda
SDN,2010,45.79593,WHO,Sudan
MLI,2001,173.77719,WHO,Mali
HND,2001,,WHO,Honduras
EGY,2005,21.71416,WHO,Egypt
JOR,1997,42.97091,WHO,Jordan
MOZ,2003,163.96568,WHO,Mozambique
PER,2007,,WHO,Peru
NER,1998,152.34525,WHO,Niger
BGD,2007,58.78759,WHO,Bangladesh
AFG,2015,34.58301,WHO,Afghanistan
HND,2011,24.38698,WHO,Honduras
RWA,2019,36.10221,WHO,Rwanda
PNG,2016,31.62121,WHO,Papua New Guinea
CIV,1994,82.62038,WHO,Cote d'Ivoire
KEN,2014,46.47772,WHO,Kenya
ZWE,1999,66.68622,WHO,Zimbabwe
MLI,2006,87.0765,WHO,Mali
TUR,2013,25.50432,WHO,Turkey
MNG,2005,,WHO,Mongolia
CIV,1994,131.40591,WHO,Cote d'Ivoire
LSO,2009,89.68596,WHO,Lesotho
BIH,2011,,WHO,Bosnia and Herzegovina
MWI,2010,65.62392,WHO,Malawi
ECU,1994,,WHO,Ecuador
LSO,2009,74.00748,WHO,Lesotho
TCD,2004,109.23596,WHO,Chad
TZA,2004,46.06388,WHO,Tanzania
CMR,2018,48.28539,WHO,Cameroon
IDN,2012,18.25146,WHO,Indonesia
BRB,2012,,WHO,Barbados
PER,2014,12.68278,WHO,Peru
CMR,2014,86.83502,WHO,Cameroon
MDA,2005,12.53909,WHO,Moldova
TZA,2010,55.96934,WHO,Tanzania
SEN,2019,31.83761,WHO,Senegal
BLZ,2015,12.09394,WHO,Belize
ZWE,2015,46.45832,WHO,Zimbabwe
MNE,2018,,WHO,Montenegro
BLR,2012,,WHO,Belarus
PER,2017,8.63234,WHO,Peru
KAZ,2010,,WHO,Kazakhstan
KGZ,2014,25.0335,WHO,Kyrgyzstan
LSO,2009,90.77965,WHO,Lesotho
PER,2012,11.55225,WHO,Peru
SEN,2017,48.68618,WHO,Senegal
SYR,2006,,WHO,Syria
PER,2010,,WHO,Peru
BLR,2005,,WHO,Belarus
CUB,2019,,WHO,Cuba
MOZ,1997,215.537,WHO,Mozambique
MWI,2013,47.86447,WHO,Malawi
TGO,2017,34.72252,WHO,Togo
PER,2007,,WHO,Peru
BTN,2010,,WHO,Bhutan
MDG,2018,41.65241,WHO,Madagascar
ALB,2002,,WHO,Albania
ZMB,1996,123.58894,WHO,Zambia
SEN,2010,52.57433,WHO,Senegal
MDA,2005,18.2366,WHO,Moldova
UZB,1996,41.46809,WHO,Uzbekistan
SRB,2005,,WHO,Serbia
ARM,2000,44.26092,WHO,Armenia
SEN,2014,25.3762,WHO,Senegal
MOZ,2003,142.17284,WHO,Mozambique
PER,2007,13.503,WHO,Peru
THA,2012,,WHO,Thailand
IDN,2017,25.84346,WHO,Indonesia
BTN,2010,,WHO,Bhutan
ETH,2019,36.83758,WHO,Ethiopia
SEN,2018,29.08488,WHO,Senegal
SLV,1998,,WHO,El Salvador
PHL,2008,28.50241,WHO,Philippines
HND,2001,,WHO,Honduras
NAM,2006,61.72701,WHO,Namibia
GUY,2019,,WHO,Guyana
NAM,2006,57.48058,WHO,Namibia
NPL,2006,51.68604,WHO,Nepal
ARM,2000,49.46827,WHO,Armenia
PER,2017,9.03411,WHO,Peru
CAF,2006,,WHO,Central African Republic
GHA,2003,44.90603,WHO,Ghana
NPL,1996,100.83987,WHO,Nepal
TLS,2009,72.45045,WHO,East Timor
EGY,2005,28.47798,WHO,Egypt
SEN,2010,54.38643,WHO,Senegal
COD,2013,76.33078,WHO,Democratic Republic of Congo
NGA,2003,52.05991,WHO,Nigeria
SLE,2017,60.4455,WHO,Sierra Leone
BFA,2006,,WHO,Burkina Faso
MDG,1997,69.77161,WHO,Madagascar
TGO,2017,47.78769,WHO,Togo
MOZ,2003,147.11868,WHO,Mozambique
SEN,2010,60.99226,WHO,Senegal
AFG,2010,,WHO,Afghanistan
VNM,2013,13.79006,WHO,Vietnam
CMR,2006,,WHO,Cameroon
IND,2015,23.32558,WHO,India
IDN,2007,38.52632,WHO,Indonesia
NPL,2016,38.7508,WHO,Nepal
QAT,2012,,WHO,Qatar
BOL,1994,90.75146,WHO,Bolivia
COM,2012,36.18784,WHO,Comoros
HND,2011,23.36376,WHO,Honduras
KAZ,1999,39.73355,WHO,Kazakhstan
MLI,2006,105.13219,WHO,Mali
IDN,2007,26.19088,WHO,Indonesia
AZE,2006,60.53336,WHO,Azerbaijan
BGD,2011,43.97447,WHO,Bangladesh
MWI,2015,54.32048,WHO,Malawi
CIV,1994,78.11537,WHO,Cote d'Ivoire
MWI,2000,117.13501,WHO,Malawi
TCD,2014,54.58234,WHO,Chad
ARM,2005,17.90062,WHO,Armenia
BOL,1994,48.20026,WHO,Bolivia
GHA,2008,76.64544,WHO,Ghana
JOR,2002,34.04013,WHO,Jordan
ZAF,2016,38.95578,WHO,South Africa
NPL,2006,39.89937,WHO,Nepal
KGZ,2012,32.63504,WHO,Kyrgyzstan
GHA,2008,57.94648,WHO,Ghana
IRQ,2018,20.43383,WHO,Iraq
CAF,2006,,WHO,Central African Republic
PER,2016,0,WHO,Peru
CAF,2010,,WHO,Central African Republic
SEN,2019,24.99206,WHO,Senegal
COD,2017,33.70727,WHO,Democratic Republic of Congo
GTM,2014,27.30527,WHO,Guatemala
BGD,2007,48.62867,WHO,Bangladesh
MNG,2010,,WHO,Mongolia
TUR,2013,22.44526,WHO,Turkey
PER,2020,12.38895,WHO,Peru
ARG,2011,,WHO,Argentina
ALB,2002,,WHO,Albania
IDN,1997,45.49474,WHO,Indonesia
MRT,2011,58.83376,WHO,Mauritania
HND,1996,,WHO,Honduras
VNM,2006,,WHO,Vietnam
ZWE,2010,69.68676,WHO,Zimbabwe
IDN,2017,19.92502,WHO,Indonesia
PER,2009,35.42188,WHO,Peru
MWI,2019,53.49109,WHO,Malawi
SRB,2010,,WHO,Serbia
PER,2008,27.11194,WHO,Peru
BLR,2019,,WHO,Belarus
TJK,2017,26.33766,WHO,Tajikistan
EGY,2000,37.28225,WHO,Egypt
LAO,2011,83.35712,WHO,Laos
PER,2000,,WHO,Peru
UZB,2006,,WHO,Uzbekistan
KGZ,2005,,WHO,Kyrgyzstan
BLR,2005,,WHO,Belarus
TGO,2010,,WHO,Togo
ARM,2015,,WHO,Armenia
TZA,2004,73.93933,WHO,Tanzania
AGO,2015,24.12877,WHO,Angola
YEM,2006,75.56519,WHO,Yemen
PER,2020,11.84356,WHO,Peru
MLI,1995,143.70901,WHO,Mali
PER,2007,49.71253,WHO,Peru
UGA,2006,98.93554,WHO,Uganda
BEN,2006,106.22781,WHO,Benin
PER,2011,23.16536,WHO,Peru
SRB,2010,,WHO,Serbia
SRB,2005,,WHO,Serbia
SUR,2010,,WHO,Suriname
RWA,2000,115.59274,WHO,Rwanda
MDG,2008,56.15276,WHO,Madagascar
NPL,2006,37.89436,WHO,Nepal
UGA,2016,50.11948,WHO,Uganda
SEN,2016,36.43766,WHO,Senegal
JOR,2017,10.21045,WHO,Jordan
VNM,2010,,WHO,Vietnam
EGY,2000,60.90258,WHO,Egypt
BEN,2011,40.90999,WHO,Benin
SEN,2016,34.35397,WHO,Senegal
BGD,1993,93.33957,WHO,Bangladesh
JOR,2007,30.38937,WHO,Jordan
COL,2015,51.27296,WHO,Colombia
HTI,2012,57.62608,WHO,Haiti
MDG,1997,112.41898,WHO,Madagascar
SEN,2018,40.33194,WHO,Senegal
DOM,2013,49.65844,WHO,Dominican Republic
SEN,2019,30.04616,WHO,Senegal
HTI,2000,88.36717,WHO,Haiti
MDG,2008,59.38081,WHO,Madagascar
ZWE,2010,59.25891,WHO,Zimbabwe
PAK,2017,76.80087,WHO,Pakistan
BEN,2011,33.81486,WHO,Benin
PER,2017,22.26274,WHO,Peru
CMR,2006,,WHO,Cameroon
TZA,2010,,WHO,Tanzania
TZA,2010,72.20005,WHO,Tanzania
TZA,2015,38.26431,WHO,Tanzania
TKM,2015,31.20782,WHO,Turkmenistan
GHA,2003,69.69849,WHO,Ghana
DOM,2007,,WHO,Dominican Republic
TZA,2004,77.93639,WHO,Tanzania
SEN,2018,45.13076,WHO,Senegal
TCD,2004,122.44634,WHO,Chad
SWZ,2006,64.68782,WHO,Eswatini
MWI,2013,72.18102,WHO,Malawi
SEN,2012,47.7613,WHO,Senegal
SEN,2015,13.53564,WHO,Senegal
SSD,2010,67.89191,WHO,South Sudan
ALB,2008,6.05442,WHO,Albania
ZAF,1998,50.50034,WHO,South Africa
IDN,2017,43.02596,WHO,Indonesia
GMB,2010,,WHO,Gambia
VNM,1997,40.64346,WHO,Vietnam
TGO,2017,32.10656,WHO,Togo
SUR,2006,,WHO,Suriname
TCD,2010,,WHO,Chad
HTI,2012,50.55936,WHO,Haiti
BEN,2011,39.23237,WHO,Benin
SEN,2017,47.59409,WHO,Senegal
ECU,1994,,WHO,Ecuador
BDI,2016,46.11596,WHO,Burundi
KHM,2014,32.77032,WHO,Cambodia
BGD,2019,29.26814,WHO,Bangladesh
GHA,1998,41.89831,WHO,Ghana
GHA,2003,55.91664,WHO,Ghana
MWI,2019,35.07595,WHO,Malawi
CIV,2011,82.23031,WHO,Cote d'Ivoire
JAM,2005,,WHO,Jamaica
JOR,2002,29.0754,WHO,Jordan
VNM,2006,,WHO,Vietnam
CIV,2016,71.04926,WHO,Cote d'Ivoire
TJK,2012,,WHO,Tajikistan
PER,2016,17.25226,WHO,Peru
EGY,2005,43.01616,WHO,Egypt
AGO,2015,62.44981,WHO,Angola
MLI,1995,147.87817,WHO,Mali
DZA,2012,18.86308,WHO,Algeria
BLZ,1991,,WHO,Belize
NGA,2008,107.00916,WHO,Nigeria
UGA,2016,56.32587,WHO,Uganda
GIN,2005,114.76755,WHO,Guinea
PER,2000,47.25133,WHO,Peru
ZMB,1996,129.13174,WHO,Zambia
MOZ,2003,63.41072,WHO,Mozambique
BLZ,2015,5.73227,WHO,Belize
PER,2018,18.03843,WHO,Peru
MOZ,1997,72.54556,WHO,Mozambique
ETH,2016,70.68097,WHO,Ethiopia
NGA,2008,82.29729,WHO,Nigeria
BOL,2003,91.70695,WHO,Bolivia
BGD,2004,65.95286,WHO,Bangladesh
PRY,1998,,WHO,Paraguay
KEN,2003,95.78968,WHO,Kenya
EGY,2005,38.84769,WHO,Egypt
NGA,2008,73.37627,WHO,Nigeria
EGY,2000,28.84491,WHO,Egypt
ZWE,2019,56.73547,WHO,Zimbabwe
COL,2015,13.83481,WHO,Colombia
IND,2005,57.65623,WHO,India
SEN,2018,34.03609,WHO,Senegal
KIR,2018,44.41689,WHO,Kiribati
RWA,2010,56.13824,WHO,Rwanda
CMR,2018,45.99276,WHO,Cameroon
SEN,1997,54.42197,WHO,Senegal
HTI,2012,65.07471,WHO,Haiti
ALB,2005,,WHO,Albania
MMR,2015,52.4777,WHO,Myanmar
ECU,2004,,WHO,Ecuador
SEN,2005,81.0797,WHO,Senegal
MLI,1995,105.65428,WHO,Mali
TCD,2004,121.35079,WHO,Chad
UGA,1995,109.01122,WHO,Uganda
MDA,1997,,WHO,Moldova
GTM,2014,24.815,WHO,Guatemala
CAF,2018,62.52343,WHO,Central African Republic
PHL,1998,31.40062,WHO,Philippines
GEO,2018,,WHO,Georgia
SLV,2002,,WHO,El Salvador
LAO,2017,49.90539,WHO,Laos
GIN,1999,60.56511,WHO,Guinea
HND,1991,,WHO,Honduras
KHM,2010,63.99395,WHO,Cambodia
CAF,2006,,WHO,Central African Republic
GIN,2005,68.03312,WHO,Guinea
ZWE,1999,53.38263,WHO,Zimbabwe
PER,2000,11.03844,WHO,Peru
MLI,1995,156.84299,WHO,Mali
GUY,2014,,WHO,Guyana
PHL,2003,25.0462,WHO,Philippines
PER,2012,15.16681,WHO,Peru
EGY,2005,32.65483,WHO,Egypt
JOR,2002,25.34052,WHO,Jordan
WSM,2019,15.49398,WHO,Samoa
HND,2005,27.14806,WHO,Honduras
GAB,2000,72.72861,WHO,Gabon
MNG,2010,,WHO,Mongolia
BEN,2011,52.99429,WHO,Benin
CUB,2014,,WHO,Cuba
TGO,2010,,WHO,Togo
TJK,2005,,WHO,Tajikistan
BEN,2006,52.1303,WHO,Benin
BLR,2019,,WHO,Belarus
TLS,2016,23.58141,WHO,East Timor
NPL,2010,,WHO,Nepal
PRY,1998,,WHO,Paraguay
BOL,2003,51.84148,WHO,Bolivia
NPL,2010,,WHO,Nepal
BGD,2014,55.65163,WHO,Bangladesh
SLE,2008,75.98434,WHO,Sierra Leone
HTI,2005,53.02599,WHO,Haiti
IND,1998,71.0907,WHO,India
BFA,2006,,WHO,Burkina Faso
HND,2001,,WHO,Honduras
GUY,2019,18.85888,WHO,Guyana
DZA,2012,32.77722,WHO,Algeria
CUB,2010,,WHO,Cuba
PER,2010,18.01344,WHO,Peru
ALB,2017,12.02456,WHO,Albania
IDN,2002,51.9702,WHO,Indonesia
NAM,2000,60.91461,WHO,Namibia
ZAF,2016,23.37313,WHO,South Africa
MOZ,2011,73.26582,WHO,Mozambique
PER,2010,18.40254,WHO,Peru
MWI,2013,56.00944,WHO,Malawi
HND,1996,,WHO,Honduras
TGO,2017,37.90114,WHO,Togo
PER,2010,26.6338,WHO,Peru
COD,2013,61.79034,WHO,Democratic Republic of Congo
ZMB,2018,41.49965,WHO,Zambia
BRB,2012,,WHO,Barbados
HTI,2000,67.23604,WHO,Haiti
GTM,2002,,WHO,Guatemala
PRY,2008,,WHO,Paraguay
MDG,1997,120.91924,WHO,Madagascar
EGY,2014,15.04572,WHO,Egypt
KHM,2005,87.08359,WHO,Cambodia
PER,2016,0,WHO,Peru
GMB,2005,,WHO,Gambia
YEM,2006,,WHO,Yemen
GMB,2019,42.82427,WHO,Gambia
HND,1991,,WHO,Honduras
GTM,2014,31.03975,WHO,Guatemala
PHL,2008,40.1234,WHO,Philippines
WSM,2019,16.37764,WHO,Samoa
NAM,2006,39.91858,WHO,Namibia
BRA,1996,54.84603,WHO,Brazil
MWI,2010,68.04154,WHO,Malawi
GMB,2018,51.36111,WHO,Gambia
CUB,2019,,WHO,Cuba
SSD,2010,96.62518,WHO,South Sudan
HND,2011,31.87605,WHO,Honduras
TTO,2006,,WHO,Trinidad and Tobago
SEN,1997,85.24594,WHO,Senegal
BDI,2010,41.68692,WHO,Burundi
PRY,2016,,WHO,Paraguay
PHL,2017,30.64936,WHO,Philippines
PER,2005,16.87586,WHO,Peru
TUV,2019,,WHO,Tuvalu
MOZ,2011,82.13645,WHO,Mozambique
MWI,2013,50.94316,WHO,Malawi
GMB,2010,,WHO,Gambia
CIV,1998,130.28642,WHO,Cote d'Ivoire
UGA,2006,82.87049,WHO,Uganda
SLV,2008,,WHO,El Salvador
CMR,2006,,WHO,Cameroon
AFG,2015,69.17506,WHO,Afghanistan
MAR,2003,24.03934,WHO,Morocco
BGD,2006,,WHO,Bangladesh
SLV,1993,,WHO,El Salvador
CMR,2011,47.93133,WHO,Cameroon
KHM,2010,12.90658,WHO,Cambodia
PAK,2017,50.72472,WHO,Pakistan
IDN,2002,14.08852,WHO,Indonesia
SLE,2010,,WHO,Sierra Leone
TKM,2015,28.833,WHO,Turkmenistan
BFA,2003,77.98098,WHO,Burkina Faso
AFG,2015,,WHO,Afghanistan
PER,2018,13.48143,WHO,Peru
CAF,1994,100.20097,WHO,Central African Republic
GHA,1998,50.35956,WHO,Ghana
BEN,2011,50.67283,WHO,Benin
SLE,2013,104.64575,WHO,Sierra Leone
KEN,1998,69.84381,WHO,Kenya
SEN,1997,41.32551,WHO,Senegal
ARM,2015,9.57366,WHO,Armenia
TGO,1998,79.04928,WHO,Togo
PER,2008,29.46388,WHO,Peru
ZWE,2010,49.30159,WHO,Zimbabwe
GEO,2018,,WHO,Georgia
CUB,2010,,WHO,Cuba
SWZ,2014,61.57246,WHO,Eswatini
KAZ,2006,,WHO,Kazakhstan
DOM,2014,30.42501,WHO,Dominican Republic
PHL,1998,31.24565,WHO,Philippines
IDN,2007,57.90523,WHO,Indonesia
TCD,2019,,WHO,Chad
PAK,2017,72.52586,WHO,Pakistan
NGA,2003,93.01824,WHO,Nigeria
ARG,2019,,WHO,Argentina
PER,2011,15.66245,WHO,Peru
TUR,1993,26.1015,WHO,Turkey
KGZ,2018,18.76677,WHO,Kyrgyzstan
JAM,2011,,WHO,Jamaica
BGD,2014,44.4638,WHO,Bangladesh
IDN,2017,,WHO,Indonesia
ZMB,2001,56.70347,WHO,Zambia
SEN,2010,58.84274,WHO,Senegal
GHA,1993,71.62211,WHO,Ghana
PRY,2004,,WHO,Paraguay
MNG,2013,37.93437,WHO,Mongolia
PER,2018,19.51166,WHO,Peru
UGA,1995,107.51578,WHO,Uganda
IRQ,2011,29.45019,WHO,Iraq
IDN,2007,72.92886,WHO,Indonesia
TGO,2010,,WHO,Togo
GHA,2008,66.20021,WHO,Ghana
KEN,2014,50.08551,WHO,Kenya
NGA,2016,62.53936,WHO,Nigeria
SEN,2016,28.64272,WHO,Senegal
NAM,2006,49.06249,WHO,Namibia
CMR,2004,83.12978,WHO,Cameroon
PHL,2008,38.83311,WHO,Philippines
KGZ,2005,,WHO,Kyrgyzstan
UGA,2016,39.27781,WHO,Uganda
SEN,2014,48.95462,WHO,Senegal
COD,2013,63.44727,WHO,Democratic Republic of Congo
CUB,2010,,WHO,Cuba
BEN,2011,34.89845,WHO,Benin
GUY,2019,,WHO,Guyana
BEN,1996,108.41679,WHO,Benin
ARG,2019,,WHO,Argentina
NER,2012,71.73034,WHO,Niger
PHL,1993,20.95545,WHO,Philippines
MLI,1995,134.15567,WHO,Mali
EGY,2014,23.29199,WHO,Egypt
SWZ,2014,83.06371,WHO,Eswatini
WSM,2019,15.49398,WHO,Samoa
BGD,1996,81.23575,WHO,Bangladesh
HND,2019,21.85786,WHO,Honduras
HND,2019,16.67483,WHO,Honduras
KEN,2014,39.7407,WHO,Kenya
ZMB,1996,157.77107,WHO,Zambia
COG,2005,96.85703,WHO,Congo
NGA,1999,79.35873,WHO,Nigeria
COL,1995,29.77833,WHO,Colombia
EGY,2000,35.94706,WHO,Egypt
NGA,2003,120.25607,WHO,Nigeria
AZE,2006,51.55063,WHO,Azerbaijan
BIH,2011,,WHO,Bosnia and Herzegovina
LAO,2011,40.35309,WHO,Laos
PAK,2017,76.26051,WHO,Pakistan
SDN,2010,39.31205,WHO,Sudan
BFA,2010,77.51536,WHO,Burkina Faso
PER,2009,35.20738,WHO,Peru
MNG,2018,12.78052,WHO,Mongolia
ECU,1994,,WHO,Ecuador
NGA,2013,85.58401,WHO,Nigeria
RWA,2000,113.89415,WHO,Rwanda
HND,2005,39.02522,WHO,Honduras
UGA,2016,45.87373,WHO,Uganda
THA,2015,,WHO,Thailand
NER,2006,96.71404,WHO,Niger
NIC,1992,,WHO,Nicaragua
NGA,2016,52.77072,WHO,Nigeria
BEN,1996,102.33872,WHO,Benin
PHL,2008,13.20967,WHO,Philippines
ZWE,2005,40.45793,WHO,Zimbabwe
COD,2013,69.72969,WHO,Democratic Republic of Congo
SEN,2016,44.64884,WHO,Senegal
KGZ,1997,67.53658,WHO,Kyrgyzstan
GIN,2012,66.74909,WHO,Guinea
EGY,2000,54.9654,WHO,Egypt
ZWE,2009,73.23822,WHO,Zimbabwe
BGD,2004,67.36127,WHO,Bangladesh
BEN,2014,46.15462,WHO,Benin
UKR,2005,,WHO,Ukraine
GEO,2018,,WHO,Georgia
CRI,1992,,WHO,Costa Rica
TLS,2016,32.42177,WHO,East Timor
SRB,2010,,WHO,Serbia
BGD,2004,80.19359,WHO,Bangladesh
KEN,1998,50.29538,WHO,Kenya
SUR,2010,,WHO,Suriname
PHL,2008,22.72521,WHO,Philippines
NGA,2013,51.99717,WHO,Nigeria
MNG,2005,,WHO,Mongolia
GHA,2011,64.96016,WHO,Ghana
ZMB,1996,91.71487,WHO,Zambia
ZMB,2001,93.14355,WHO,Zambia
GMB,2013,51.5843,WHO,Gambia
AZE,2006,52.05904,WHO,Azerbaijan
MOZ,2003,149.13408,WHO,Mozambique
PER,2015,22.69781,WHO,Peru
GNB,2018,35.2425,WHO,Guinea-Bissau
TKM,2019,,WHO,Turkmenistan
TLS,2016,25.81916,WHO,East Timor
HND,1991,,WHO,Honduras
NGA,2011,,WHO,Nigeria
KAZ,2006,,WHO,Kazakhstan
GUY,2014,29.74109,WHO,Guyana
PER,2010,14.30341,WHO,Peru
SLE,2019,83.17448,WHO,Sierra Leone
HTI,1994,81.68896,WHO,Haiti
AFG,2015,52.60529,WHO,Afghanistan
SEN,2016,31.12563,WHO,Senegal
TCD,2004,128.09433,WHO,Chad
IDN,1994,82.94437,WHO,Indonesia
GHA,2017,31.96586,WHO,Ghana
NPL,2014,,WHO,Nepal
KAZ,1999,25.23353,WHO,Kazakhstan
PHL,2017,32.75499,WHO,Philippines
ARM,2015,1.79936,WHO,Armenia
ZWE,1994,85.9959,WHO,Zimbabwe
CMR,2004,51.1922,WHO,Cameroon
MKD,2011,,WHO,North Macedonia
TZA,2010,64.59434,WHO,Tanzania
CMR,2014,58.33245,WHO,Cameroon
BGD,2012,,WHO,Bangladesh
NIC,2001,46.5283,WHO,Nicaragua
MOZ,2008,115.06759,WHO,Mozambique
NAM,2006,48.30984,WHO,Namibia
KHM,2010,50.0322,WHO,Cambodia
TZA,2004,47.57446,WHO,Tanzania
PHL,2013,23.22478,WHO,Philippines
TUR,1998,40.71916,WHO,Turkey
NPL,2006,76.32713,WHO,Nepal
GUY,2009,44.07744,WHO,Guyana
TCD,1996,,WHO,Chad
BEN,2001,49.99811,WHO,Benin
PRY,1998,,WHO,Paraguay
MDA,2005,8.81516,WHO,Moldova
COD,2010,,WHO,Democratic Republic of Congo
MDA,2012,14.62865,WHO,Moldova
MKD,2005,,WHO,North Macedonia
IND,2005,17.70004,WHO,India
SEN,2012,46.08706,WHO,Senegal
NGA,2007,,WHO,Nigeria
BGD,2019,41.59993,WHO,Bangladesh
BGD,2012,,WHO,Bangladesh
TON,2019,,WHO,Tonga
RWA,2014,51.22852,WHO,Rwanda
GAB,2012,42.62178,WHO,Gabon
SEN,2015,62.24833,WHO,Senegal
ALB,2017,3.71342,WHO,Albania
BEN,1996,103.99705,WHO,Benin
UGA,2000,93.66134,WHO,Uganda
IDN,2007,38.50703,WHO,Indonesia
COL,2015,10.4434,WHO,Colombia
HND,2011,34.97237,WHO,Honduras
MDV,2009,19.03509,WHO,Maldives
PER,2015,18.8727,WHO,Peru
SRB,2005,,WHO,Serbia
PER,2000,70.49236,WHO,Peru
BGD,1996,94.99145,WHO,Bangladesh
COD,2013,57.74995,WHO,Democratic Republic of Congo
PHL,1993,28.84584,WHO,Philippines
MOZ,1997,143.91867,WHO,Mozambique
SUR,2006,,WHO,Suriname
MWI,2006,81.13673,WHO,Malawi
TGO,1998,65.83731,WHO,Togo
MNG,2018,12.81339,WHO,Mongolia
KGZ,2012,36.03214,WHO,Kyrgyzstan
CMR,2018,32.35275,WHO,Cameroon
CUB,2010,,WHO,Cuba
THA,2015,,WHO,Thailand
MNG,2018,11.29204,WHO,Mongolia
BGD,1999,126.88348,WHO,Bangladesh
GUY,2014,24.05977,WHO,Guyana
BIH,2006,,WHO,Bosnia and Herzegovina
COG,2014,54.84516,WHO,Congo
CIV,1994,98.8201,WHO,Cote d'Ivoire
BEN,1996,100.59781,WHO,Benin
HND,2001,,WHO,Honduras
ETH,2016,,WHO,Ethiopia
STP,2014,31.98455,WHO,Sao Tome and Principe
VNM,2010,,WHO,Vietnam
ETH,2011,91.12379,WHO,Ethiopia
ZWE,2009,0.05991,WHO,Zimbabwe
TGO,1998,77.7691,WHO,Togo
TGO,1998,80.73808,WHO,Togo
AFG,2015,87.49957,WHO,Afghanistan
CPV,1998,,WHO,Cape Verde
BEN,2017,28.10441,WHO,Benin
CMR,2006,,WHO,Cameroon
EGY,2008,34.94024,WHO,Egypt
SEN,2010,31.28595,WHO,Senegal
ALB,2017,10.5936,WHO,Albania
GIN,2018,32.271,WHO,Guinea
PER,2010,19.84259,WHO,Peru
MDA,1997,,WHO,Moldova
TCD,2019,69.02212,WHO,Chad
MLI,2006,133.0229,WHO,Mali
PER,2015,13.06169,WHO,Peru
NGA,1999,55.68317,WHO,Nigeria
TGO,2010,,WHO,Togo
ARM,2010,16.88723,WHO,Armenia
SUR,2018,13.44513,WHO,Suriname
BLR,2005,,WHO,Belarus
UKR,2007,18.29703,WHO,Ukraine
PER,2007,16.83797,WHO,Peru
UZB,1996,36.69273,WHO,Uzbekistan
NGA,2016,82.45802,WHO,Nigeria
SDN,2010,44.66637,WHO,Sudan
ZWE,2009,57.45178,WHO,Zimbabwe
PER,1996,38.76108,WHO,Peru
MWI,2013,49.75933,WHO,Malawi
TZA,2010,57.11029,WHO,Tanzania
NGA,2013,92.04517,WHO,Nigeria
PER,2011,20.5664,WHO,Peru
IND,1998,95.27512,WHO,India
BLZ,2006,,WHO,Belize
ZAF,2016,26.19497,WHO,South Africa
GUY,2009,41.9287,WHO,Guyana
GNB,2014,63.11512,WHO,Guinea-Bissau
BRB,2012,,WHO,Barbados
LSO,2009,91.38144,WHO,Lesotho
BEN,2001,84.15949,WHO,Benin
GEO,2018,,WHO,Georgia
GHA,2006,,WHO,Ghana
TUR,2003,21.8866,WHO,Turkey
HND,1996,,WHO,Honduras
CAF,2010,,WHO,Central African Republic
COD,2013,72.36276,WHO,Democratic Republic of Congo
LAO,2017,28.44285,WHO,Laos
PER,2014,24.79297,WHO,Peru
COM,1996,85.98309,WHO,Comoros
KGZ,2012,23.01117,WHO,Kyrgyzstan
KEN,1993,66.31263,WHO,Kenya
NGA,2011,,WHO,Nigeria
NPL,2014,25.38937,WHO,Nepal
TCD,2014,78.27794,WHO,Chad
MDA,2005,16.48176,WHO,Moldova
UGA,2016,45.10389,WHO,Uganda
IDN,2012,47.82369,WHO,Indonesia
DOM,2014,30.26525,WHO,Dominican Republic
BEN,2006,59.15795,WHO,Benin
NPL,2001,34.29626,WHO,Nepal
TUV,2019,,WHO,Tuvalu
GNB,2018,24.53674,WHO,Guinea-Bissau
BDI,2010,95.07332,WHO,Burundi
GMB,2010,,WHO,Gambia
PRY,2016,13.78463,WHO,Paraguay
BEN,2006,78.80424,WHO,Benin
VUT,2007,,WHO,Vanuatu
IDN,2017,25.88726,WHO,Indonesia
TJK,2012,42.04383,WHO,Tajikistan
PER,2014,,WHO,Peru
SOM,2006,92.48449,WHO,Somalia
TUR,2003,24.87948,WHO,Turkey
TZA,2004,63.78548,WHO,Tanzania
IDN,1994,,WHO,Indonesia
AGO,2015,56.95292,WHO,Angola
DOM,2014,41.6729,WHO,Dominican Republic
SLV,2002,,WHO,El Salvador
KGZ,2014,36.6027,WHO,Kyrgyzstan
KGZ,2012,30.54944,WHO,Kyrgyzstan
JOR,2007,21.06908,WHO,Jordan
LBR,2019,68.82416,WHO,Liberia
LBR,2013,62.40098,WHO,Liberia
TZA,1996,128.38153,WHO,Tanzania
ZWE,2019,50.59964,WHO,Zimbabwe
DZA,2012,15.91699,WHO,Algeria
BDI,2016,47.77234,WHO,Burundi
KEN,2014,39.64325,WHO,Kenya
MMR,2015,87.28577,WHO,Myanmar
IND,2015,20.05539,WHO,India
ECU,1994,,WHO,Ecuador
MKD,2018,,WHO,North Macedonia
COD,2013,72.25037,WHO,Democratic Republic of Congo
CMR,2014,92.6689,WHO,Cameroon
RWA,2014,50.15898,WHO,Rwanda
TJK,2005,,WHO,Tajikistan
MDG,2018,40.48613,WHO,Madagascar
PER,2008,26.77135,WHO,Peru
BIH,2011,,WHO,Bosnia and Herzegovina
SSD,2010,63.54286,WHO,South Sudan
TLS,2009,67.85632,WHO,East Timor
IDN,2017,27.65738,WHO,Indonesia
BLZ,1991,,WHO,Belize
MLI,2015,40.69873,WHO,Mali
PER,2004,18.56262,WHO,Peru
KEN,1998,95.74058,WHO,Kenya
GMB,2005,,WHO,Gambia
COD,2017,37.50417,WHO,Democratic Republic of Congo
DOM,2007,28.65414,WHO,Dominican Republic
RWA,2005,110.81802,WHO,Rwanda
GHA,1993,58.42606,WHO,Ghana
PER,2005,40.06536,WHO,Peru
UKR,2005,,WHO,Ukraine
ALB,2008,3.14937,WHO,Albania
STP,2019,14.67271,WHO,Sao Tome and Principe
TCD,2004,115.75597,WHO,Chad
HND,2005,31.50755,WHO,Honduras
BOL,2003,82.30833,WHO,Bolivia
SUR,2018,17.57849,WHO,Suriname
PER,2012,12.97844,WHO,Peru
DOM,2002,41.1777,WHO,Dominican Republic
TZA,2004,100.03735,WHO,Tanzania
PNG,2016,34.45049,WHO,Papua New Guinea
NGA,2003,123.01265,WHO,Nigeria
ETH,2005,82.809,WHO,Ethiopia
AGO,2015,47.58268,WHO,Angola
KEN,2008,32.40054,WHO,Kenya
ZMB,2001,100.46342,WHO,Zambia
TUR,2003,62.70827,WHO,Turkey
KAZ,1999,27.16193,WHO,Kazakhstan
BGD,2007,35.81226,WHO,Bangladesh
PHL,2013,21.81008,WHO,Philippines
BEN,2011,52.33929,WHO,Benin
COG,2011,51.85103,WHO,Congo
MKD,2011,,WHO,North Macedonia
GHA,1993,77.46342,WHO,Ghana
IRQ,2018,25.47013,WHO,Iraq
GMB,2005,,WHO,Gambia
NIC,1992,,WHO,Nicaragua
MRT,2011,60.10755,WHO,Mauritania
CAF,1994,64.21623,WHO,Central African Republic
ZMB,2013,41.61343,WHO,Zambia
SRB,2014,,WHO,Serbia
TCD,2010,,WHO,Chad
BOL,2008,,WHO,Bolivia
ZWE,1999,63.06807,WHO,Zimbabwe
UGA,2006,101.28296,WHO,Uganda
GTM,2002,,WHO,Guatemala
DOM,2007,40.03055,WHO,Dominican Republic
COG,2005,52.79404,WHO,Congo
NER,2012,41.66767,WHO,Niger
SLE,2008,108.67911,WHO,Sierra Leone
KEN,2014,36.17912,WHO,Kenya
PRY,2016,8.5114,WHO,Paraguay
IDN,2002,42.85113,WHO,Indonesia
GAB,2012,48.44984,WHO,Gabon
UZB,1996,35.95232,WHO,Uzbekistan
STP,2019,23.7109,WHO,Sao Tome and Principe
PAK,2006,105.74548,WHO,Pakistan
TTO,2011,,WHO,Trinidad and Tobago
BEN,2017,62.17609,WHO,Benin
ARM,2010,19.83805,WHO,Armenia
RWA,2019,45.09687,WHO,Rwanda
COL,2015,5.36077,WHO,Colombia
GIN,2012,40.58836,WHO,Guinea
PER,2008,14.03883,WHO,Peru
ECU,1994,,WHO,Ecuador
TJK,2005,,WHO,Tajikistan
CIV,1994,99.733,WHO,Cote d'Ivoire
HND,1996,,WHO,Honduras
AFG,2010,,WHO,Afghanistan
GMB,2019,42.68996,WHO,Gambia
CMR,2006,,WHO,Cameroon
SLV,2008,,WHO,El Salvador
ALB,2008,7.83082,WHO,Albania
PER,1996,19.51873,WHO,Peru
KGZ,2012,16.12565,WHO,Kyrgyzstan
MNE,2018,,WHO,Montenegro
SWZ,2014,67.41492,WHO,Eswatini
KEN,1998,40.02327,WHO,Kenya
MWI,2015,43.41227,WHO,Malawi
TUR,2003,35.2607,WHO,Turkey
TLS,2009,70.44433,WHO,East Timor
DOM,2002,36.68934,WHO,Dominican Republic
IDN,2012,49.48663,WHO,Indonesia
IND,2015,23.79462,WHO,India
CIV,1998,123.85802,WHO,Cote d'Ivoire
TCD,2019,68.96111,WHO,Chad
IND,2015,42.78405,WHO,India
MOZ,1997,152.96893,WHO,Mozambique
TZA,1999,115.36633,WHO,Tanzania
BGD,2017,32.28104,WHO,Bangladesh
YEM,2013,34.50124,WHO,Yemen
BFA,1998,110.00293,WHO,Burkina Faso
SOM,2006,85.60503,WHO,Somalia
MNG,2013,18.7484,WHO,Mongolia
NAM,2006,26.08955,WHO,Namibia
CMR,2004,114.83207,WHO,Cameroon
GHA,1993,55.91722,WHO,Ghana
KEN,2003,69.09496,WHO,Kenya
MLI,2015,36.69417,WHO,Mali
BLR,2005,,WHO,Belarus
CRI,2011,,WHO,Costa Rica
MLI,2018,,WHO,Mali
SRB,2019,,WHO,Serbia
MDG,2018,63.04794,WHO,Madagascar
GEO,2018,,WHO,Georgia
GIN,1999,64.3619,WHO,Guinea
THA,2019,,WHO,Thailand
IRQ,2006,39.57767,WHO,Iraq
RWA,2005,111.04459,WHO,Rwanda
TLS,2016,26.6334,WHO,East Timor
NGA,2011,,WHO,Nigeria
SEN,2012,46.56899,WHO,Senegal
MNG,2010,,WHO,Mongolia
SUR,2010,,WHO,Suriname
YEM,2013,31.47755,WHO,Yemen
PER,1996,,WHO,Peru
EGY,2014,41.01212,WHO,Egypt
CAF,2010,,WHO,Central African Republic
BEN,2017,68.67796,WHO,Benin
MWI,2006,62.68077,WHO,Malawi
COL,2015,17.95947,WHO,Colombia
EGY,2014,19.30514,WHO,Egypt
SLV,2008,,WHO,El Salvador
MDV,2009,24.32459,WHO,Maldives
KGZ,2012,40.08614,WHO,Kyrgyzstan
GUY,2019,10.81838,WHO,Guyana
TUN,2011,14.68632,WHO,Tunisia
GUY,2014,,WHO,Guyana
CIV,2006,,WHO,Cote d'Ivoire
ZWE,1999,63.86003,WHO,Zimbabwe
JAM,2005,,WHO,Jamaica
TCD,2010,,WHO,Chad
BLR,2012,,WHO,Belarus
BIH,2006,,WHO,Bosnia and Herzegovina
MLI,2009,,WHO,Mali
GAB,2012,41.41436,WHO,Gabon
NPL,2001,84.58579,WHO,Nepal
NPL,1996,95.28756,WHO,Nepal
KEN,1998,96.619,WHO,Kenya
SOM,2006,91.14468,WHO,Somalia
MWI,2010,77.61475,WHO,Malawi
URY,2012,,WHO,Uruguay
NPL,2019,31.81449,WHO,Nepal
GUY,2006,,WHO,Guyana
MNG,2005,,WHO,Mongolia
JOR,2002,28.72187,WHO,Jordan
KGZ,2012,21.42856,WHO,Kyrgyzstan
SLV,2002,,WHO,El Salvador
MWI,2004,104.75128,WHO,Malawi
ARM,2005,29.2789,WHO,Armenia
PER,2020,14.20905,WHO,Peru
DOM,2002,52.4845,WHO,Dominican Republic
BEN,2006,74.87389,WHO,Benin
TCD,2010,,WHO,Chad
KHM,2014,62.25209,WHO,Cambodia
UGA,2016,49.60369,WHO,Uganda
GTM,2014,41.40237,WHO,Guatemala
CUB,2019,,WHO,Cuba
AGO,2015,42.50863,WHO,Angola
COL,2010,18.82561,WHO,Colombia
SUR,2018,0.00941,WHO,Suriname
TCD,2004,129.97287,WHO,Chad
HTI,2000,74.39977,WHO,Haiti
UKR,2007,16.64279,WHO,Ukraine
TZA,1999,106.78124,WHO,Tanzania
TCD,2019,69.68295,WHO,Chad
PHL,2013,33.10132,WHO,Philippines
PER,2019,11.41073,WHO,Peru
PAN,2013,,WHO,Panama
TZA,2015,51.12929,WHO,Tanzania
MOZ,2011,89.73463,WHO,Mozambique
COD,2010,,WHO,Democratic Republic of Congo
MOZ,2008,100.52246,WHO,Mozambique
MNE,2013,,WHO,Montenegro
CUB,2006,,WHO,Cuba
TCD,1996,98.11163,WHO,Chad
WSM,2019,16.55477,WHO,Samoa
PER,2010,25.06113,WHO,Peru
ARM,2015,6.61866,WHO,Armenia
GIN,2005,127.2209,WHO,Guinea
JOR,2012,19.12487,WHO,Jordan
MLI,2015,0.06888,WHO,Mali
NGA,2018,85.01488,WHO,Nigeria
GHA,1993,83.28646,WHO,Ghana
BFA,2006,,WHO,Burkina Faso
MNE,2013,,WHO,Montenegro
CAF,2010,,WHO,Central African Republic
KGZ,1997,54.34527,WHO,Kyrgyzstan
ZWE,1994,50.56785,WHO,Zimbabwe
DOM,1996,67.39954,WHO,Dominican Republic
KHM,2014,22.33759,WHO,Cambodia
ARM,2015,7.25939,WHO,Armenia
MWI,2010,65.1903,WHO,Malawi
MNE,2018,,WHO,Montenegro
HND,1996,,WHO,Honduras
PRY,2016,,WHO,Paraguay
SLE,2005,,WHO,Sierra Leone
SLE,2008,105.4127,WHO,Sierra Leone
SDN,2014,54.72617,WHO,Sudan
MLI,2001,159.29398,WHO,Mali
EGY,2014,36.23688,WHO,Egypt
SEN,2015,37.0283,WHO,Senegal
MDG,2008,33.29222,WHO,Madagascar
ZWE,1994,43.33609,WHO,Zimbabwe
THA,2005,,WHO,Thailand
MLI,2009,,WHO,Mali
PHL,2008,30.85148,WHO,Philippines
YEM,2013,28.62667,WHO,Yemen
BFA,2006,,WHO,Burkina Faso
KEN,2014,40.04694,WHO,Kenya
COL,2000,25.80675,WHO,Colombia
EGY,2000,43.021,WHO,Egypt
KAZ,2006,,WHO,Kazakhstan
PAK,2006,70.80217,WHO,Pakistan
BLR,2012,,WHO,Belarus
SUR,2010,,WHO,Suriname
TKM,2006,,WHO,Turkmenistan
IND,2005,79.82252,WHO,India
SLV,2008,,WHO,El Salvador
MLI,2015,55.37044,WHO,Mali
MNG,2010,,WHO,Mongolia
PER,2019,14.32067,WHO,Peru
IDN,2012,31.66996,WHO,Indonesia
SLV,2008,,WHO,El Salvador
PER,2007,45.87435,WHO,Peru
KEN,2014,43.82073,WHO,Kenya
HND,1991,,WHO,Honduras
PER,2006,42.17208,WHO,Peru
SRB,2014,,WHO,Serbia
PER,2000,48.50886,WHO,Peru
JOR,2012,17.31411,WHO,Jordan
ZWE,2019,68.17088,WHO,Zimbabwe
CUB,2019,,WHO,Cuba
GTM,2008,,WHO,Guatemala
LAO,2006,,WHO,Laos
SSD,2010,68.6986,WHO,South Sudan
IND,2005,82.26855,WHO,India
SLV,2014,32.82381,WHO,El Salvador
SLE,2010,,WHO,Sierra Leone
BLR,2012,,WHO,Belarus
TON,2019,28.03753,WHO,Tonga
HND,2005,36.89351,WHO,Honduras
MOZ,1997,80.19923,WHO,Mozambique
TCD,2014,79.64619,WHO,Chad
HND,2011,17.60184,WHO,Honduras
VNM,2006,,WHO,Vietnam
BTN,2010,,WHO,Bhutan
NGA,2003,131.00543,WHO,Nigeria
AFG,2010,,WHO,Afghanistan
THA,2019,,WHO,Thailand
PRY,2008,,WHO,Paraguay
DOM,1999,,WHO,Dominican Republic
TZA,1996,100.46484,WHO,Tanzania
LBR,2007,85.48738,WHO,Liberia
UKR,1999,,WHO,Ukraine
TUN,2018,15.55369,WHO,Tunisia
MRT,2015,31.37269,WHO,Mauritania
GHA,2014,40.80206,WHO,Ghana
EGY,2000,58.81173,WHO,Egypt
TZA,2010,61.30052,WHO,Tanzania
BEN,2017,65.75211,WHO,Benin
GMB,2010,,WHO,Gambia
MOZ,2003,50.98389,WHO,Mozambique
SLV,2014,17.59559,WHO,El Salvador
BFA,2006,,WHO,Burkina Faso
ZWE,2005,47.84621,WHO,Zimbabwe
TUR,2013,13.84713,WHO,Turkey
PRY,2016,15.38262,WHO,Paraguay
ZWE,2015,70.78337,WHO,Zimbabwe
BEN,2017,56.95824,WHO,Benin
PER,1996,56.54318,WHO,Peru
MLI,2015,39.58621,WHO,Mali
COM,2012,45.0347,WHO,Comoros
NPL,2014,33.5025,WHO,Nepal
ZAF,2016,50.25124,WHO,South Africa
IND,2005,85.0526,WHO,India
NGA,2007,,WHO,Nigeria
DJI,2006,,WHO,Djibouti
MNE,2013,,WHO,Montenegro
GMB,2005,,WHO,Gambia
GNB,2014,56.21706,WHO,Guinea-Bissau
GMB,2019,47.24108,WHO,Gambia
BEN,2014,68.61348,WHO,Benin
CMR,2014,81.43885,WHO,Cameroon
SLE,2017,69.40932,WHO,Sierra Leone
IND,1998,95.35593,WHO,India
COL,2010,17.95667,WHO,Colombia
UGA,1995,90.38299,WHO,Uganda
MNE,2018,,WHO,Montenegro
PER,2010,25.10767,WHO,Peru
PER,2019,13.09914,WHO,Peru
KEN,1993,47.44597,WHO,Kenya
SLV,2002,,WHO,El Salvador
PER,2014,17.44473,WHO,Peru
STP,2008,57.10512,WHO,Sao Tome and Principe
HTI,2016,63.17601,WHO,Haiti
GMB,2010,,WHO,Gambia
MAR,2003,41.42916,WHO,Morocco
TCD,2019,,WHO,Chad
RWA,2005,120.59899,WHO,Rwanda
EGY,2000,37.43467,WHO,Egypt
HTI,2000,93.44672,WHO,Haiti
GIN,2005,121.81762,WHO,Guinea
KGZ,2014,0.03379,WHO,Kyrgyzstan
BEN,2006,73.25957,WHO,Benin
SEN,1997,69.64138,WHO,Senegal
HND,2011,17.34456,WHO,Honduras
UGA,2016,69.98423,WHO,Uganda
IDN,1997,29.47495,WHO,Indonesia
MKD,2018,,WHO,North Macedonia
IDN,2002,67.10698,WHO,Indonesia
MNG,2010,,WHO,Mongolia
HND,1996,,WHO,Honduras
LAO,2017,70.74014,WHO,Laos
MMR,2015,49.82917,WHO,Myanmar
MOZ,2008,61.92449,WHO,Mozambique
SLE,2013,95.53965,WHO,Sierra Leone
CAF,2006,,WHO,Central African Republic
PHL,1993,26.04835,WHO,Philippines
MOZ,2015,21.61869,WHO,Mozambique
COD,2007,91.48006,WHO,Democratic Republic of Congo
MNG,2005,,WHO,Mongolia
IDN,2017,30.27967,WHO,Indonesia
CRI,2018,,WHO,Costa Rica
SRB,2005,,WHO,Serbia
CMR,2006,,WHO,Cameroon
RWA,2019,24.17591,WHO,Rwanda
BLR,2019,,WHO,Belarus
COL,2005,16.90072,WHO,Colombia
RWA,2005,92.41338,WHO,Rwanda
CRI,2018,,WHO,Costa Rica
UGA,1995,79.92743,WHO,Uganda
MLI,2001,126.40114,WHO,Mali
BLZ,2006,,WHO,Belize
BDI,2005,,WHO,Burundi
PER,1996,50.57993,WHO,Peru
TLS,2016,29.38589,WHO,East Timor
DOM,1999,,WHO,Dominican Republic
ZWE,1994,53.8562,WHO,Zimbabwe
SWZ,2014,81.74738,WHO,Eswatini
ZMB,2013,53.29041,WHO,Zambia
MEX,2015,,WHO,Mexico
GHA,2011,53.9513,WHO,Ghana
CRI,2018,,WHO,Costa Rica
MNG,2013,0.0277,WHO,Mongolia
GUY,2006,,WHO,Guyana
LAO,2011,59.24728,WHO,Laos
MDG,2008,44.51429,WHO,Madagascar
NPL,2010,,WHO,Nepal
ARG,2011,,WHO,Argentina
TUN,2011,31.63886,WHO,Tunisia
SEN,2010,51.3407,WHO,Senegal
ARM,2005,38.02842,WHO,Armenia
NER,2012,68.99255,WHO,Niger
TCD,2019,82.2797,WHO,Chad
STP,2014,30.09475,WHO,Sao Tome and Principe
SEN,2014,35.74743,WHO,Senegal
COM,2012,14.39082,WHO,Comoros
RWA,2000,119.26867,WHO,Rwanda
BLZ,2011,,WHO,Belize
PER,2013,0,WHO,Peru
MWI,2006,86.51572,WHO,Malawi
COG,2005,77.93507,WHO,Congo
KAZ,1995,38.0708,WHO,Kazakhstan
IDN,2002,19.54056,WHO,Indonesia
THA,2015,,WHO,Thailand
BFA,2006,,WHO,Burkina Faso
ECU,1999,,WHO,Ecuador
KGZ,2018,20.50611,WHO,Kyrgyzstan
LSO,2018,64.86403,WHO,Lesotho
MKD,2011,,WHO,North Macedonia
PER,2005,8.05581,WHO,Peru
PER,2020,7.20783,WHO,Peru
MDV,2016,15.99189,WHO,Maldives
COG,2014,16.81471,WHO,Congo
NPL,2019,29.03889,WHO,Nepal
LBR,2013,65.10487,WHO,Liberia
CUB,2014,,WHO,Cuba
PER,2013,19.90908,WHO,Peru
HTI,2005,79.23906,WHO,Haiti
COD,2007,101.91766,WHO,Democratic Republic of Congo
HTI,2016,53.70485,WHO,Haiti
BIH,2006,,WHO,Bosnia and Herzegovina
NAM,2006,48.48656,WHO,Namibia
COL,2000,11.29388,WHO,Colombia
GEO,2018,,WHO,Georgia
MDA,1997,,WHO,Moldova
GUY,2019,5.73474,WHO,Guyana
MDG,2008,36.67925,WHO,Madagascar
MWI,2019,39.40307,WHO,Malawi
KHM,2014,28.97977,WHO,Cambodia
KAZ,2015,,WHO,Kazakhstan
MWI,2015,41.39498,WHO,Malawi
GHA,1993,94.55985,WHO,Ghana
MNE,2005,,WHO,Montenegro
MWI,2004,74.57827,WHO,Malawi
KHM,2005,66.83259,WHO,Cambodia
COM,1996,83.66354,WHO,Comoros
MRT,2007,,WHO,Mauritania
KIR,2018,49.22805,WHO,Kiribati
MLI,2009,,WHO,Mali
VNM,2006,,WHO,Vietnam
LSO,2009,73.13807,WHO,Lesotho
TUR,1993,102.20523,WHO,Turkey
MEX,2015,,WHO,Mexico
HTI,2012,69.51624,WHO,Haiti
VNM,2010,,WHO,Vietnam
TLS,2009,75.76541,WHO,East Timor
PER,2000,26.47269,WHO,Peru
SWZ,2010,62.54704,WHO,Eswatini
SLE,2017,62.21322,WHO,Sierra Leone
TZA,1999,192.97484,WHO,Tanzania
TKM,2006,,WHO,Turkmenistan
PHL,1998,48.3669,WHO,Philippines
BOL,1994,82.31908,WHO,Bolivia
BGD,2019,24.0418,WHO,Bangladesh
KEN,2003,61.16894,WHO,Kenya
ALB,2017,7.82925,WHO,Albania
ARG,2019,,WHO,Argentina
MWI,2015,48.98972,WHO,Malawi
PRY,1995,,WHO,Paraguay
NPL,1996,84.80256,WHO,Nepal
MWI,2000,109.3243,WHO,Malawi
MWI,2019,37.29134,WHO,Malawi
MNE,2018,,WHO,Montenegro
MWI,2013,46.18874,WHO,Malawi
CAF,2018,63.23976,WHO,Central African Republic
MWI,2013,56.83041,WHO,Malawi
MDG,2003,97.1955,WHO,Madagascar
EGY,2000,43.09463,WHO,Egypt
PHL,2003,41.60738,WHO,Philippines
KHM,2010,44.74212,WHO,Cambodia
SEN,2016,41.36388,WHO,Senegal
NGA,2011,,WHO,Nigeria
PER,2014,13.75891,WHO,Peru
MDG,2008,38.76891,WHO,Madagascar
NGA,2018,56.79809,WHO,Nigeria
UKR,2005,,WHO,Ukraine
BGD,2006,,WHO,Bangladesh
GIN,2012,75.72198,WHO,Guinea
IRQ,2006,,WHO,Iraq
KEN,2008,58.48811,WHO,Kenya
BLZ,2011,,WHO,Belize
DOM,2019,22.40365,WHO,Dominican Republic
PER,2018,15.3061,WHO,Peru
SDN,2010,67.36276,WHO,Sudan
JOR,2017,5.41029,WHO,Jordan
IND,2005,60.50594,WHO,India
BGD,2011,42.64202,WHO,Bangladesh
GEO,2005,,WHO,Georgia
HND,1991,,WHO,Honduras
JOR,2007,17.35563,WHO,Jordan
GUY,2009,40.54672,WHO,Guyana
CUB,2006,,WHO,Cuba
BDI,2010,122.20786,WHO,Burundi
CUB,2010,,WHO,Cuba
ETH,2016,63.91059,WHO,Ethiopia
PER,2010,29.08127,WHO,Peru
ALB,2002,,WHO,Albania
ZWE,2010,61.41168,WHO,Zimbabwe
KGZ,2005,,WHO,Kyrgyzstan
NAM,2000,30.43209,WHO,Namibia
UGA,2006,68.00379,WHO,Uganda
NER,1998,98.29864,WHO,Niger
IRQ,2006,41.21278,WHO,Iraq
SLE,2010,,WHO,Sierra Leone
MEX,2015,,WHO,Mexico
PNG,2016,38.15934,WHO,Papua New Guinea
SLE,2017,65.30533,WHO,Sierra Leone
ZMB,2001,76.38454,WHO,Zambia
SEN,2014,32.61277,WHO,Senegal
IRQ,2006,,WHO,Iraq
PER,2012,10.09918,WHO,Peru
PHL,2013,20.56601,WHO,Philippines
GIN,2016,47.30232,WHO,Guinea
IDN,2012,44.55673,WHO,Indonesia
TTO,2006,,WHO,Trinidad and Tobago
TKM,2006,,WHO,Turkmenistan
LSO,2014,76.93774,WHO,Lesotho
BRA,1996,24.68501,WHO,Brazil
TGO,2017,41.751,WHO,Togo
MLI,2001,118.34035,WHO,Mali
TUR,1998,21.5852,WHO,Turkey
QAT,2012,,WHO,Qatar
NER,1998,165.0524,WHO,Niger
TZA,2010,67.05632,WHO,Tanzania
PER,2020,15.44188,WHO,Peru
ZWE,2010,79.54298,WHO,Zimbabwe
SLV,2014,16.23927,WHO,El Salvador
TUR,1998,66.34596,WHO,Turkey
BRA,1996,28.32749,WHO,Brazil
CAF,2010,,WHO,Central African Republic
MDA,2005,28.57493,WHO,Moldova
COL,2005,19.74709,WHO,Colombia
STP,2019,20.1288,WHO,Sao Tome and Principe
SOM,2006,81.82558,WHO,Somalia
MDA,2012,15.56054,WHO,Moldova
SEN,2018,43.19517,WHO,Senegal
NIC,1997,65.34074,WHO,Nicaragua
BFA,2003,113.39814,WHO,Burkina Faso
BDI,2010,96.16013,WHO,Burundi
BLZ,1991,,WHO,Belize
ZMB,2007,96.87725,WHO,Zambia
CIV,2016,51.72025,WHO,Cote d'Ivoire
ARG,2019,,WHO,Argentina
NPL,2016,25.47381,WHO,Nepal
CIV,2011,77.44355,WHO,Cote d'Ivoire
MLI,2001,129.96564,WHO,Mali
COD,2010,,WHO,Democratic Republic of Congo
MNG,2018,11.97428,WHO,Mongolia
QAT,2012,,WHO,Qatar
BIH,2006,,WHO,Bosnia and Herzegovina
TGO,1998,80.35096,WHO,Togo
IRQ,2018,22.31519,WHO,Iraq
PAK,2006,58.71325,WHO,Pakistan
IND,2005,53.04853,WHO,India
IDN,2002,46.80966,WHO,Indonesia
MDG,2018,39.88697,WHO,Madagascar
COM,1996,62.61489,WHO,Comoros
UKR,2005,,WHO,Ukraine
BTN,2010,,WHO,Bhutan
ZAF,2016,47.44568,WHO,South Africa
YEM,2006,34.67731,WHO,Yemen
UZB,2006,,WHO,Uzbekistan
RWA,2014,40.85911,WHO,Rwanda
IDN,2007,,WHO,Indonesia
MDA,2012,9.5329,WHO,Moldova
PRY,2008,,WHO,Paraguay
ECU,1994,,WHO,Ecuador
ZWE,2009,51.97583,WHO,Zimbabwe
DOM,1999,,WHO,Dominican Republic
SLV,2002,,WHO,El Salvador
JOR,2012,14.67032,WHO,Jordan
AFG,2015,28.4635,WHO,Afghanistan
TTO,2006,,WHO,Trinidad and Tobago
ALB,2002,,WHO,Albania
TCD,2010,,WHO,Chad
MRT,2007,,WHO,Mauritania
BEN,2011,36.66216,WHO,Benin
BEN,2017,43.97499,WHO,Benin
BGD,1996,99.76689,WHO,Bangladesh
KGZ,2014,23.24081,WHO,Kyrgyzstan
ZMB,2007,95.87888,WHO,Zambia
PER,2017,13.05147,WHO,Peru
NPL,2019,26.3163,WHO,Nepal
CMR,2018,49.90777,WHO,Cameroon
SLV,1998,,WHO,El Salvador
SLE,2017,69.68736,WHO,Sierra Leone
JOR,2017,14.31236,WHO,Jordan
IDN,1994,83.346,WHO,Indonesia
AGO,2015,47.06869,WHO,Angola
ZWE,2010,54.26352,WHO,Zimbabwe
UKR,2012,,WHO,Ukraine
GAB,2012,40.32172,WHO,Gabon
IDN,2017,24.04708,WHO,Indonesia
UGA,2011,75.25105,WHO,Uganda
TGO,2013,55.58287,WHO,Togo
PRY,2004,,WHO,Paraguay
GIN,2016,40.45625,WHO,Guinea
IRQ,2006,,WHO,Iraq
GIN,2018,77.19654,WHO,Guinea
MDG,2018,30.11232,WHO,Madagascar
PER,2007,,WHO,Peru
UKR,1999,,WHO,Ukraine
GTM,2014,40.80162,WHO,Guatemala
COL,2010,15.60594,WHO,Colombia
SEN,2012,41.93928,WHO,Senegal
DOM,1999,,WHO,Dominican Republic
GTM,2002,,WHO,Guatemala
AGO,2015,46.3345,WHO,Angola
GTM,2002,,WHO,Guatemala
THA,2005,,WHO,Thailand
TTO,2011,,WHO,Trinidad and Tobago
TKM,2006,,WHO,Turkmenistan
GTM,2008,,WHO,Guatemala
DOM,2014,27.24416,WHO,Dominican Republic
IRQ,2018,18.84129,WHO,Iraq
BEN,2011,53.00915,WHO,Benin
SWZ,2010,73.77451,WHO,Eswatini
GNB,2014,64.6966,WHO,Guinea-Bissau
TJK,2005,,WHO,Tajikistan
LSO,2018,81.81233,WHO,Lesotho
GHA,2011,42.62756,WHO,Ghana
BGD,2017,40.17179,WHO,Bangladesh
TUR,1993,67.48642,WHO,Turkey
RWA,2014,40.21982,WHO,Rwanda
TGO,2010,,WHO,Togo
DOM,2002,37.46799,WHO,Dominican Republic
CUB,2014,,WHO,Cuba
KGZ,2005,,WHO,Kyrgyzstan
GHA,2011,67.94635,WHO,Ghana
SSD,2010,73.81768,WHO,South Sudan
TJK,2012,34.86028,WHO,Tajikistan
DOM,2014,38.62305,WHO,Dominican Republic
TUN,2018,20.21643,WHO,Tunisia
TCD,2014,52.7495,WHO,Chad
MOZ,2011,60.83964,WHO,Mozambique
IDN,2017,,WHO,Indonesia
PER,2016,,WHO,Peru
TJK,2017,25.01907,WHO,Tajikistan
CUB,2010,,WHO,Cuba
ZMB,1996,131.10367,WHO,Zambia
GTM,1998,48.96315,WHO,Guatemala
ZWE,2010,44.88527,WHO,Zimbabwe
KGZ,2018,31.49466,WHO,Kyrgyzstan
ECU,2004,,WHO,Ecuador
CUB,2014,,WHO,Cuba
ZWE,2015,78.07929,WHO,Zimbabwe
JOR,2002,18.55131,WHO,Jordan
BGD,2011,50.24914,WHO,Bangladesh
SEN,2014,50.27601,WHO,Senegal
TZA,2010,,WHO,Tanzania
DOM,2013,29.57289,WHO,Dominican Republic
BGD,2019,29.5864,WHO,Bangladesh
MWI,2015,47.69057,WHO,Malawi
SWZ,2006,81.69683,WHO,Eswatini
GMB,2010,,WHO,Gambia
TKM,2006,,WHO,Turkmenistan
ZWE,2014,60.97755,WHO,Zimbabwe
GHA,2006,,WHO,Ghana
MNE,2013,,WHO,Montenegro
CUB,2010,,WHO,Cuba
HND,2001,,WHO,Honduras
RWA,2019,43.9912,WHO,Rwanda
COD,2007,98.8795,WHO,Democratic Republic of Congo
NGA,2011,,WHO,Nigeria
PRY,2008,,WHO,Paraguay
IDN,2007,42.78518,WHO,Indonesia
PER,2019,2.72977,WHO,Peru
NAM,2013,37.0461,WHO,Namibia
MDG,1997,63.49338,WHO,Madagascar
YEM,2013,50.0251,WHO,Yemen
SEN,2018,37.37746,WHO,Senegal
CMR,2006,,WHO,Cameroon
MOZ,2015,27.88092,WHO,Mozambique
CIV,1994,63.25047,WHO,Cote d'Ivoire
BOL,2003,78.43032,WHO,Bolivia
MNG,2018,12.56005,WHO,Mongolia
TKM,2015,38.90586,WHO,Turkmenistan
MDG,1997,96.0439,WHO,Madagascar
GIN,2012,87.78589,WHO,Guinea
PAN,2013,,WHO,Panama
BRA,1996,44.56129,WHO,Brazil
MLI,2006,67.90529,WHO,Mali
BOL,1998,,WHO,Bolivia
COD,2017,27.8677,WHO,Democratic Republic of Congo
PER,2009,17.87792,WHO,Peru
THA,2019,,WHO,Thailand
CMR,2014,0.07874,WHO,Cameroon
TCD,2019,58.47732,WHO,Chad
MDA,1997,,WHO,Moldova
KEN,2003,61.0942,WHO,Kenya
PER,2015,21.50866,WHO,Peru
PER,2015,25.00775,WHO,Peru
GTM,1995,49.87593,WHO,Guatemala
UKR,1999,,WHO,Ukraine
CIV,1998,123.49543,WHO,Cote d'Ivoire
MEX,2015,,WHO,Mexico
GHA,2006,,WHO,Ghana
SLV,2014,8.80883,WHO,El Salvador
SEN,2019,26.1619,WHO,Senegal
NIC,2001,41.73024,WHO,Nicaragua
BLZ,2006,,WHO,Belize
TON,2019,2.9033,WHO,Tonga
PER,2004,,WHO,Peru
NGA,2011,,WHO,Nigeria
MWI,2010,71.18784,WHO,Malawi
CIV,2011,74.12936,WHO,Cote d'Ivoire
TUV,2019,,WHO,Tuvalu
VNM,2006,,WHO,Vietnam
BGD,1999,57.89142,WHO,Bangladesh
LAO,2006,,WHO,Laos
SLV,2008,,WHO,El Salvador
KAZ,2010,,WHO,Kazakhstan
SLV,1998,,WHO,El Salvador
UKR,2012,,WHO,Ukraine
UKR,2005,,WHO,Ukraine
HND,1996,,WHO,Honduras
NGA,2007,,WHO,Nigeria
GUY,2009,,WHO,Guyana
PHL,2017,30.24768,WHO,Philippines
SEN,2012,58.77084,WHO,Senegal
ETH,2000,142.77321,WHO,Ethiopia
KGZ,2012,,WHO,Kyrgyzstan
CMR,2014,60.58168,WHO,Cameroon
TJK,2005,,WHO,Tajikistan
NPL,2019,31.32379,WHO,Nepal
COG,2011,41.36139,WHO,Congo
JAM,2011,,WHO,Jamaica
EGY,2000,40.27733,WHO,Egypt
IDN,1994,,WHO,Indonesia
PER,2006,,WHO,Peru
MMR,2015,,WHO,Myanmar
MRT,2007,,WHO,Mauritania
PER,1996,21.06278,WHO,Peru
RWA,2014,38.06327,WHO,Rwanda
AGO,2015,6.69426,WHO,Angola
CIV,2006,,WHO,Cote d'Ivoire
KAZ,2010,,WHO,Kazakhstan
KHM,2005,84.34361,WHO,Cambodia
KEN,2003,78.65663,WHO,Kenya
SDN,2010,69.79049,WHO,Sudan
UKR,1999,,WHO,Ukraine
TGO,2010,,WHO,Togo
NAM,2013,46.09533,WHO,Namibia
BLZ,2006,,WHO,Belize
LSO,2014,31.15771,WHO,Lesotho
MDG,2003,92.1777,WHO,Madagascar
IDN,2002,,WHO,Indonesia
KHM,2000,78.21613,WHO,Cambodia
BLR,2019,,WHO,Belarus
DOM,2002,27.8022,WHO,Dominican Republic
GEO,2005,,WHO,Georgia
LBR,2013,67.92463,WHO,Liberia
ECU,1994,,WHO,Ecuador
DOM,2002,27.07862,WHO,Dominican Republic
SWZ,2006,77.77563,WHO,Eswatini
TCD,2019,58.84274,WHO,Chad
HND,2019,,WHO,Honduras
CRI,2011,,WHO,Costa Rica
MDG,2003,87.04074,WHO,Madagascar
BRB,2012,,WHO,Barbados
TCD,1996,98.73413,WHO,Chad
SWZ,2014,43.74197,WHO,Eswatini
BLR,2019,,WHO,Belarus
NPL,2006,58.06343,WHO,Nepal
BGD,2017,35.87828,WHO,Bangladesh
NIC,1992,,WHO,Nicaragua
NAM,2000,14.71311,WHO,Namibia
GHA,2017,38.15947,WHO,Ghana
HTI,1994,75.59724,WHO,Haiti
PER,2013,0,WHO,Peru
MDA,2012,15.10931,WHO,Moldova
KHM,2010,82.19736,WHO,Cambodia
IND,2005,47.96407,WHO,India
GAB,2012,45.56076,WHO,Gabon
NGA,2018,48.55923,WHO,Nigeria
LAO,2011,80.72911,WHO,Laos
MNE,2013,,WHO,Montenegro
TCD,2019,55.8181,WHO,Chad
TUR,2003,36.30656,WHO,Turkey
TTO,2006,,WHO,Trinidad and Tobago
EGY,2014,22.82369,WHO,Egypt
GEO,2018,,WHO,Georgia
STP,2019,19.05042,WHO,Sao Tome and Principe
SEN,1997,84.53997,WHO,Senegal
MAR,2003,15.83441,WHO,Morocco
ZWE,2019,62.60592,WHO,Zimbabwe
PER,2015,11.96406,WHO,Peru
PHL,2013,18.97971,WHO,Philippines
PHL,2008,87.41524,WHO,Philippines
IDN,2002,42.64107,WHO,Indonesia
RWA,2000,111.55013,WHO,Rwanda
COD,2013,63.04543,WHO,Democratic Republic of Congo
PHL,1998,32.33467,WHO,Philippines
LBR,2013,69.93525,WHO,Liberia
LCA,2012,,WHO,Saint Lucia
CRI,1992,,WHO,Costa Rica
CMR,2006,,WHO,Cameroon
SUR,2018,,WHO,Suriname
GHA,2011,36.41629,WHO,Ghana
SDN,2014,60.54275,WHO,Sudan
MWI,2006,82.04768,WHO,Malawi
GEO,2005,,WHO,Georgia
PER,2018,4.09519,WHO,Peru
BEN,2001,117.05323,WHO,Benin
GTM,1998,50.0624,WHO,Guatemala
PER,2015,19.86897,WHO,Peru
KEN,1998,65.12319,WHO,Kenya
MLI,2001,105.90311,WHO,Mali
HND,2011,25.0326,WHO,Honduras
LAO,2011,105.47375,WHO,Laos
ARG,2011,,WHO,Argentina
TZA,1996,118.02423,WHO,Tanzania
UKR,2007,19.88847,WHO,Ukraine
AFG,2015,34.51818,WHO,Afghanistan
PER,2008,23.49264,WHO,Peru
NGA,2016,65.34474,WHO,Nigeria
COM,2012,33.25053,WHO,Comoros
MOZ,2008,107.81522,WHO,Mozambique
GNB,2018,29.73461,WHO,Guinea-Bissau
COL,2010,14.83917,WHO,Colombia
KHM,2000,,WHO,Cambodia
BLR,2005,,WHO,Belarus
LAO,2017,22.96764,WHO,Laos
NPL,2016,32.41517,WHO,Nepal
UZB,1996,66.81537,WHO,Uzbekistan
PAN,2013,,WHO,Panama
NGA,2013,66.31863,WHO,Nigeria
YEM,2013,32.60477,WHO,Yemen
GIN,1999,130.19193,WHO,Guinea
BLZ,1991,,WHO,Belize
KGZ,2005,,WHO,Kyrgyzstan
NGA,2007,,WHO,Nigeria
MRT,2011,56.51711,WHO,Mauritania
BLR,2019,,WHO,Belarus
KGZ,2012,15.22543,WHO,Kyrgyzstan
SLE,2010,,WHO,Sierra Leone
SDN,2014,29.37576,WHO,Sudan
COD,2013,57.54246,WHO,Democratic Republic of Congo
BGD,2007,60.53123,WHO,Bangladesh
HND,2005,37.1964,WHO,Honduras
MNG,2013,36.80077,WHO,Mongolia
BGD,2011,49.27235,WHO,Bangladesh
VNM,1997,26.87684,WHO,Vietnam
SUR,2018,2.56475,WHO,Suriname
GMB,2019,41.28639,WHO,Gambia
PAN,2013,,WHO,Panama
CMR,1998,60.95999,WHO,Cameroon
HND,1991,,WHO,Honduras
JOR,2002,22.06125,WHO,Jordan
SWZ,2006,95.02768,WHO,Eswatini
TGO,2013,58.43375,WHO,Togo
NGA,2016,38.29687,WHO,Nigeria
CMR,2014,100.10976,WHO,Cameroon
PER,2019,,WHO,Peru
TKM,2015,21.51712,WHO,Turkmenistan
TGO,1998,84.77386,WHO,Togo
IND,1998,90.05351,WHO,India
PER,2013,26.66578,WHO,Peru
BLZ,2006,,WHO,Belize
PRY,2008,,WHO,Paraguay
ZMB,2001,89.42283,WHO,Zambia
ZWE,2019,42.41547,WHO,Zimbabwe
MNG,2005,,WHO,Mongolia
GHA,1993,48.70749,WHO,Ghana
RWA,2019,36.50317,WHO,Rwanda
KGZ,2018,13.63127,WHO,Kyrgyzstan
PER,2010,25.49455,WHO,Peru
GTM,2014,34.01816,WHO,Guatemala
ZWE,1994,60.3919,WHO,Zimbabwe
MLI,2001,149.84949,WHO,Mali
BLR,2012,,WHO,Belarus
BGD,1993,103.15318,WHO,Bangladesh
RWA,2010,55.22058,WHO,Rwanda
GIN,2018,79.94096,WHO,Guinea
BGD,2011,51.86934,WHO,Bangladesh
HND,2005,35.04791,WHO,Honduras
VNM,2002,19.69958,WHO,Vietnam
PER,2013,25.83291,WHO,Peru
COL,2005,27.05879,WHO,Colombia
GHA,1993,87.10494,WHO,Ghana
TCD,2010,,WHO,Chad
SEN,2016,40.15395,WHO,Senegal
HND,2001,,WHO,Honduras
BGD,2017,51.80321,WHO,Bangladesh
COG,2014,37.4024,WHO,Congo
COG,2011,53.57542,WHO,Congo
ZWE,2019,55.63151,WHO,Zimbabwe
GTM,1998,58.02772,WHO,Guatemala
ZMB,2018,38.48661,WHO,Zambia
ETH,2019,38.62395,WHO,Ethiopia
GMB,2018,57.51536,WHO,Gambia
NGA,2018,74.5912,WHO,Nigeria
SSD,2010,61.5603,WHO,South Sudan
MLI,2001,121.36253,WHO,Mali
IND,1998,46.24952,WHO,India
KEN,2014,35.78345,WHO,Kenya
ZWE,2005,50.55527,WHO,Zimbabwe
IND,2005,63.84678,WHO,India
UGA,1995,75.12132,WHO,Uganda
SLE,2019,71.9249,WHO,Sierra Leone
SEN,2012,59.49039,WHO,Senegal
NAM,2013,40.20695,WHO,Namibia
ETH,2019,56.09476,WHO,Ethiopia
SLV,2002,,WHO,El Salvador
CMR,2006,,WHO,Cameroon
COL,1995,42.50415,WHO,Colombia
PER,2018,16.44651,WHO,Peru
KHM,2010,76.66889,WHO,Cambodia
EGY,2005,33.25279,WHO,Egypt
ZMB,2013,46.47715,WHO,Zambia
LBR,2007,114.40007,WHO,Liberia
BFA,2003,74.93524,WHO,Burkina Faso
CRI,2011,,WHO,Costa Rica
EGY,2005,56.21045,WHO,Egypt
SUR,2018,6.62219,WHO,Suriname
TJK,2005,,WHO,Tajikistan
MNG,2010,,WHO,Mongolia
LBR,2007,70.07181,WHO,Liberia
YEM,2006,70.88176,WHO,Yemen
AFG,2010,,WHO,Afghanistan
BGD,2019,30.76779,WHO,Bangladesh
STP,2019,12.3376,WHO,Sao Tome and Principe
PER,2014,11.74621,WHO,Peru
NIC,1992,,WHO,Nicaragua
ECU,1999,,WHO,Ecuador
MNE,2013,,WHO,Montenegro
LSO,2004,69.55753,WHO,Lesotho
IDN,2007,28.82692,WHO,Indonesia
BGD,2004,51.53939,WHO,Bangladesh
SWZ,2010,85.52835,WHO,Eswatini
UGA,2000,79.72246,WHO,Uganda
TGO,2006,,WHO,Togo
PHL,1998,48.82968,WHO,Philippines
DOM,1999,35.33679,WHO,Dominican Republic
SLV,2008,,WHO,El Salvador
BDI,2005,,WHO,Burundi
GTM,2002,,WHO,Guatemala
VUT,2007,,WHO,Vanuatu
DOM,2007,27.65768,WHO,Dominican Republic
MKD,2005,,WHO,North Macedonia
TJK,2012,39.40836,WHO,Tajikistan
IDN,2007,58.87851,WHO,Indonesia
COG,2014,50.38076,WHO,Congo
CUB,2006,,WHO,Cuba
RWA,2014,50.55237,WHO,Rwanda
UGA,2006,95.54017,WHO,Uganda
TJK,2017,37.75748,WHO,Tajikistan
PNG,2016,38.16316,WHO,Papua New Guinea
STP,2008,57.33402,WHO,Sao Tome and Principe
IND,1998,42.13107,WHO,India
GTM,1998,55.6736,WHO,Guatemala
MKD,2011,,WHO,North Macedonia
PER,2012,17.96754,WHO,Peru
DOM,1999,,WHO,Dominican Republic
BLZ,2015,9.37119,WHO,Belize
CAF,1994,145.88516,WHO,Central African Republic
SRB,2005,,WHO,Serbia
CIV,2006,,WHO,Cote d'Ivoire
PRY,1998,,WHO,Paraguay
PAK,2012,73.99664,WHO,Pakistan
TZA,1999,109.07138,WHO,Tanzania
EGY,1995,72.918,WHO,Egypt
MDG,2008,49.50355,WHO,Madagascar
EGY,2014,31.95405,WHO,Egypt
BGD,2012,,WHO,Bangladesh
HND,2011,25.53491,WHO,Honduras
STP,2008,46.30967,WHO,Sao Tome and Principe
NER,1998,115.25929,WHO,Niger
LAO,2006,,WHO,Laos
TUN,2011,11.77634,WHO,Tunisia
BEN,2001,103.1496,WHO,Benin
UGA,2006,94.19414,WHO,Uganda
UGA,1995,63.16923,WHO,Uganda
CAF,2010,,WHO,Central African Republic
BGD,2012,,WHO,Bangladesh
MWI,2010,78.84839,WHO,Malawi
TLS,2009,76.50956,WHO,East Timor
PHL,2003,,WHO,Philippines
TUR,2003,15.91376,WHO,Turkey
BIH,2006,,WHO,Bosnia and Herzegovina
TZA,2015,43.48124,WHO,Tanzania
ETH,2016,67.15269,WHO,Ethiopia
COD,2007,88.52702,WHO,Democratic Republic of Congo
SEN,2017,22.52146,WHO,Senegal
MKD,2018,,WHO,North Macedonia
BFA,1998,110.15762,WHO,Burkina Faso
RWA,2014,47.17668,WHO,Rwanda
SWZ,2014,78.1851,WHO,Eswatini
MAR,2003,50.26477,WHO,Morocco
NPL,2001,89.4994,WHO,Nepal
JOR,2017,10.15405,WHO,Jordan
COD,2017,40.00049,WHO,Democratic Republic of Congo
BLZ,2015,10.06432,WHO,Belize
PHL,2013,36.47852,WHO,Philippines
PHL,1998,23.61555,WHO,Philippines
GTM,2014,24.87445,WHO,Guatemala
MNE,2005,,WHO,Montenegro
TON,2019,1.05523,WHO,Tonga
NAM,2013,30.38584,WHO,Namibia
GAB,2000,29.66633,WHO,Gabon
NGA,2011,,WHO,Nigeria
PHL,2008,37.79404,WHO,Philippines
COD,2010,,WHO,Democratic Republic of Congo
IDN,1994,65.64441,WHO,Indonesia
GHA,2014,39.82566,WHO,Ghana
MAR,2003,39.70702,WHO,Morocco
COD,2010,,WHO,Democratic Republic of Congo
LAO,2006,,WHO,Laos
GTM,2014,29.64139,WHO,Guatemala
COD,2017,56.29245,WHO,Democratic Republic of Congo
JAM,2005,,WHO,Jamaica
DOM,2019,25.82615,WHO,Dominican Republic
MKD,2005,,WHO,North Macedonia
AFG,2010,,WHO,Afghanistan
PER,2005,46.55168,WHO,Peru
NGA,1999,,WHO,Nigeria
CIV,2006,,WHO,Cote d'Ivoire
KAZ,2010,,WHO,Kazakhstan
PER,2004,20.53885,WHO,Peru
CIV,2016,72.21293,WHO,Cote d'Ivoire
UZB,2006,,WHO,Uzbekistan
BLZ,2015,11.00519,WHO,Belize
KHM,2014,29.23361,WHO,Cambodia
CIV,2006,,WHO,Cote d'Ivoire
BGD,2004,56.3111,WHO,Bangladesh
SRB,2014,,WHO,Serbia
MDG,2008,43.65518,WHO,Madagascar
MMR,2015,79.54749,WHO,Myanmar
LSO,2009,93.09732,WHO,Lesotho
CAF,2010,,WHO,Central African Republic
CMR,2011,90.20438,WHO,Cameroon
TCD,2014,78.99642,WHO,Chad
GIN,2016,56.19968,WHO,Guinea
BFA,2010,47.17579,WHO,Burkina Faso
GTM,2008,,WHO,Guatemala
MKD,2005,,WHO,North Macedonia
ZWE,2014,71.54484,WHO,Zimbabwe
DJI,2006,,WHO,Djibouti
TON,2019,10.13298,WHO,Tonga
MDV,2009,20.42918,WHO,Maldives
NIC,1997,51.06552,WHO,Nicaragua
KGZ,2012,27.83421,WHO,Kyrgyzstan
LBR,2019,74.19943,WHO,Liberia
BFA,2003,81.76319,WHO,Burkina Faso
BGD,2004,99.95612,WHO,Bangladesh
ECU,2004,,WHO,Ecuador
IDN,1997,26.03584,WHO,Indonesia
BGD,2006,,WHO,Bangladesh
GHA,2017,44.42531,WHO,Ghana
PHL,2013,26.24248,WHO,Philippines
KGZ,2018,18.99749,WHO,Kyrgyzstan
TUN,2011,26.52936,WHO,Tunisia
EGY,2008,26.1957,WHO,Egypt
PER,2000,63.53228,WHO,Peru
MOZ,1997,161.91309,WHO,Mozambique
GTM,2014,19.34881,WHO,Guatemala
CAF,2018,45.06606,WHO,Central African Republic
MNG,2010,,WHO,Mongolia
THA,2015,,WHO,Thailand
LAO,2006,,WHO,Laos
JOR,1997,31.60625,WHO,Jordan
GAB,2012,42.48083,WHO,Gabon
GAB,2000,43.09822,WHO,Gabon
STP,2008,,WHO,Sao Tome and Principe
MLI,2015,46.91787,WHO,Mali
SDN,2014,54.28619,WHO,Sudan
NGA,2011,,WHO,Nigeria
SEN,2019,33.66568,WHO,Senegal
RWA,2014,44.8155,WHO,Rwanda
NPL,1996,84.70326,WHO,Nepal
CIV,1998,94.66519,WHO,Cote d'Ivoire
DOM,2013,28.06759,WHO,Dominican Republic
TKM,2019,22.38076,WHO,Turkmenistan
MDG,2018,45.04779,WHO,Madagascar
GEO,2005,,WHO,Georgia
PER,2009,17.07775,WHO,Peru
ZWE,2014,48.59346,WHO,Zimbabwe
SUR,2010,,WHO,Suriname
MAR,2003,51.1611,WHO,Morocco
PER,2012,23.63869,WHO,Peru
BFA,2003,108.36436,WHO,Burkina Faso
IDN,2017,24.67537,WHO,Indonesia
EGY,2014,26.56883,WHO,Egypt
URY,2012,,WHO,Uruguay
NGA,2008,82.16818,WHO,Nigeria
CMR,1998,108.38351,WHO,Cameroon
SUR,2010,,WHO,Suriname
GHA,2017,36.50295,WHO,Ghana
BOL,2003,28.84797,WHO,Bolivia
KAZ,2010,,WHO,Kazakhstan
NPL,2006,74.39628,WHO,Nepal
KAZ,1995,45.3057,WHO,Kazakhstan
COG,2011,56.93679,WHO,Congo
BLZ,2015,15.07957,WHO,Belize
GNB,2014,72.11954,WHO,Guinea-Bissau
MKD,2011,,WHO,North Macedonia
BRB,2012,,WHO,Barbados
TKM,2019,,WHO,Turkmenistan
EGY,1995,67.80692,WHO,Egypt
IDN,2007,37.79089,WHO,Indonesia
KAZ,2015,,WHO,Kazakhstan
ALB,2002,,WHO,Albania
IRQ,2011,31.64407,WHO,Iraq
MLI,2009,,WHO,Mali
KAZ,2006,,WHO,Kazakhstan
MRT,2007,,WHO,Mauritania
IND,2005,65.94501,WHO,India
RWA,2019,44.95658,WHO,Rwanda
URY,2012,,WHO,Uruguay
PER,2008,24.66994,WHO,Peru
SLE,2017,67.58055,WHO,Sierra Leone
GIN,2018,77.42067,WHO,Guinea
TKM,2015,12.62971,WHO,Turkmenistan
IRQ,2018,18.69351,WHO,Iraq
GMB,2019,45.63889,WHO,Gambia
IRQ,2018,11.84879,WHO,Iraq
TKM,2015,33.96678,WHO,Turkmenistan
CMR,1998,80.22892,WHO,Cameroon
BFA,2003,74.86061,WHO,Burkina Faso
NER,2006,109.10431,WHO,Niger
GNB,2018,,WHO,Guinea-Bissau
VNM,2010,,WHO,Vietnam
MLI,2015,61.0656,WHO,Mali
ECU,1999,,WHO,Ecuador
COG,2011,44.51823,WHO,Congo
ETH,2016,,WHO,Ethiopia
TUR,1998,52.53241,WHO,Turkey
BIH,2011,,WHO,Bosnia and Herzegovina
SLE,2013,125.9536,WHO,Sierra Leone
ZWE,1994,64.24464,WHO,Zimbabwe
COG,2014,78.90729,WHO,Congo
SEN,2014,67.78767,WHO,Senegal
TJK,2017,16.70347,WHO,Tajikistan
PER,2010,,WHO,Peru
LSO,2009,79.23589,WHO,Lesotho
BLZ,2011,,WHO,Belize
NIC,2001,49.59034,WHO,Nicaragua
PER,2020,14.70728,WHO,Peru
COD,2017,53.10474,WHO,Democratic Republic of Congo
BGD,1993,93.42831,WHO,Bangladesh
QAT,2012,,WHO,Qatar
KGZ,2005,,WHO,Kyrgyzstan
GHA,2011,50.2468,WHO,Ghana
MLI,2001,142.52994,WHO,Mali
MDV,2016,11.49856,WHO,Maldives
JAM,2005,,WHO,Jamaica
BTN,2010,,WHO,Bhutan
NGA,2011,,WHO,Nigeria
IDN,2012,23.24361,WHO,Indonesia
SUR,2018,11.22644,WHO,Suriname
MDA,2012,12.52693,WHO,Moldova
CMR,2004,90.13226,WHO,Cameroon
MLI,2015,21.45509,WHO,Mali
YEM,2013,58.66935,WHO,Yemen
VNM,2013,10.26827,WHO,Vietnam
SEN,2016,36.76232,WHO,Senegal
HND,2019,20.01735,WHO,Honduras
IDN,1997,58.75156,WHO,Indonesia
UKR,2012,,WHO,Ukraine
THA,2005,,WHO,Thailand
CIV,1998,105.72916,WHO,Cote d'Ivoire
SUR,2006,,WHO,Suriname
KAZ,2015,,WHO,Kazakhstan
SLV,2008,,WHO,El Salvador
UGA,2000,97.50846,WHO,Uganda
PHL,1993,22.17864,WHO,Philippines
BOL,2003,69.91373,WHO,Bolivia
BEN,2011,37.74671,WHO,Benin
IND,1998,56.79678,WHO,India
COG,2014,34.10058,WHO,Congo
SDN,2014,48.02144,WHO,Sudan
DOM,2007,35.83534,WHO,Dominican Republic
KHM,2005,77.81004,WHO,Cambodia
KAZ,2006,,WHO,Kazakhstan
GHA,2006,,WHO,Ghana
KGZ,1997,72.50507,WHO,Kyrgyzstan
CRI,1992,,WHO,Costa Rica
CAF,2010,,WHO,Central African Republic
NIC,1997,34.07711,WHO,Nicaragua
DOM,2007,29.09102,WHO,Dominican Republic
PER,2010,14.5884,WHO,Peru
TCD,2010,,WHO,Chad
COL,2010,17.57338,WHO,Colombia
HND,2001,,WHO,Honduras
IND,2015,,WHO,India
DOM,2007,31.97113,WHO,Dominican Republic
SLV,1998,,WHO,El Salvador
TKM,2019,37.90996,WHO,Turkmenistan
MDA,2005,15.36187,WHO,Moldova
PRY,1998,,WHO,Paraguay
ALB,2008,19.51638,WHO,Albania
CRI,2018,,WHO,Costa Rica
HTI,2012,59.48099,WHO,Haiti
COM,1996,87.42326,WHO,Comoros
KEN,2014,35.14477,WHO,Kenya
KAZ,2015,,WHO,Kazakhstan
MNG,2005,,WHO,Mongolia
IDN,2017,16.76516,WHO,Indonesia
GTM,1995,54.63821,WHO,Guatemala
ZMB,2018,45.96306,WHO,Zambia
BDI,2016,60.99522,WHO,Burundi
LBR,2013,70.52663,WHO,Liberia
HTI,2016,64.0564,WHO,Haiti
SEN,1997,81.36272,WHO,Senegal
GMB,2010,,WHO,Gambia
ARM,2005,17.62383,WHO,Armenia
PAN,2013,,WHO,Panama
LBR,2013,75.49553,WHO,Liberia
NIC,1992,,WHO,Nicaragua
STP,2014,44.01415,WHO,Sao Tome and Principe
HND,1991,,WHO,Honduras
CAF,2006,,WHO,Central African Republic
PER,2018,19.62142,WHO,Peru
LBR,2007,93.34853,WHO,Liberia
SUR,2010,,WHO,Suriname
ZAF,2016,58.39706,WHO,South Africa
MAR,2003,51.87932,WHO,Morocco
AFG,2015,50.68887,WHO,Afghanistan
SYR,2006,,WHO,Syria
GMB,2018,46.5533,WHO,Gambia
BRB,2012,,WHO,Barbados
MLI,2001,,WHO,Mali
YEM,2013,36.13081,WHO,Yemen
PER,2015,0,WHO,Peru
TZA,2015,38.89944,WHO,Tanzania
AFG,2015,62.67699,WHO,Afghanistan
IDN,1994,,WHO,Indonesia
NAM,2000,43.77907,WHO,Namibia
ETH,2005,79.93804,WHO,Ethiopia
COL,2010,16.01263,WHO,Colombia
BTN,2010,,WHO,Bhutan
CRI,2018,,WHO,Costa Rica
NPL,2010,,WHO,Nepal
MWI,2004,102.12842,WHO,Malawi
MNG,2005,,WHO,Mongolia
BEN,2017,64.688,WHO,Benin
PHL,2003,38.06107,WHO,Philippines
MRT,2011,45.40834,WHO,Mauritania
PER,2000,33.76978,WHO,Peru
GTM,1995,56.18877,WHO,Guatemala
SDN,2010,68.89653,WHO,Sudan
SLE,2019,78.21075,WHO,Sierra Leone
LAO,2011,57.62883,WHO,Laos
UKR,1999,,WHO,Ukraine
GIN,2005,114.84187,WHO,Guinea
ARM,2015,,WHO,Armenia
TCD,2019,67.0425,WHO,Chad
MNE,2005,,WHO,Montenegro
ZMB,2013,39.3922,WHO,Zambia
GMB,2019,49.44028,WHO,Gambia
MNG,2018,11.45184,WHO,Mongolia
RWA,2000,59.48107,WHO,Rwanda
NIC,2001,21.68475,WHO,Nicaragua
NIC,1997,48.06851,WHO,Nicaragua
KHM,2014,63.05952,WHO,Cambodia
BGD,1999,91.99337,WHO,Bangladesh
ETH,2019,49.02272,WHO,Ethiopia
BEN,2011,52.61243,WHO,Benin
KGZ,2012,27.33525,WHO,Kyrgyzstan
MDG,2018,45.37115,WHO,Madagascar
BEN,1996,112.30329,WHO,Benin
KHM,2005,101.46461,WHO,Cambodia
AFG,2015,53.38873,WHO,Afghanistan
SEN,2005,85.75773,WHO,Senegal
SEN,2018,64.36986,WHO,Senegal
MKD,2005,,WHO,North Macedonia
TLS,2009,55.65084,WHO,East Timor
BEN,2014,46.37823,WHO,Benin
AFG,2010,,WHO,Afghanistan
EGY,2000,63.87682,WHO,Egypt
TCD,2014,133.73183,WHO,Chad
MLI,2012,42.04135,WHO,Mali
PER,1996,43.19814,WHO,Peru
SUR,2006,,WHO,Suriname
LSO,2009,88.88567,WHO,Lesotho
COL,2015,23.10478,WHO,Colombia
DOM,2019,28.06494,WHO,Dominican Republic
MNG,2005,,WHO,Mongolia
HTI,2000,55.91121,WHO,Haiti
HND,1996,,WHO,Honduras
TUR,1993,58.07005,WHO,Turkey
BGD,2019,35.27919,WHO,Bangladesh
SLE,2019,85.48152,WHO,Sierra Leone
SLV,1993,,WHO,El Salvador
SEN,2012,58.35764,WHO,Senegal
JOR,1997,32.29536,WHO,Jordan
GTM,2014,33.88715,WHO,Guatemala
SEN,2010,64.74517,WHO,Senegal
UGA,2006,72.78659,WHO,Uganda
KGZ,2014,8.19099,WHO,Kyrgyzstan
GTM,2008,,WHO,Guatemala
GUY,2014,23.46398,WHO,Guyana
SUR,2018,21.24536,WHO,Suriname
GHA,2003,73.49251,WHO,Ghana
TZA,2015,44.17838,WHO,Tanzania
BLR,2019,,WHO,Belarus
BDI,2005,,WHO,Burundi
YEM,2013,31.72565,WHO,Yemen
TCD,2014,69.88473,WHO,Chad
BIH,2006,,WHO,Bosnia and Herzegovina
NGA,2016,45.80901,WHO,Nigeria
TLS,2016,24.94692,WHO,East Timor
ARM,2000,34.18143,WHO,Armenia
COD,2010,,WHO,Democratic Republic of Congo
VNM,2010,,WHO,Vietnam
PER,2004,30.68671,WHO,Peru
COD,2010,,WHO,Democratic Republic of Congo
GTM,2008,,WHO,Guatemala
BLR,2005,,WHO,Belarus
GAB,2012,41.56374,WHO,Gabon
PER,2007,,WHO,Peru
DZA,2018,13.54588,WHO,Algeria
GUY,2014,39.63308,WHO,Guyana
JOR,2002,22.197,WHO,Jordan
VNM,2013,43.37095,WHO,Vietnam
KGZ,2018,12.2271,WHO,Kyrgyzstan
MAR,2003,56.38783,WHO,Morocco
PER,2000,19.72632,WHO,Peru
PER,2020,5.02671,WHO,Peru
HTI,2016,58.89613,WHO,Haiti
MWI,2004,94.51536,WHO,Malawi
PHL,1993,37.12334,WHO,Philippines
UZB,2006,,WHO,Uzbekistan
PNG,2016,33.74847,WHO,Papua New Guinea
COD,2010,,WHO,Democratic Republic of Congo
NER,1998,136.79585,WHO,Niger
GHA,2014,37.62386,WHO,Ghana
GMB,2019,55.6427,WHO,Gambia
SDN,2014,49.68738,WHO,Sudan
CIV,1998,105.85217,WHO,Cote d'Ivoire
VNM,1997,42.69088,WHO,Vietnam
CRI,2011,,WHO,Costa Rica
SLV,2008,,WHO,El Salvador
KIR,2018,,WHO,Kiribati
RWA,2019,26.92963,WHO,Rwanda
MDA,2012,11.88051,WHO,Moldova
NER,2006,90.55368,WHO,Niger
KEN,1993,44.77509,WHO,Kenya
NGA,2013,76.91714,WHO,Nigeria
TTO,2006,,WHO,Trinidad and Tobago
TLS,2016,20.20195,WHO,East Timor
EGY,2014,24.04019,WHO,Egypt
YEM,2006,76.05424,WHO,Yemen
SWZ,2010,51.58454,WHO,Eswatini
PHL,2013,22.62966,WHO,Philippines
NPL,1996,97.54736,WHO,Nepal
GHA,2003,76.184,WHO,Ghana
NGA,2007,,WHO,Nigeria
SRB,2010,,WHO,Serbia
IDN,2002,67.09887,WHO,Indonesia
MLI,2001,147.79671,WHO,Mali
THA,2015,,WHO,Thailand
THA,2012,,WHO,Thailand
MRT,2015,32.83901,WHO,Mauritania
WSM,2019,29.77141,WHO,Samoa
VNM,2010,,WHO,Vietnam
MOZ,2008,106.9725,WHO,Mozambique
STP,2014,3.25061,WHO,Sao Tome and Principe
IDN,2017,37.70621,WHO,Indonesia
IRQ,2018,12.94641,WHO,Iraq
MRT,2011,59.79492,WHO,Mauritania
HTI,2000,90.89788,WHO,Haiti
PER,1996,48.33773,WHO,Peru
CIV,2016,67.52925,WHO,Cote d'Ivoire
TJK,2017,32.05841,WHO,Tajikistan
TGO,2013,61.43496,WHO,Togo
MLI,2012,75.0694,WHO,Mali
TZA,1996,94.87351,WHO,Tanzania
PAK,2012,88.08036,WHO,Pakistan
PER,2018,22.43258,WHO,Peru
PER,2020,,WHO,Peru
BLZ,2006,,WHO,Belize
MDG,1997,133.18883,WHO,Madagascar
AGO,2015,46.89826,WHO,Angola
MNG,2013,39.93923,WHO,Mongolia
MNE,2018,,WHO,Montenegro
KHM,2010,63.84217,WHO,Cambodia
PER,2005,,WHO,Peru
GUY,2019,22.11772,WHO,Guyana
ZWE,1999,88.8523,WHO,Zimbabwe
KGZ,2005,,WHO,Kyrgyzstan
GHA,1998,84.07941,WHO,Ghana
NGA,2018,73.37662,WHO,Nigeria
BTN,2010,,WHO,Bhutan
GIN,1999,119.5222,WHO,Guinea
COD,2013,65.61416,WHO,Democratic Republic of Congo
PAN,2013,,WHO,Panama
SLE,2017,70.03389,WHO,Sierra Leone
CMR,2004,76.50869,WHO,Cameroon
PER,2005,29.48767,WHO,Peru
LAO,2011,106.93467,WHO,Laos
COD,2017,51.54221,WHO,Democratic Republic of Congo
TTO,2011,,WHO,Trinidad and Tobago
PAK,2012,100.15146,WHO,Pakistan
CPV,1998,,WHO,Cape Verde
VNM,2013,17.21572,WHO,Vietnam
MDG,1997,114.44518,WHO,Madagascar
DOM,2002,37.07264,WHO,Dominican Republic
SLE,2005,,WHO,Sierra Leone
BRA,1996,73.67913,WHO,Brazil
KEN,1993,41.76966,WHO,Kenya
DOM,2013,42.44176,WHO,Dominican Republic
HTI,2012,54.65114,WHO,Haiti
KHM,2010,35.58805,WHO,Cambodia
NPL,2011,54.30123,WHO,Nepal
EGY,2008,30.50501,WHO,Egypt
URY,2012,,WHO,Uruguay
MLI,2009,,WHO,Mali
GHA,2011,65.65876,WHO,Ghana
PER,2000,13.90927,WHO,Peru
NIC,1997,40.54697,WHO,Nicaragua
MDG,2008,56.98295,WHO,Madagascar
LSO,2014,,WHO,Lesotho
DOM,2007,,WHO,Dominican Republic
GEO,2005,,WHO,Georgia
MDV,2016,20.63323,WHO,Maldives
NGA,2011,,WHO,Nigeria
PER,2008,32.71586,WHO,Peru
BFA,2010,68.51802,WHO,Burkina Faso
TUR,1993,82.64068,WHO,Turkey
ZWE,2015,68.30853,WHO,Zimbabwe
IND,1998,64.58772,WHO,India
SWZ,2014,33.47797,WHO,Eswatini
MWI,2000,131.48174,WHO,Malawi
SEN,2005,52.39901,WHO,Senegal
BGD,2006,,WHO,Bangladesh
PER,2013,14.39173,WHO,Peru
GIN,2012,68.30258,WHO,Guinea
GMB,2010,,WHO,Gambia
NPL,1996,95.65473,WHO,Nepal
AZE,2006,60.20556,WHO,Azerbaijan
TZA,1996,90.00557,WHO,Tanzania
QAT,2012,,WHO,Qatar
MWI,2019,43.2086,WHO,Malawi
COG,2005,91.67677,WHO,Congo
MMR,2015,37.39178,WHO,Myanmar
GUY,2019,,WHO,Guyana
ARG,2011,,WHO,Argentina
BGD,1993,90.08823,WHO,Bangladesh
MRT,2007,,WHO,Mauritania
HTI,2005,85.0806,WHO,Haiti
SEN,2005,52.06895,WHO,Senegal
MEX,2015,,WHO,Mexico
IND,2015,39.3935,WHO,India
MLI,2018,77.48958,WHO,Mali
PAK,2006,71.16332,WHO,Pakistan
KAZ,2010,,WHO,Kazakhstan
CAF,1994,97.64281,WHO,Central African Republic
PHL,2008,21.07927,WHO,Philippines
CMR,2011,58.20319,WHO,Cameroon
MDG,2008,54.41838,WHO,Madagascar
HND,1996,,WHO,Honduras
STP,2014,32.43775,WHO,Sao Tome and Principe
UZB,1996,43.56531,WHO,Uzbekistan
BDI,2016,56.53949,WHO,Burundi
JAM,2011,,WHO,Jamaica
SLE,2019,79.59168,WHO,Sierra Leone
JOR,2017,17.44484,WHO,Jordan
KGZ,2018,,WHO,Kyrgyzstan
KGZ,1997,24.93507,WHO,Kyrgyzstan
IDN,1997,74.79234,WHO,Indonesia
TZA,1999,,WHO,Tanzania
COG,2011,59.9332,WHO,Congo
HND,2019,16.82871,WHO,Honduras
GHA,2017,41.01805,WHO,Ghana
GMB,2019,44.96557,WHO,Gambia
CMR,2006,,WHO,Cameroon
TCD,2010,,WHO,Chad
GTM,1998,57.0941,WHO,Guatemala
SEN,2017,34.35351,WHO,Senegal
PER,2017,9.73688,WHO,Peru
KHM,2000,,WHO,Cambodia
MOZ,1997,160.38637,WHO,Mozambique
PHL,1998,53.17857,WHO,Philippines
GMB,2005,,WHO,Gambia
MOZ,2008,67.44403,WHO,Mozambique
GUY,2006,,WHO,Guyana
SLV,2002,,WHO,El Salvador
PER,2006,,WHO,Peru
TUV,2019,,WHO,Tuvalu
HTI,2005,52.9358,WHO,Haiti
SLE,2008,97.59147,WHO,Sierra Leone
MKD,2011,,WHO,North Macedonia
UKR,2012,,WHO,Ukraine
SEN,2014,35.65657,WHO,Senegal
MDV,2009,22.7,WHO,Maldives
BLR,2005,,WHO,Belarus
MWI,2010,69.62279,WHO,Malawi
JOR,2002,22.53179,WHO,Jordan
ZWE,2014,58.20863,WHO,Zimbabwe
CUB,2019,,WHO,Cuba
SEN,2015,43.76606,WHO,Senegal
SWZ,2014,48.78186,WHO,Eswatini
BEN,1996,63.32098,WHO,Benin
EGY,2008,38.56031,WHO,Egypt
UKR,2005,,WHO,Ukraine
TCD,2014,63.35442,WHO,Chad
BEN,2011,51.48405,WHO,Benin
PAK,2012,97.06882,WHO,Pakistan
ARM,2015,9.65509,WHO,Armenia
CMR,2014,31.92767,WHO,Cameroon
YEM,2006,38.91281,WHO,Yemen
SEN,2018,63.02875,WHO,Senegal
BGD,2014,42.54432,WHO,Bangladesh
CMR,2011,61.47463,WHO,Cameroon
CAF,2018,69.40426,WHO,Central African Republic
NER,2012,72.24487,WHO,Niger
ETH,2005,90.58912,WHO,Ethiopia
HND,1996,,WHO,Honduras
HND,2019,13.40344,WHO,Honduras
MKD,2018,,WHO,North Macedonia
IDN,1994,,WHO,Indonesia
COL,1995,27.02545,WHO,Colombia
DOM,1999,,WHO,Dominican Republic
BLR,2005,,WHO,Belarus
BLR,2019,,WHO,Belarus
LSO,2004,90.00935,WHO,Lesotho
VNM,2006,,WHO,Vietnam
BFA,2003,72.41782,WHO,Burkina Faso
NPL,1996,80.02457,WHO,Nepal
SWZ,2006,72.1451,WHO,Eswatini
DJI,2006,,WHO,Djibouti
IDN,2017,28.14021,WHO,Indonesia
VNM,2002,13.21037,WHO,Vietnam
TZA,1996,108.10545,WHO,Tanzania
TUV,2019,,WHO,Tuvalu
MOZ,2011,61.35178,WHO,Mozambique
DJI,2006,,WHO,Djibouti
MDV,2016,18.4935,WHO,Maldives
BGD,2011,45.33731,WHO,Bangladesh
GTM,1995,62.70481,WHO,Guatemala
GEO,2018,,WHO,Georgia
CUB,2010,,WHO,Cuba
BIH,2006,,WHO,Bosnia and Herzegovina
BGD,2014,37.37902,WHO,Bangladesh
NPL,2010,,WHO,Nepal
MWI,2000,86.29914,WHO,Malawi
NER,1998,85.81852,WHO,Niger
NIC,2006,,WHO,Nicaragua
TTO,2011,,WHO,Trinidad and Tobago
COL,2005,43.63591,WHO,Colombia
NER,2012,59.77686,WHO,Niger
DOM,1999,34.87449,WHO,Dominican Republic
IRQ,2006,35.6818,WHO,Iraq
UGA,2016,40.68583,WHO,Uganda
PER,2016,0,WHO,Peru
IDN,2012,52.00607,WHO,Indonesia
TZA,1999,117.9591,WHO,Tanzania
MDG,2018,30.32204,WHO,Madagascar
TCD,2019,68.6776,WHO,Chad
YEM,2006,70.46609,WHO,Yemen
NPL,2014,32.97034,WHO,Nepal
BGD,2017,26.31382,WHO,Bangladesh
MRT,2011,57.12758,WHO,Mauritania
EGY,2000,54.51466,WHO,Egypt
TZA,2004,83.23589,WHO,Tanzania
UKR,2012,,WHO,Ukraine
GHA,2008,70.34311,WHO,Ghana
TUN,2011,10.89263,WHO,Tunisia
BGD,2007,57.81341,WHO,Bangladesh
GIN,2005,125.53358,WHO,Guinea
MLI,1995,112.72379,WHO,Mali
PER,2014,13.35113,WHO,Peru
NAM,2013,38.83615,WHO,Namibia
ZWE,2010,57.42024,WHO,Zimbabwe
ZWE,2019,45.19036,WHO,Zimbabwe
ZMB,1996,100.28696,WHO,Zambia
PER,2008,32.94451,WHO,Peru
SEN,2017,48.04985,WHO,Senegal
MDG,2008,55.86584,WHO,Madagascar
SWZ,2006,87.96039,WHO,Eswatini
TKM,2015,20.84467,WHO,Turkmenistan
THA,2019,,WHO,Thailand
AFG,2015,46.44006,WHO,Afghanistan
NGA,2008,88.53767,WHO,Nigeria
GTM,2008,,WHO,Guatemala
NIC,2006,,WHO,Nicaragua
SUR,2018,18.54977,WHO,Suriname
EGY,2000,64.77665,WHO,Egypt
ETH,2000,112.34598,WHO,Ethiopia
ARG,2019,,WHO,Argentina
DOM,2007,30.7443,WHO,Dominican Republic
CAF,2010,,WHO,Central African Republic
UKR,2005,,WHO,Ukraine
HTI,2012,71.89947,WHO,Haiti
MRT,2011,51.70878,WHO,Mauritania
NIC,2001,54.16776,WHO,Nicaragua
MNG,2010,,WHO,Mongolia
TCD,2014,54.88932,WHO,Chad
COL,2000,29.40739,WHO,Colombia
KAZ,2010,,WHO,Kazakhstan
NER,2006,71.0745,WHO,Niger
NPL,2014,39.37645,WHO,Nepal
TLS,2016,34.79247,WHO,East Timor
COL,2015,21.10715,WHO,Colombia
KHM,2014,13.49119,WHO,Cambodia
GNB,2006,,WHO,Guinea-Bissau
TGO,2017,52.23079,WHO,Togo
VNM,2013,12.19653,WHO,Vietnam
ZMB,2001,70.17791,WHO,Zambia
SYR,2006,,WHO,Syria
NPL,2011,32.08451,WHO,Nepal
KHM,2005,51.93267,WHO,Cambodia
GAB,2000,63.24015,WHO,Gabon
SEN,2005,83.6486,WHO,Senegal
PER,2009,22.39426,WHO,Peru
PER,2017,24.9956,WHO,Peru
PER,2008,29.85075,WHO,Peru
PER,2011,15.63615,WHO,Peru
MLI,2012,59.13844,WHO,Mali
THA,2019,,WHO,Thailand
COL,2005,31.40005,WHO,Colombia
NGA,2011,,WHO,Nigeria
GEO,2005,,WHO,Georgia
ZAF,1998,32.64777,WHO,South Africa
BGD,2011,50.87635,WHO,Bangladesh
LBR,2007,110.22101,WHO,Liberia
NGA,2007,,WHO,Nigeria
ECU,1999,,WHO,Ecuador
CAF,2010,,WHO,Central African Republic
KEN,2008,56.63913,WHO,Kenya
VNM,2013,6.87344,WHO,Vietnam
ZAF,2016,30.12606,WHO,South Africa
IDN,2017,42.64101,WHO,Indonesia
TGO,1998,88.37163,WHO,Togo
BGD,2007,47.08351,WHO,Bangladesh
COL,2005,23.83665,WHO,Colombia
NER,2012,65.31554,WHO,Niger
DOM,2002,33.0585,WHO,Dominican Republic
BLR,2012,,WHO,Belarus
IDN,1994,,WHO,Indonesia
BGD,2019,34.09503,WHO,Bangladesh
GUY,2009,41.02942,WHO,Guyana
COL,2000,26.33764,WHO,Colombia
GUY,2019,21.49233,WHO,Guyana
GMB,2010,,WHO,Gambia
ZMB,2018,36.77954,WHO,Zambia
KHM,2010,56.37281,WHO,Cambodia
LSO,2018,87.03515,WHO,Lesotho
EGY,2008,14.87418,WHO,Egypt
MAR,2003,50.94463,WHO,Morocco
SSD,2010,27.06604,WHO,South Sudan
NGA,2013,56.44999,WHO,Nigeria
BDI,2010,85.69375,WHO,Burundi
YEM,2006,106.91927,WHO,Yemen
TGO,2006,,WHO,Togo
NPL,2014,27.3877,WHO,Nepal
MNE,2013,,WHO,Montenegro
DZA,2012,28.2149,WHO,Algeria
UKR,2007,9.20234,WHO,Ukraine
ECU,1994,,WHO,Ecuador
SEN,2005,36.24052,WHO,Senegal
TZA,2015,52.97134,WHO,Tanzania
PRY,1995,,WHO,Paraguay
UKR,2007,,WHO,Ukraine
VNM,2002,22.06626,WHO,Vietnam
GUY,2006,,WHO,Guyana
PER,2013,8.62309,WHO,Peru
ZWE,2015,42.31863,WHO,Zimbabwe
PER,2015,22.71909,WHO,Peru
ZMB,2018,38.02044,WHO,Zambia
IND,2015,,WHO,India
ETH,2011,72.82605,WHO,Ethiopia
NER,1998,79.86244,WHO,Niger
TTO,2011,,WHO,Trinidad and Tobago
ZWE,2010,50.54659,WHO,Zimbabwe
NGA,1999,50.67173,WHO,Nigeria
STP,2019,,WHO,Sao Tome and Principe
ZMB,2018,44.31265,WHO,Zambia
WSM,2019,17.14533,WHO,Samoa
EGY,2000,74.07458,WHO,Egypt
ECU,1999,,WHO,Ecuador
NGA,2016,68.24722,WHO,Nigeria
PER,2004,,WHO,Peru
NGA,2016,54.24996,WHO,Nigeria
IRQ,2006,,WHO,Iraq
JAM,2011,,WHO,Jamaica
MLI,2018,73.14269,WHO,Mali
SLE,2005,,WHO,Sierra Leone
ZWE,2019,62.90225,WHO,Zimbabwe
NPL,2019,37.74671,WHO,Nepal
DZA,2012,20.05225,WHO,Algeria
ARG,2019,,WHO,Argentina
NGA,2018,37.51494,WHO,Nigeria
JOR,2007,36.60939,WHO,Jordan
SEN,2012,56.75533,WHO,Senegal
BLZ,2011,,WHO,Belize
CAF,2010,,WHO,Central African Republic
PER,2008,32.70163,WHO,Peru
BLR,2012,,WHO,Belarus
MWI,2000,93.17622,WHO,Malawi
ZWE,1994,61.61683,WHO,Zimbabwe
MWI,2004,60.19682,WHO,Malawi
GHA,2003,61.77925,WHO,Ghana
IDN,1997,50.26908,WHO,Indonesia
SLV,2014,18.24818,WHO,El Salvador
TCD,2010,,WHO,Chad
DOM,2002,26.54563,WHO,Dominican Republic
BEN,2017,57.73436,WHO,Benin
IDN,2002,50.81876,WHO,Indonesia
CMR,2014,58.24262,WHO,Cameroon
BGD,2007,67.39585,WHO,Bangladesh
IDN,2007,41.21362,WHO,Indonesia
PHL,2008,39.86484,WHO,Philippines
SLV,1998,,WHO,El Salvador
LSO,2004,78.01214,WHO,Lesotho
DOM,1999,,WHO,Dominican Republic
PHL,2013,17.70925,WHO,Philippines
MKD,2011,,WHO,North Macedonia
DOM,2019,19.65965,WHO,Dominican Republic
BGD,2012,,WHO,Bangladesh
SLE,2008,147.9621,WHO,Sierra Leone
SLV,1998,,WHO,El Salvador
SLE,2010,,WHO,Sierra Leone
TZA,2010,63.12724,WHO,Tanzania
CIV,2016,71.94425,WHO,Cote d'Ivoire
GIN,2016,61.52531,WHO,Guinea
KEN,2008,58.8531,WHO,Kenya
DZA,2018,25.37317,WHO,Algeria
MRT,2007,,WHO,Mauritania
GTM,2014,41.12797,WHO,Guatemala
CIV,2011,74.41962,WHO,Cote d'Ivoire
MNE,2018,,WHO,Montenegro
IRQ,2018,19.74074,WHO,Iraq
HTI,2005,96.18966,WHO,Haiti
ZWE,2015,68.71857,WHO,Zimbabwe
CUB,2019,,WHO,Cuba
BIH,2011,,WHO,Bosnia and Herzegovina
KHM,2005,87.56544,WHO,Cambodia
SEN,2015,57.96835,WHO,Senegal
UZB,2006,,WHO,Uzbekistan
VNM,1997,29.00832,WHO,Vietnam
BGD,2019,21.60423,WHO,Bangladesh
SRB,2005,,WHO,Serbia
CRI,2018,,WHO,Costa Rica
JOR,1997,35.35157,WHO,Jordan
HND,2011,32.01865,WHO,Honduras
MOZ,2015,20.85349,WHO,Mozambique
BEN,2017,51.50952,WHO,Benin
PER,2000,41.70457,WHO,Peru
TKM,2006,,WHO,Turkmenistan
TCD,2019,51.70548,WHO,Chad
KHM,2000,29.07065,WHO,Cambodia
DOM,2002,38.92593,WHO,Dominican Republic
KEN,2008,68.2969,WHO,Kenya
TZA,1999,70.77638,WHO,Tanzania
COL,2010,23.87299,WHO,Colombia
PHL,1993,39.96758,WHO,Philippines
PRY,1995,,WHO,Paraguay
MWI,2006,81.08591,WHO,Malawi
SLV,2002,,WHO,El Salvador
TCD,1996,161.40349,WHO,Chad
ARG,2019,,WHO,Argentina
PER,2005,19.08013,WHO,Peru
MDG,2008,35.14581,WHO,Madagascar
MMR,2015,52.41676,WHO,Myanmar
CRI,2011,,WHO,Costa Rica
PAK,2012,,WHO,Pakistan
HND,2011,21.64905,WHO,Honduras
MRT,2007,,WHO,Mauritania
DJI,2006,,WHO,Djibouti
ARM,2010,20.62399,WHO,Armenia
GUY,2006,,WHO,Guyana
ETH,2000,96.52058,WHO,Ethiopia
STP,2019,9.57052,WHO,Sao Tome and Principe
ZAF,2016,26.74098,WHO,South Africa
KEN,1998,62.85542,WHO,Kenya
BOL,2008,36.56768,WHO,Bolivia
RWA,2010,74.77361,WHO,Rwanda
NGA,2018,76.72195,WHO,Nigeria
HTI,1994,84.26173,WHO,Haiti
ZWE,2015,63.38252,WHO,Zimbabwe
IRQ,2018,20.91103,WHO,Iraq
PER,2000,49.97171,WHO,Peru
KEN,1998,67.32512,WHO,Kenya
CMR,2006,,WHO,Cameroon
UKR,1999,,WHO,Ukraine
CMR,2018,,WHO,Cameroon
ZMB,2013,43.18414,WHO,Zambia
NPL,2016,34.83611,WHO,Nepal
CAF,2010,,WHO,Central African Republic
MDA,2005,27.3718,WHO,Moldova
IDN,1997,45.23877,WHO,Indonesia
ZWE,2005,50.63593,WHO,Zimbabwe
YEM,2006,59.04115,WHO,Yemen
IND,2015,19.394,WHO,India
IDN,1994,,WHO,Indonesia
TZA,2015,66.33316,WHO,Tanzania
CIV,2006,,WHO,Cote d'Ivoire
KEN,1998,41.05087,WHO,Kenya
BGD,2011,36.26913,WHO,Bangladesh
NGA,2011,,WHO,Nigeria
TCD,2004,95.46577,WHO,Chad
LSO,2009,87.5642,WHO,Lesotho
BIH,2006,,WHO,Bosnia and Herzegovina
BOL,1994,106.30939,WHO,Bolivia
MLI,2009,,WHO,Mali
SEN,2012,56.23276,WHO,Senegal
PER,2005,34.17561,WHO,Peru
BGD,2004,93.20078,WHO,Bangladesh
YEM,2006,0.08967,WHO,Yemen
PER,2004,,WHO,Peru
BDI,2016,41.60254,WHO,Burundi
DOM,2002,27.72829,WHO,Dominican Republic
PER,2018,14.2435,WHO,Peru
GHA,1998,57.85324,WHO,Ghana
MWI,2013,59.94884,WHO,Malawi
TCD,2019,85.11676,WHO,Chad
CIV,2016,71.20223,WHO,Cote d'Ivoire
CMR,1998,115.42717,WHO,Cameroon
RWA,2005,123.88052,WHO,Rwanda
MLI,2006,105.33421,WHO,Mali
MRT,2011,66.63759,WHO,Mauritania
ZAF,1998,37.20065,WHO,South Africa
VNM,1997,33.7847,WHO,Vietnam
GNB,2006,,WHO,Guinea-Bissau
KHM,2014,37.40738,WHO,Cambodia
PER,2011,30.49647,WHO,Peru
RWA,2000,142.81693,WHO,Rwanda
BRA,1996,27.82538,WHO,Brazil
GTM,2008,,WHO,Guatemala
PRY,2008,,WHO,Paraguay
CAF,2010,,WHO,Central African Republic
ARM,2005,,WHO,Armenia
NGA,2007,,WHO,Nigeria
KEN,2003,106.66123,WHO,Kenya
KGZ,2005,,WHO,Kyrgyzstan
UKR,1999,,WHO,Ukraine
MWI,2004,89.41251,WHO,Malawi
PHL,2013,36.31437,WHO,Philippines
COL,2010,21.91115,WHO,Colombia
BEN,2017,39.30953,WHO,Benin
BEN,1996,115.21349,WHO,Benin
HTI,1994,93.59128,WHO,Haiti
MWI,2010,74.48495,WHO,Malawi
JOR,2007,15.8764,WHO,Jordan
LBR,2007,82.87392,WHO,Liberia
SSD,2010,64.04038,WHO,South Sudan
BGD,2007,62.95808,WHO,Bangladesh
LBR,2019,64.29349,WHO,Liberia
SLV,2002,,WHO,El Salvador
JAM,2005,,WHO,Jamaica
SLE,2013,107.81006,WHO,Sierra Leone
MNE,2005,,WHO,Montenegro
ZWE,2015,56.54455,WHO,Zimbabwe
SDN,2010,72.15891,WHO,Sudan
IND,2015,31.16031,WHO,India
ETH,2019,32.92159,WHO,Ethiopia
SRB,2010,,WHO,Serbia
BEN,2006,80.35797,WHO,Benin
JOR,2002,18.40611,WHO,Jordan
NPL,2019,17.43835,WHO,Nepal
SUR,2018,23.72257,WHO,Suriname
MWI,2019,39.47057,WHO,Malawi
NGA,2016,80.38518,WHO,Nigeria
GEO,2018,,WHO,Georgia
KGZ,2014,23.81909,WHO,Kyrgyzstan
GIN,2016,50.91691,WHO,Guinea
KAZ,2015,,WHO,Kazakhstan
UKR,2005,,WHO,Ukraine
HND,2001,,WHO,Honduras
NGA,2016,41.53497,WHO,Nigeria
QAT,2012,,WHO,Qatar
ARG,2011,,WHO,Argentina
MDG,2008,50.50074,WHO,Madagascar
CMR,2006,,WHO,Cameroon
GEO,2005,,WHO,Georgia
BGD,2019,41.37286,WHO,Bangladesh
GMB,2005,,WHO,Gambia
GUY,2009,31.73587,WHO,Guyana
PER,2015,14.70391,WHO,Peru
UKR,2007,16.7766,WHO,Ukraine
SLE,2019,87.68797,WHO,Sierra Leone
COM,1996,118.45557,WHO,Comoros
IND,2015,44.63992,WHO,India
BLZ,2015,12.07566,WHO,Belize
DZA,2018,19.53661,WHO,Algeria
PER,2020,16.59006,WHO,Peru
KEN,2003,133.48468,WHO,Kenya
TGO,2006,,WHO,Togo
THA,2012,,WHO,Thailand
MWI,2013,50.48955,WHO,Malawi
IND,2005,,WHO,India
MDA,1997,,WHO,Moldova
MNG,2005,,WHO,Mongolia
NER,1998,140.92822,WHO,Niger
NPL,2014,54.10971,WHO,Nepal
GTM,2008,,WHO,Guatemala
SLV,1998,,WHO,El Salvador
BLR,2012,,WHO,Belarus
NGA,2013,89.55393,WHO,Nigeria
MLI,2015,66.88062,WHO,Mali
MNG,2010,,WHO,Mongolia
VNM,1997,24.31499,WHO,Vietnam
MWI,2013,56.15205,WHO,Malawi
MOZ,2015,41.02413,WHO,Mozambique
PER,2005,32.52713,WHO,Peru
KHM,2010,69.05704,WHO,Cambodia
KEN,2003,91.00677,WHO,Kenya
TCD,2019,62.74085,WHO,Chad
MMR,2015,19.8563,WHO,Myanmar
PER,2019,9.86371,WHO,Peru
HND,1991,,WHO,Honduras
PER,2004,13.3985,WHO,Peru
GUY,2014,37.14353,WHO,Guyana
PAK,2012,79.22235,WHO,Pakistan
LSO,2004,69.76197,WHO,Lesotho
SLE,2019,78.95949,WHO,Sierra Leone
KGZ,2014,26.85822,WHO,Kyrgyzstan
NPL,2016,49.94514,WHO,Nepal
PRY,1998,,WHO,Paraguay
MLI,1995,122.91549,WHO,Mali
NIC,2001,33.32739,WHO,Nicaragua
IDN,2017,13.45909,WHO,Indonesia
KGZ,2018,30.40591,WHO,Kyrgyzstan
TGO,2017,51.89341,WHO,Togo
TLS,2009,50.10698,WHO,East Timor
COG,2005,59.08389,WHO,Congo
VNM,1997,30.12706,WHO,Vietnam
CUB,2019,,WHO,Cuba
LAO,2011,54.73171,WHO,Laos
KHM,2014,49.6496,WHO,Cambodia
MDV,2009,28.32653,WHO,Maldives
MNE,2013,,WHO,Montenegro
TGO,2006,,WHO,Togo
GUY,2009,28.77407,WHO,Guyana
BGD,2006,,WHO,Bangladesh
TUR,1998,47.37435,WHO,Turkey
GHA,2014,63.47924,WHO,Ghana
ETH,2005,,WHO,Ethiopia
NPL,1996,56.56866,WHO,Nepal
MDG,2018,47.47955,WHO,Madagascar
LSO,2014,77.1032,WHO,Lesotho
BGD,1996,137.96552,WHO,Bangladesh
AGO,2015,26.79599,WHO,Angola
BEN,2014,57.111,WHO,Benin
PER,2005,29.41963,WHO,Peru
CAF,2006,,WHO,Central African Republic
PER,2015,0,WHO,Peru
SLV,2014,10.1076,WHO,El Salvador
ARG,2011,,WHO,Argentina
GAB,2000,63.72689,WHO,Gabon
CMR,2004,63.24156,WHO,Cameroon
GMB,2005,,WHO,Gambia
COD,2013,63.40151,WHO,Democratic Republic of Congo
BEN,2001,87.48643,WHO,Benin
NER,2012,39.07788,WHO,Niger
NPL,2011,61.39022,WHO,Nepal
MAR,2003,44.12408,WHO,Morocco
GIN,2012,91.37554,WHO,Guinea
MDG,2003,45.47713,WHO,Madagascar
NAM,2000,45.5336,WHO,Namibia
TGO,2013,58.29041,WHO,Togo
BEN,2011,40.69154,WHO,Benin
MWI,2019,42.74688,WHO,Malawi
BTN,2010,,WHO,Bhutan
BGD,2019,29.75418,WHO,Bangladesh
COG,2011,49.79467,WHO,Congo
GHA,2017,37.61684,WHO,Ghana
CRI,2011,,WHO,Costa Rica
SSD,2010,83.35721,WHO,South Sudan
TJK,2012,65.18996,WHO,Tajikistan
ZWE,2009,66.63705,WHO,Zimbabwe
IND,2015,40.63811,WHO,India
MDG,1997,57.47914,WHO,Madagascar
GNB,2014,85.80796,WHO,Guinea-Bissau
NGA,2013,73.87822,WHO,Nigeria
TGO,1998,85.00138,WHO,Togo
AFG,2010,,WHO,Afghanistan
NGA,2018,49.40454,WHO,Nigeria
IDN,2017,24.90989,WHO,Indonesia
BOL,2003,39.03434,WHO,Bolivia
SUR,2006,,WHO,Suriname
MLI,1995,126.49214,WHO,Mali
SEN,2015,37.38371,WHO,Senegal
NAM,2013,35.53552,WHO,Namibia
BEN,2011,53.98458,WHO,Benin
LSO,2004,75.34657,WHO,Lesotho
ZWE,1994,32.56204,WHO,Zimbabwe
GMB,2005,,WHO,Gambia
THA,2012,,WHO,Thailand
SDN,2014,62.91948,WHO,Sudan
TZA,2004,138.00891,WHO,Tanzania
DOM,1996,43.52405,WHO,Dominican Republic
PER,2018,12.23561,WHO,Peru
BTN,2010,,WHO,Bhutan
NGA,1999,,WHO,Nigeria
KGZ,1997,58.33735,WHO,Kyrgyzstan
ARM,2015,12.35327,WHO,Armenia
STP,2014,42.89717,WHO,Sao Tome and Principe
TCD,2014,86.97169,WHO,Chad
CMR,2018,51.06129,WHO,Cameroon
NPL,2001,85.51366,WHO,Nepal
SEN,2010,36.15543,WHO,Senegal
VUT,2007,,WHO,Vanuatu
JOR,2002,20.56011,WHO,Jordan
PER,2004,33.00778,WHO,Peru
GHA,2008,48.82501,WHO,Ghana
HND,2001,,WHO,Honduras
GIN,2005,131.97887,WHO,Guinea
BGD,1993,58.66225,WHO,Bangladesh
NGA,2007,,WHO,Nigeria
SUR,2006,,WHO,Suriname
TZA,2010,56.7622,WHO,Tanzania
TUN,2011,17.36151,WHO,Tunisia
BFA,2003,88.61458,WHO,Burkina Faso
NGA,2011,,WHO,Nigeria
IDN,1997,47.63731,WHO,Indonesia
NGA,2011,,WHO,Nigeria
MRT,2011,59.57086,WHO,Mauritania
ZWE,1999,63.69055,WHO,Zimbabwe
NAM,2013,41.31279,WHO,Namibia
KAZ,2010,,WHO,Kazakhstan
PER,2017,25.90501,WHO,Peru
AZE,2006,49.06018,WHO,Azerbaijan
NPL,2001,77.50423,WHO,Nepal
GHA,2017,56.40872,WHO,Ghana
KAZ,2006,,WHO,Kazakhstan
KEN,2003,70.99796,WHO,Kenya
TZA,1996,75.39994,WHO,Tanzania
COD,2013,58.6512,WHO,Democratic Republic of Congo
GAB,2012,,WHO,Gabon
MWI,2004,99.57914,WHO,Malawi
IDN,2007,44.84185,WHO,Indonesia
BLR,2005,,WHO,Belarus
IDN,2007,47.34586,WHO,Indonesia
SEN,1997,50.15892,WHO,Senegal
CIV,2011,75.85108,WHO,Cote d'Ivoire
UKR,2007,,WHO,Ukraine
IDN,1994,75.16639,WHO,Indonesia
LAO,2011,83.80704,WHO,Laos
KGZ,1997,66.04119,WHO,Kyrgyzstan
TZA,2015,56.91096,WHO,Tanzania
PER,1996,56.14526,WHO,Peru
ARM,2000,37.31673,WHO,Armenia
PER,2019,13.57212,WHO,Peru
NGA,2011,,WHO,Nigeria
DZA,2012,20.36829,WHO,Algeria
MNE,2013,,WHO,Montenegro
NPL,2011,43.95692,WHO,Nepal
BDI,2016,71.49226,WHO,Burundi
SLV,2014,11.07577,WHO,El Salvador
IND,2015,45.37373,WHO,India
CMR,2018,26.02398,WHO,Cameroon
PER,2017,19.15699,WHO,Peru
DOM,2013,48.77877,WHO,Dominican Republic
PER,2019,,WHO,Peru
TKM,2015,29.79979,WHO,Turkmenistan
ETH,2005,66.37011,WHO,Ethiopia
IRQ,2006,43.9895,WHO,Iraq
DOM,2007,25.16048,WHO,Dominican Republic
JAM,2011,,WHO,Jamaica
VNM,2002,22.6865,WHO,Vietnam
GMB,2019,49.44834,WHO,Gambia
YEM,2013,54.1221,WHO,Yemen
GMB,2010,,WHO,Gambia
AZE,2006,42.74063,WHO,Azerbaijan
HTI,2016,84.40936,WHO,Haiti
RWA,2010,60.46621,WHO,Rwanda
TUV,2019,,WHO,Tuvalu
MOZ,2003,106.08367,WHO,Mozambique
SUR,2006,,WHO,Suriname
EGY,2014,25.36798,WHO,Egypt
SEN,2010,50.23779,WHO,Senegal
AFG,2015,123.39699,WHO,Afghanistan
BGD,2014,64.02139,WHO,Bangladesh
IRQ,2011,30.54502,WHO,Iraq
VNM,2013,21.52282,WHO,Vietnam
KAZ,1999,65.76217,WHO,Kazakhstan
LSO,2018,84.37241,WHO,Lesotho
GHA,2014,60.58577,WHO,Ghana
HND,2019,17.47454,WHO,Honduras
TGO,2017,50.3743,WHO,Togo
BFA,2010,60.08865,WHO,Burkina Faso
BLZ,1991,,WHO,Belize
BFA,2003,70.67563,WHO,Burkina Faso
HND,2019,16.09286,WHO,Honduras
NER,1998,99.55957,WHO,Niger
CMR,2004,59.9552,WHO,Cameroon
ARM,2010,17.13446,WHO,Armenia
GAB,2012,53.58678,WHO,Gabon
TJK,2005,,WHO,Tajikistan
BOL,1998,112.47081,WHO,Bolivia
MOZ,2011,76.27282,WHO,Mozambique
TUN,2018,4.76829,WHO,Tunisia
GAB,2012,40.13454,WHO,Gabon
NGA,2007,,WHO,Nigeria
MLI,2018,56.08638,WHO,Mali
MNE,2013,,WHO,Montenegro
VNM,2013,13.23132,WHO,Vietnam
GIN,2012,50.64178,WHO,Guinea
URY,2012,,WHO,Uruguay
ARM,2000,35.93913,WHO,Armenia
JAM,2011,,WHO,Jamaica
SLE,2010,,WHO,Sierra Leone
BGD,1996,91.2365,WHO,Bangladesh
NPL,2001,108.14048,WHO,Nepal
NIC,2001,41.73209,WHO,Nicaragua
GIN,2016,58.37057,WHO,Guinea
JOR,1997,25.88869,WHO,Jordan
NAM,2000,45.26016,WHO,Namibia
MWI,2010,81.37066,WHO,Malawi
COD,2013,42.14085,WHO,Democratic Republic of Congo
DZA,2012,27.69794,WHO,Algeria
CUB,2006,,WHO,Cuba
SEN,2005,52.8804,WHO,Senegal
PAN,2013,,WHO,Panama
GHA,2011,60.5324,WHO,Ghana
AZE,2006,76.41957,WHO,Azerbaijan
YEM,2013,53.35245,WHO,Yemen
COD,2013,72.18924,WHO,Democratic Republic of Congo
ETH,2016,54.32431,WHO,Ethiopia
IRQ,2011,31.17425,WHO,Iraq
DJI,2006,,WHO,Djibouti
PER,2016,19.33103,WHO,Peru
COG,2011,41.67779,WHO,Congo
UGA,2016,43.06221,WHO,Uganda
GEO,2018,,WHO,Georgia
GHA,2017,48.16156,WHO,Ghana
BEN,2017,85.01035,WHO,Benin
ETH,2005,56.62277,WHO,Ethiopia
BGD,1996,103.64756,WHO,Bangladesh
IND,2005,39.37846,WHO,India
KAZ,1995,,WHO,Kazakhstan
ETH,2019,64.63053,WHO,Ethiopia
VNM,1997,30.24054,WHO,Vietnam
BGD,1993,105.24183,WHO,Bangladesh
BGD,1999,68.94561,WHO,Bangladesh
PHL,2013,20.84056,WHO,Philippines
JAM,2011,,WHO,Jamaica
MLI,2015,49.8168,WHO,Mali
DOM,2007,,WHO,Dominican Republic
PER,2020,15.94002,WHO,Peru
EGY,2014,19.70116,WHO,Egypt
KHM,2000,66.35692,WHO,Cambodia
SLV,2014,19.31129,WHO,El Salvador
ARM,2010,21.66699,WHO,Armenia
TUR,2013,9.67274,WHO,Turkey
MNG,2018,30.96862,WHO,Mongolia
CRI,2011,,WHO,Costa Rica
SEN,2015,47.90833,WHO,Senegal
VNM,1997,44.93401,WHO,Vietnam
ALB,2017,15.43155,WHO,Albania
MLI,2009,,WHO,Mali
HND,2019,18.8401,WHO,Honduras
BGD,2007,65.13127,WHO,Bangladesh
TJK,2017,25.62581,WHO,Tajikistan
LBR,2019,82.96202,WHO,Liberia
MLI,2015,67.31702,WHO,Mali
TZA,2010,49.91578,WHO,Tanzania
TGO,2010,,WHO,Togo
SEN,2019,40.69377,WHO,Senegal
LSO,2014,68.25137,WHO,Lesotho
NGA,1999,70.02225,WHO,Nigeria
UKR,2007,,WHO,Ukraine
BGD,2006,,WHO,Bangladesh
SEN,2019,30.46348,WHO,Senegal
TCD,2010,,WHO,Chad
GIN,1999,112.26931,WHO,Guinea
MWI,2010,73.50189,WHO,Malawi
ARM,2010,21.32291,WHO,Armenia
ALB,2008,22.86749,WHO,Albania
IDN,2007,27.62274,WHO,Indonesia
SEN,2019,47.08641,WHO,Senegal
TTO,2011,,WHO,Trinidad and Tobago
PER,2013,0,WHO,Peru
PER,2006,6.31927,WHO,Peru
SRB,2014,,WHO,Serbia
GTM,1998,35.31863,WHO,Guatemala
ALB,2005,,WHO,Albania
RWA,2005,69.04687,WHO,Rwanda
SEN,2015,,WHO,Senegal
KGZ,2012,,WHO,Kyrgyzstan
CRI,2018,,WHO,Costa Rica
PER,2020,14.85709,WHO,Peru
TZA,1999,,WHO,Tanzania
NIC,2001,38.88201,WHO,Nicaragua
SYR,2006,,WHO,Syria
ARM,2000,39.98197,WHO,Armenia
BGD,2017,39.37706,WHO,Bangladesh
BGD,2007,49.83358,WHO,Bangladesh
NGA,2011,,WHO,Nigeria
SUR,2010,,WHO,Suriname
GMB,2013,25.96357,WHO,Gambia
IND,2005,74.88123,WHO,India
SLE,2008,99.20771,WHO,Sierra Leone
GMB,2010,,WHO,Gambia
SEN,2015,46.46743,WHO,Senegal
BEN,2001,106.30262,WHO,Benin
JOR,1997,23.39217,WHO,Jordan
GTM,2008,,WHO,Guatemala
PER,2014,38.04954,WHO,Peru
MLI,2018,73.44008,WHO,Mali
DOM,1999,,WHO,Dominican Republic
IND,2015,58.34953,WHO,India
MLI,1995,140.51453,WHO,Mali
PAK,2017,61.03185,WHO,Pakistan
STP,2008,31.14971,WHO,Sao Tome and Principe
PHL,1998,28.30503,WHO,Philippines
BEN,2006,83.47547,WHO,Benin
UGA,2011,53.95211,WHO,Uganda
SEN,2018,39.92088,WHO,Senegal
TLS,2009,58.98952,WHO,East Timor
BEN,2006,80.17691,WHO,Benin
UKR,2007,18.50331,WHO,Ukraine
HTI,2000,97.21844,WHO,Haiti
EGY,2000,89.00437,WHO,Egypt
NIC,2001,15.95459,WHO,Nicaragua
SEN,2010,43.1694,WHO,Senegal
MDG,1997,89.51105,WHO,Madagascar
SLE,2010,,WHO,Sierra Leone
BOL,1998,94.62696,WHO,Bolivia
PRY,1995,,WHO,Paraguay
MDG,1997,41.83115,WHO,Madagascar
GUY,2019,15.0293,WHO,Guyana
PER,2012,24.92301,WHO,Peru
GNB,2018,27.29838,WHO,Guinea-Bissau
SWZ,2006,77.37936,WHO,Eswatini
UGA,2006,56.38834,WHO,Uganda
BTN,2010,,WHO,Bhutan
PER,2011,18.25819,WHO,Peru
CMR,2011,47.18259,WHO,Cameroon
UKR,2007,16.67263,WHO,Ukraine
ZMB,2007,72.62096,WHO,Zambia
HND,2011,24.91347,WHO,Honduras
ZWE,2019,50.52516,WHO,Zimbabwe
DOM,2002,32.92294,WHO,Dominican Republic
BFA,2010,56.12043,WHO,Burkina Faso
BLR,2012,,WHO,Belarus
UZB,1996,61.44998,WHO,Uzbekistan
MOZ,2011,93.33141,WHO,Mozambique
NGA,2003,148.03569,WHO,Nigeria
SDN,2014,40.86549,WHO,Sudan
GNB,2006,,WHO,Guinea-Bissau
GIN,1999,120.74194,WHO,Guinea
UZB,2006,,WHO,Uzbekistan
AFG,2010,,WHO,Afghanistan
TCD,2014,90.11848,WHO,Chad
ZWE,2010,69.65335,WHO,Zimbabwe
PRY,2008,,WHO,Paraguay
NGA,2008,49.21273,WHO,Nigeria
LAO,2011,45.63242,WHO,Laos
SLE,2017,59.07405,WHO,Sierra Leone
SWZ,2010,0.08842,WHO,Eswatini
GIN,2005,52.74203,WHO,Guinea
GMB,2018,37.9522,WHO,Gambia
EGY,2008,36.51694,WHO,Egypt
MKD,2018,,WHO,North Macedonia
MDG,1997,108.87,WHO,Madagascar
ZMB,2013,49.46785,WHO,Zambia
HND,1996,,WHO,Honduras
RWA,2010,71.4506,WHO,Rwanda
EGY,2014,35.0846,WHO,Egypt
ZMB,2018,41.92386,WHO,Zambia
MDG,2018,37.17675,WHO,Madagascar
PAN,2013,,WHO,Panama
NGA,2016,56.34937,WHO,Nigeria
SDN,2010,53.74283,WHO,Sudan
KEN,2003,56.05235,WHO,Kenya
TUN,2011,15.02918,WHO,Tunisia
SLE,2010,,WHO,Sierra Leone
BLZ,2011,,WHO,Belize
LSO,2014,71.3726,WHO,Lesotho
SUR,2010,,WHO,Suriname
DOM,1996,35.39894,WHO,Dominican Republic
MRT,2015,29.47408,WHO,Mauritania
CMR,2011,85.49562,WHO,Cameroon
PER,2006,22.99673,WHO,Peru
TGO,1998,90.00342,WHO,Togo
HND,1996,,WHO,Honduras
AGO,2015,38.84795,WHO,Angola
CRI,1992,,WHO,Costa Rica
SLE,2010,,WHO,Sierra Leone
TKM,2015,0.03052,WHO,Turkmenistan
MWI,2015,49.65835,WHO,Malawi
KGZ,2014,31.85863,WHO,Kyrgyzstan
PNG,2016,38.80714,WHO,Papua New Guinea
MWI,2006,77.18223,WHO,Malawi
NPL,2006,28.92042,WHO,Nepal
PER,2016,,WHO,Peru
ECU,1999,,WHO,Ecuador
NGA,2011,,WHO,Nigeria
CIV,1994,112.14528,WHO,Cote d'Ivoire
GNB,2006,,WHO,Guinea-Bissau
PER,2014,22.61256,WHO,Peru
PER,2012,12.17289,WHO,Peru
TUN,2011,14.68796,WHO,Tunisia
UGA,2006,53.8208,WHO,Uganda
ZWE,1999,53.99896,WHO,Zimbabwe
WSM,2019,21.12264,WHO,Samoa
TCD,2019,109.51421,WHO,Chad
SEN,2010,59.6381,WHO,Senegal
DOM,2019,18.70065,WHO,Dominican Republic
MOZ,2008,0.13323,WHO,Mozambique
ZMB,2007,83.52239,WHO,Zambia
TGO,2010,,WHO,Togo
ALB,2005,,WHO,Albania
ALB,2002,,WHO,Albania
NGA,2016,0.08905,WHO,Nigeria
PHL,2008,35.11196,WHO,Philippines
ECU,2004,,WHO,Ecuador
GHA,2008,62.43865,WHO,Ghana
GNB,2018,66.77112,WHO,Guinea-Bissau
CUB,2019,,WHO,Cuba
VUT,2007,,WHO,Vanuatu
BDI,2016,44.31616,WHO,Burundi
PER,2011,19.27776,WHO,Peru
PHL,1998,50.24527,WHO,Philippines
RWA,2019,30.74118,WHO,Rwanda
ETH,2011,34.42301,WHO,Ethiopia
BDI,2016,33.68848,WHO,Burundi
TCD,2014,80.59708,WHO,Chad
CPV,1998,,WHO,Cape Verde
COD,2010,,WHO,Democratic Republic of Congo
COL,1995,23.47765,WHO,Colombia
LSO,2009,94.51292,WHO,Lesotho
ZAF,2016,36.71623,WHO,South Africa
SLE,2017,58.35509,WHO,Sierra Leone
NGA,1999,,WHO,Nigeria
AFG,2010,,WHO,Afghanistan
DZA,2018,9.56608,WHO,Algeria
SLE,2017,55.01651,WHO,Sierra Leone
MLI,1995,178.62881,WHO,Mali
TTO,2006,,WHO,Trinidad and Tobago
KAZ,2006,,WHO,Kazakhstan
PER,2014,0,WHO,Peru
BLZ,1991,,WHO,Belize
SEN,2010,62.89663,WHO,Senegal
IDN,1997,78.09834,WHO,Indonesia
PER,1996,34.33381,WHO,Peru
COL,1995,28.34061,WHO,Colombia
TCD,2004,152.62491,WHO,Chad
LBR,2007,105.01495,WHO,Liberia
BLR,2005,,WHO,Belarus
NPL,2011,62.89571,WHO,Nepal
TGO,2006,,WHO,Togo
LSO,2004,117.12308,WHO,Lesotho
HTI,2000,70.03909,WHO,Haiti
NIC,2001,21.90042,WHO,Nicaragua
HND,2001,,WHO,Honduras
COG,2005,74.66456,WHO,Congo
BFA,2006,,WHO,Burkina Faso
UZB,2006,,WHO,Uzbekistan
VNM,2013,36.49153,WHO,Vietnam
CMR,2018,66.48908,WHO,Cameroon
CIV,2011,93.25579,WHO,Cote d'Ivoire
BGD,1996,84.20388,WHO,Bangladesh
CAF,2006,,WHO,Central African Republic
BGD,2006,,WHO,Bangladesh
KAZ,2015,,WHO,Kazakhstan
SLV,1993,,WHO,El Salvador
MRT,2007,,WHO,Mauritania
PER,2012,17.583,WHO,Peru
DOM,1996,54.54342,WHO,Dominican Republic
TZA,2015,,WHO,Tanzania
IRQ,2018,11.5437,WHO,Iraq
GTM,2008,,WHO,Guatemala
ZWE,2010,44.22193,WHO,Zimbabwe
TKM,2019,32.27523,WHO,Turkmenistan
MWI,2013,56.67984,WHO,Malawi
ARM,2000,59.75217,WHO,Armenia
PER,2016,22.07333,WHO,Peru
PHL,1998,47.62528,WHO,Philippines
HTI,2012,51.82197,WHO,Haiti
PER,2004,38.03976,WHO,Peru
PRY,2016,8.45164,WHO,Paraguay
GUY,2006,,WHO,Guyana
GIN,2018,50.51136,WHO,Guinea
UKR,2007,15.565,WHO,Ukraine
NIC,1997,41.57503,WHO,Nicaragua
LBR,2013,71.91264,WHO,Liberia
UGA,2016,71.90213,WHO,Uganda
COL,2010,18.61084,WHO,Colombia
NIC,2001,23.92573,WHO,Nicaragua
GHA,2011,65.57915,WHO,Ghana
ZAF,2016,16.80594,WHO,South Africa
UKR,2007,18.42543,WHO,Ukraine
KAZ,2015,,WHO,Kazakhstan
TCD,1996,99.39752,WHO,Chad
PER,2010,15.16145,WHO,Peru
PER,2017,23.49177,WHO,Peru
MWI,2000,93.19673,WHO,Malawi
BDI,2005,,WHO,Burundi
KEN,2014,44.22305,WHO,Kenya
JAM,2011,,WHO,Jamaica
DZA,2012,26.25,WHO,Algeria
PHL,1993,43.55258,WHO,Philippines
IDN,2002,34.5323,WHO,Indonesia
GMB,2019,59.95358,WHO,Gambia
HND,2001,,WHO,Honduras
PER,2011,13.18624,WHO,Peru
HND,2001,,WHO,Honduras
ZMB,2007,94.10377,WHO,Zambia
GNB,2018,35.23044,WHO,Guinea-Bissau
MWI,2019,42.12371,WHO,Malawi
KHM,2005,111.38515,WHO,Cambodia
GIN,1999,79.17605,WHO,Guinea
ZMB,2001,107.9329,WHO,Zambia
NGA,2011,,WHO,Nigeria
STP,2008,38.98671,WHO,Sao Tome and Principe
GMB,2010,,WHO,Gambia
PER,2016,0,WHO,Peru
SDN,2014,45.8112,WHO,Sudan
HND,2005,34.07035,WHO,Honduras
MWI,2013,53.64572,WHO,Malawi
IDN,2012,31.76935,WHO,Indonesia
NPL,2006,37.22536,WHO,Nepal
DZA,2018,15.61773,WHO,Algeria
SLV,2014,26.5144,WHO,El Salvador
ZMB,2018,38.84058,WHO,Zambia
KEN,2003,70.71236,WHO,Kenya
MLI,2006,122.16497,WHO,Mali
DOM,1996,64.61157,WHO,Dominican Republic
GUY,2009,31.47658,WHO,Guyana
PRY,1998,,WHO,Paraguay
PAK,2017,69.04459,WHO,Pakistan
PER,2016,17.88461,WHO,Peru
NGA,2013,96.12757,WHO,Nigeria
GIN,2016,48.80801,WHO,Guinea
NIC,1997,45.70531,WHO,Nicaragua
GNB,2018,33.44169,WHO,Guinea-Bissau
KEN,2014,39.70695,WHO,Kenya
KHM,2005,100.64568,WHO,Cambodia
VNM,1997,31.9056,WHO,Vietnam
PER,2016,12.07026,WHO,Peru
BDI,2010,48.63309,WHO,Burundi
GTM,2014,29.85269,WHO,Guatemala
PHL,2017,21.72416,WHO,Philippines
BGD,2014,49.86807,WHO,Bangladesh
LSO,2018,81.27728,WHO,Lesotho
TGO,2017,46.58302,WHO,Togo
EGY,1995,50.63447,WHO,Egypt
PER,2007,38.62432,WHO,Peru
MMR,2015,55.83312,WHO,Myanmar
TGO,2010,,WHO,Togo
DOM,1999,,WHO,Dominican Republic
KGZ,2018,14.2224,WHO,Kyrgyzstan
ECU,2004,,WHO,Ecuador
KHM,2014,30.66176,WHO,Cambodia
GTM,1998,50.81295,WHO,Guatemala
IND,2015,64.31212,WHO,India
ECU,2004,,WHO,Ecuador
NGA,2011,,WHO,Nigeria
IRQ,2006,,WHO,Iraq
ZMB,2013,47.87823,WHO,Zambia
STP,2014,34.60335,WHO,Sao Tome and Principe
MLI,1995,145.02147,WHO,Mali
ZWE,2015,60.32344,WHO,Zimbabwe
TTO,2006,,WHO,Trinidad and Tobago
GIN,2005,100.55872,WHO,Guinea
MLI,1995,,WHO,Mali
PRY,2016,19.51927,WHO,Paraguay
IRQ,2006,,WHO,Iraq
COD,2007,94.39539,WHO,Democratic Republic of Congo
SUR,2006,,WHO,Suriname
HND,2005,27.52443,WHO,Honduras
GIN,2018,57.63228,WHO,Guinea
GHA,1998,,WHO,Ghana
VNM,2002,15.18822,WHO,Vietnam
COL,2000,28.21041,WHO,Colombia
GTM,2008,,WHO,Guatemala
TTO,2006,,WHO,Trinidad and Tobago
ZWE,2005,48.59141,WHO,Zimbabwe
BLR,2012,,WHO,Belarus
BGD,2006,,WHO,Bangladesh
TKM,2015,34.32699,WHO,Turkmenistan
BGD,2006,,WHO,Bangladesh
HTI,2016,60.88547,WHO,Haiti
IDN,2002,53.25757,WHO,Indonesia
MLI,2015,58.69279,WHO,Mali
UKR,1999,,WHO,Ukraine
COL,2005,21.29333,WHO,Colombia
PAK,2017,66.47317,WHO,Pakistan
THA,2012,,WHO,Thailand
GHA,2003,79.52857,WHO,Ghana
PER,2009,22.76358,WHO,Peru
SLV,1998,,WHO,El Salvador
MDA,2012,16.31311,WHO,Moldova
TUN,2018,17.1707,WHO,Tunisia
UKR,2005,,WHO,Ukraine
TKM,2015,33.37121,WHO,Turkmenistan
MDA,1997,,WHO,Moldova
MOZ,2011,71.05636,WHO,Mozambique
MDG,2018,36.86601,WHO,Madagascar
ZMB,2018,19.41036,WHO,Zambia
COL,2000,13.85711,WHO,Colombia
TZA,1999,117.53937,WHO,Tanzania
GMB,2019,43.69737,WHO,Gambia
UKR,2005,,WHO,Ukraine
BRB,2012,,WHO,Barbados
JOR,2017,15.00981,WHO,Jordan
DOM,2007,19.67513,WHO,Dominican Republic
ALB,2017,3.30282,WHO,Albania
COD,2010,,WHO,Democratic Republic of Congo
TJK,2005,,WHO,Tajikistan
PRY,1995,,WHO,Paraguay
SLV,1998,,WHO,El Salvador
SEN,2015,49.28538,WHO,Senegal
KAZ,1999,62.04486,WHO,Kazakhstan
TUN,2011,,WHO,Tunisia
BGD,2007,58.05394,WHO,Bangladesh
TZA,2015,38.54385,WHO,Tanzania
COD,2007,135.47937,WHO,Democratic Republic of Congo
BDI,2016,48.76421,WHO,Burundi
AZE,2006,,WHO,Azerbaijan
TUR,1998,51.03931,WHO,Turkey
UGA,2016,52.59312,WHO,Uganda
PER,2012,16.40669,WHO,Peru
HND,2019,27.8691,WHO,Honduras
MWI,2013,60.92031,WHO,Malawi
GEO,2005,,WHO,Georgia
ZWE,1994,46.55997,WHO,Zimbabwe
BEN,2011,24.41036,WHO,Benin
YEM,2006,76.06614,WHO,Yemen
TJK,2017,33.26099,WHO,Tajikistan
MNG,2010,,WHO,Mongolia
PER,2012,11.86841,WHO,Peru
GNB,2014,72.26192,WHO,Guinea-Bissau
BEN,2017,33.62907,WHO,Benin
NER,2006,91.14507,WHO,Niger
THA,2012,,WHO,Thailand
MRT,2007,,WHO,Mauritania
ZMB,2013,53.1473,WHO,Zambia
ETH,2000,80.98866,WHO,Ethiopia
KHM,2010,48.57736,WHO,Cambodia
ETH,2000,126.7728,WHO,Ethiopia
BFA,2006,,WHO,Burkina Faso
RWA,2014,44.35317,WHO,Rwanda
TZA,1999,99.86075,WHO,Tanzania
IRQ,2006,35.15037,WHO,Iraq
JAM,2005,,WHO,Jamaica
SUR,2018,27.62635,WHO,Suriname
PER,2006,19.62687,WHO,Peru
MNG,2018,8.77671,WHO,Mongolia
HND,2001,,WHO,Honduras
GMB,2010,,WHO,Gambia
BRB,2012,,WHO,Barbados
SDN,2014,49.67984,WHO,Sudan
VNM,2006,,WHO,Vietnam
YEM,2006,93.2573,WHO,Yemen
COL,2005,26.18994,WHO,Colombia
SYR,2006,,WHO,Syria
NGA,2018,76.93704,WHO,Nigeria
JOR,2007,19.7808,WHO,Jordan
HTI,2005,68.04056,WHO,Haiti
PHL,2008,24.59371,WHO,Philippines
PER,2014,31.81197,WHO,Peru
IND,1998,89.60928,WHO,India
MWI,2006,87.28623,WHO,Malawi
TUR,2013,19.4396,WHO,Turkey
HND,2011,18.01682,WHO,Honduras
SEN,2010,43.5314,WHO,Senegal
SLV,2002,,WHO,El Salvador
TON,2019,,WHO,Tonga
CAF,1994,109.18714,WHO,Central African Republic
KGZ,2018,30.85675,WHO,Kyrgyzstan
NAM,2006,49.11406,WHO,Namibia
TZA,1999,105.23952,WHO,Tanzania
ZWE,2005,46.97139,WHO,Zimbabwe
SEN,2016,43.68666,WHO,Senegal
SRB,2005,,WHO,Serbia
PER,2007,,WHO,Peru
COD,2013,61.9045,WHO,Democratic Republic of Congo
IDN,2017,38.10308,WHO,Indonesia
ZWE,2014,50.46602,WHO,Zimbabwe
ARG,2019,,WHO,Argentina
KEN,2003,62.20789,WHO,Kenya
LBR,2019,72.54604,WHO,Liberia
SSD,2010,42.08225,WHO,South Sudan
MDA,2005,26.99977,WHO,Moldova
COG,2011,36.01636,WHO,Congo
GHA,2008,63.13789,WHO,Ghana
GHA,2017,38.16265,WHO,Ghana
EGY,2014,33.807,WHO,Egypt
ZWE,2019,54.23051,WHO,Zimbabwe
TGO,2010,,WHO,Togo
MNG,2005,,WHO,Mongolia
KAZ,2010,,WHO,Kazakhstan
VNM,2006,,WHO,Vietnam
DZA,2018,14.99624,WHO,Algeria
ZMB,1996,66.23991,WHO,Zambia
BGD,1999,82.20338,WHO,Bangladesh
PER,2007,,WHO,Peru
VNM,2002,53.82396,WHO,Vietnam
KGZ,2014,,WHO,Kyrgyzstan
EGY,2014,35.18659,WHO,Egypt
COD,2007,107.78729,WHO,Democratic Republic of Congo
KAZ,1999,28.2934,WHO,Kazakhstan
PAK,2012,74.69267,WHO,Pakistan
MNG,2018,20.8183,WHO,Mongolia
ZWE,2015,67.62915,WHO,Zimbabwe
PER,2012,14.99243,WHO,Peru
TCD,1996,112.00581,WHO,Chad
ARM,2000,44.89991,WHO,Armenia
KHM,2000,68.51752,WHO,Cambodia
BEN,2011,44.11216,WHO,Benin
NAM,2006,47.55392,WHO,Namibia
PER,2007,32.18933,WHO,Peru
SEN,2015,26.76078,WHO,Senegal
CIV,2016,66.13559,WHO,Cote d'Ivoire
AFG,2015,68.05979,WHO,Afghanistan
SRB,2010,,WHO,Serbia
DOM,2019,19.47535,WHO,Dominican Republic
MLI,2006,113.89632,WHO,Mali
SWZ,2010,86.15734,WHO,Eswatini
EGY,2008,25.94869,WHO,Egypt
MOZ,2015,25.93132,WHO,Mozambique
GHA,1993,82.80678,WHO,Ghana
SWZ,2010,70.66158,WHO,Eswatini
SLE,2017,0.07323,WHO,Sierra Leone
UZB,2006,,WHO,Uzbekistan
SUR,2018,16.36391,WHO,Suriname
JOR,2012,14.85326,WHO,Jordan
VNM,2010,,WHO,Vietnam
MDG,2018,46.92341,WHO,Madagascar
MOZ,2003,119.77895,WHO,Mozambique
NGA,2008,99.80013,WHO,Nigeria
BGD,2004,64.7852,WHO,Bangladesh
ZWE,1994,50.45663,WHO,Zimbabwe
KAZ,2006,,WHO,Kazakhstan
MDG,2018,48.02806,WHO,Madagascar
MNG,2010,,WHO,Mongolia
PER,2020,13.03668,WHO,Peru
PER,2014,0,WHO,Peru
NPL,2010,,WHO,Nepal
MNG,2013,21.89969,WHO,Mongolia
KHM,2014,17.00937,WHO,Cambodia
NER,2006,122.67312,WHO,Niger
TCD,2010,,WHO,Chad
CMR,2006,,WHO,Cameroon
TON,2019,10.1985,WHO,Tonga
TZA,2004,104.92564,WHO,Tanzania
SRB,2019,,WHO,Serbia
URY,2012,,WHO,Uruguay
HTI,2000,70.9778,WHO,Haiti
HND,2019,16.82943,WHO,Honduras
STP,2019,22.63139,WHO,Sao Tome and Principe
MDV,2009,20.77507,WHO,Maldives
COG,2014,12.32119,WHO,Congo
COD,2017,26.72932,WHO,Democratic Republic of Congo
AZE,2006,63.3436,WHO,Azerbaijan
ETH,2005,66.57294,WHO,Ethiopia
TKM,2006,,WHO,Turkmenistan
TON,2019,,WHO,Tonga
MNG,2018,7.34176,WHO,Mongolia
ZWE,1994,57.80601,WHO,Zimbabwe
PNG,2016,22.04855,WHO,Papua New Guinea
GHA,2008,51.47576,WHO,Ghana
TUR,1998,80.87611,WHO,Turkey
SLV,1998,,WHO,El Salvador
COD,2017,48.8143,WHO,Democratic Republic of Congo
BEN,2011,49.68531,WHO,Benin
MWI,2000,139.76314,WHO,Malawi
MWI,2013,71.65048,WHO,Malawi
PER,2007,20.59003,WHO,Peru
MAR,2003,41.28429,WHO,Morocco
MDG,2003,65.31097,WHO,Madagascar
TUR,2013,15.95906,WHO,Turkey
SUR,2006,,WHO,Suriname
SRB,2014,,WHO,Serbia
NER,2006,97.70753,WHO,Niger
VNM,2010,,WHO,Vietnam
KHM,2000,102.45848,WHO,Cambodia
NGA,2011,,WHO,Nigeria
SYR,2006,,WHO,Syria
SEN,2018,32.90579,WHO,Senegal
SWZ,2006,70.35501,WHO,Eswatini
TTO,2006,,WHO,Trinidad and Tobago
MLI,2012,56.57281,WHO,Mali
MWI,2015,42.668,WHO,Malawi
CMR,2004,88.79152,WHO,Cameroon
MOZ,2008,88.42348,WHO,Mozambique
COL,1995,31.37208,WHO,Colombia
MOZ,1997,48.51511,WHO,Mozambique
DOM,2013,28.32927,WHO,Dominican Republic
VNM,1997,41.984,WHO,Vietnam
BFA,2006,,WHO,Burkina Faso
GIN,1999,117.66573,WHO,Guinea
DOM,2002,36.82315,WHO,Dominican Republic
MDV,2009,21.43213,WHO,Maldives
TUN,2011,15.41123,WHO,Tunisia
NGA,2011,,WHO,Nigeria
COL,2005,20.33453,WHO,Colombia
SEN,1997,81.41292,WHO,Senegal
CUB,2006,,WHO,Cuba
PER,2014,17.99281,WHO,Peru
MWI,2015,38.35621,WHO,Malawi
NGA,2011,,WHO,Nigeria
KAZ,2015,,WHO,Kazakhstan
BDI,2005,,WHO,Burundi
BOL,1994,29.74639,WHO,Bolivia
TKM,2015,25.36056,WHO,Turkmenistan
BFA,2003,87.77948,WHO,Burkina Faso
MLI,1995,78.59541,WHO,Mali
ARG,2019,,WHO,Argentina
NER,2006,96.64268,WHO,Niger
PER,2013,,WHO,Peru
BIH,2011,,WHO,Bosnia and Herzegovina
TZA,2015,60.81168,WHO,Tanzania
PRY,2016,16.33776,WHO,Paraguay
ZWE,2015,64.69993,WHO,Zimbabwe
DOM,2002,38.09054,WHO,Dominican Republic
CRI,1992,,WHO,Costa Rica
KAZ,2015,,WHO,Kazakhstan
MOZ,2008,118.22203,WHO,Mozambique
STP,2019,15.83315,WHO,Sao Tome and Principe
MDA,2005,12.36623,WHO,Moldova
ECU,2004,,WHO,Ecuador
GMB,2010,,WHO,Gambia
TUV,2019,,WHO,Tuvalu
KGZ,2005,,WHO,Kyrgyzstan
COL,2015,21.82681,WHO,Colombia
URY,2012,,WHO,Uruguay
TUR,1998,54.64695,WHO,Turkey
TZA,1996,98.00559,WHO,Tanzania
UKR,2012,,WHO,Ukraine
TUV,2019,,WHO,Tuvalu
GUY,2009,33.03857,WHO,Guyana
BEN,2017,55.88896,WHO,Benin
ETH,2011,62.65862,WHO,Ethiopia
MDA,1997,,WHO,Moldova
ECU,1999,,WHO,Ecuador
KGZ,2014,20.9336,WHO,Kyrgyzstan
VNM,2013,11.05079,WHO,Vietnam
BLZ,1991,,WHO,Belize
ETH,2019,56.95813,WHO,Ethiopia
UGA,2006,85.05219,WHO,Uganda
NPL,2014,35.71494,WHO,Nepal
TKM,2006,,WHO,Turkmenistan
VNM,2013,8.42521,WHO,Vietnam
MDA,2005,25.43123,WHO,Moldova
MLI,2001,133.02745,WHO,Mali
BGD,2014,54.40612,WHO,Bangladesh
YEM,2006,60.05801,WHO,Yemen
DOM,1996,66.70284,WHO,Dominican Republic
CUB,2019,,WHO,Cuba
MDG,2008,60.91157,WHO,Madagascar
MWI,2015,36.98921,WHO,Malawi
LAO,2017,37.86074,WHO,Laos
MDG,2003,60.54057,WHO,Madagascar
ETH,2000,81.6195,WHO,Ethiopia
NAM,2006,44.98,WHO,Namibia
ZWE,2015,54.10304,WHO,Zimbabwe
MWI,2013,55.42183,WHO,Malawi
BLZ,2011,,WHO,Belize
UKR,2005,,WHO,Ukraine
MEX,2015,,WHO,Mexico
BEN,2017,53.32027,WHO,Benin
IRQ,2006,42.0496,WHO,Iraq
SLE,2010,,WHO,Sierra Leone
IND,2005,73.24589,WHO,India
NGA,2018,49.60106,WHO,Nigeria
KHM,2005,108.64139,WHO,Cambodia
ZWE,1999,63.12872,WHO,Zimbabwe
PRY,1998,,WHO,Paraguay
UZB,2006,,WHO,Uzbekistan
BGD,2014,32.31105,WHO,Bangladesh
PER,2017,15.53949,WHO,Peru
NGA,2016,27.98474,WHO,Nigeria
TGO,2006,,WHO,Togo
PER,2013,26.75314,WHO,Peru
QAT,2012,,WHO,Qatar
CAF,2010,,WHO,Central African Republic
GHA,2003,54.62202,WHO,Ghana
DOM,2007,23.48414,WHO,Dominican Republic
NPL,2011,52.19933,WHO,Nepal
GNB,2018,46.93145,WHO,Guinea-Bissau
TUR,2013,6.26442,WHO,Turkey
NAM,2013,45.11773,WHO,Namibia
IDN,1994,29.7752,WHO,Indonesia
BEN,2001,109.62996,WHO,Benin
BDI,2005,,WHO,Burundi
NGA,2003,80.78793,WHO,Nigeria
PRY,2008,,WHO,Paraguay
PER,1996,73.28896,WHO,Peru
CUB,2019,,WHO,Cuba
SRB,2005,,WHO,Serbia
SDN,2010,31.08537,WHO,Sudan
ETH,2000,100.57714,WHO,Ethiopia
CMR,2006,,WHO,Cameroon
MOZ,2015,19.34225,WHO,Mozambique
MOZ,2015,26.91815,WHO,Mozambique
MRT,2011,58.99422,WHO,Mauritania
NGA,2007,,WHO,Nigeria
GHA,2011,37.71106,WHO,Ghana
IDN,1994,51.06461,WHO,Indonesia
GUY,2019,40.00541,WHO,Guyana
BIH,2006,,WHO,Bosnia and Herzegovina
BGD,2017,39.46032,WHO,Bangladesh
BLZ,2015,19.59989,WHO,Belize
SRB,2019,,WHO,Serbia
TTO,2006,,WHO,Trinidad and Tobago
GHA,2014,48.00116,WHO,Ghana
MWI,2004,88.01334,WHO,Malawi
SSD,2010,65.2867,WHO,South Sudan
GHA,2014,46.24849,WHO,Ghana
TON,2019,10.06826,WHO,Tonga
HTI,2012,58.01562,WHO,Haiti
MLI,2006,108.28292,WHO,Mali
ECU,2004,,WHO,Ecuador
MNG,2005,,WHO,Mongolia
NIC,2001,50.891,WHO,Nicaragua
LBR,2013,66.88713,WHO,Liberia
PER,2008,16.917,WHO,Peru
IDN,1997,78.12356,WHO,Indonesia
TUR,1998,42.21253,WHO,Turkey
KAZ,2006,,WHO,Kazakhstan
BLR,2019,,WHO,Belarus
MLI,1995,139.56419,WHO,Mali
JOR,2007,26.95383,WHO,Jordan
MOZ,2011,80.3362,WHO,Mozambique
TTO,2006,,WHO,Trinidad and Tobago
HND,2019,,WHO,Honduras
SLE,2008,113.72156,WHO,Sierra Leone
MDG,2018,41.84953,WHO,Madagascar
GHA,2006,,WHO,Ghana
GHA,2008,59.16296,WHO,Ghana
GMB,2019,43.94445,WHO,Gambia
ETH,2000,116.17188,WHO,Ethiopia
GHA,2006,,WHO,Ghana
HTI,2005,91.00351,WHO,Haiti
TCD,2004,122.3784,WHO,Chad
IDN,1994,58.7898,WHO,Indonesia
DOM,1999,39.12451,WHO,Dominican Republic
BLR,2019,,WHO,Belarus
BRB,2012,,WHO,Barbados
ZMB,2018,40.38161,WHO,Zambia
DOM,2019,19.1506,WHO,Dominican Republic
JOR,1997,30.0573,WHO,Jordan
LBR,2019,63.12285,WHO,Liberia
PAK,2017,75.35964,WHO,Pakistan
CMR,2011,51.02251,WHO,Cameroon
NPL,1996,70.3266,WHO,Nepal
PER,2011,11.55316,WHO,Peru
CUB,2006,,WHO,Cuba
ZMB,2013,44.42158,WHO,Zambia
GHA,2006,,WHO,Ghana
LAO,2011,120.39003,WHO,Laos
MLI,2001,140.56601,WHO,Mali
DOM,1999,37.54438,WHO,Dominican Republic
IDN,1994,87.39762,WHO,Indonesia
CIV,2006,,WHO,Cote d'Ivoire
PER,2004,,WHO,Peru
MNE,2018,,WHO,Montenegro
IDN,2017,27.93291,WHO,Indonesia
GMB,2018,57.84767,WHO,Gambia
TKM,2019,34.48634,WHO,Turkmenistan
DOM,2002,39.22876,WHO,Dominican Republic
NGA,2011,,WHO,Nigeria
TCD,2014,74.70155,WHO,Chad
PHL,2017,8.64934,WHO,Philippines
CAF,2010,,WHO,Central African Republic
UGA,2000,82.14922,WHO,Uganda
MAR,2003,53.11633,WHO,Morocco
PER,2004,26.48427,WHO,Peru
MOZ,2011,68.6705,WHO,Mozambique
TCD,1996,79.83726,WHO,Chad
GEO,2018,,WHO,Georgia
NER,2006,112.6517,WHO,Niger
NGA,2011,,WHO,Nigeria
PHL,1993,57.23294,WHO,Philippines
KAZ,1995,46.68891,WHO,Kazakhstan
ZAF,1998,36.13721,WHO,South Africa
DJI,2006,,WHO,Djibouti
DOM,2014,27.72297,WHO,Dominican Republic
COD,2007,92.50963,WHO,Democratic Republic of Congo
ZWE,2014,57.49391,WHO,Zimbabwe
MKD,2005,,WHO,North Macedonia
MDV,2016,,WHO,Maldives
SLE,2017,72.75062,WHO,Sierra Leone
PER,2006,40.88261,WHO,Peru
TUV,2019,21.55833,WHO,Tuvalu
GHA,2008,54.71125,WHO,Ghana
PHL,2017,24.29596,WHO,Philippines
CMR,2006,,WHO,Cameroon
GUY,2019,29.07877,WHO,Guyana
ETH,2016,62.14357,WHO,Ethiopia
BEN,2011,40.55888,WHO,Benin
PER,2015,10.18574,WHO,Peru
SLV,2014,23.63732,WHO,El Salvador
STP,2019,,WHO,Sao Tome and Principe
SEN,2010,49.3705,WHO,Senegal
BLZ,2015,0.01861,WHO,Belize
KAZ,1995,41.52136,WHO,Kazakhstan
ARM,2015,6.70893,WHO,Armenia
PRY,2004,,WHO,Paraguay
BGD,2007,41.24103,WHO,Bangladesh
SUR,2006,,WHO,Suriname
BEN,1996,106.73287,WHO,Benin
KHM,2005,88.42022,WHO,Cambodia
PER,2020,13.70538,WHO,Peru
MLI,1995,135.60037,WHO,Mali
GTM,2014,24.4365,WHO,Guatemala
ETH,2011,75.91593,WHO,Ethiopia
PRY,1995,,WHO,Paraguay
TCD,2014,48.51218,WHO,Chad
VNM,2010,,WHO,Vietnam
VNM,2002,22.34393,WHO,Vietnam
NGA,2016,100.97547,WHO,Nigeria
SEN,2005,62.70367,WHO,Senegal
DOM,1996,38.93632,WHO,Dominican Republic
BOL,1998,52.98355,WHO,Bolivia
MDG,2018,37.01554,WHO,Madagascar
ETH,2005,81.36295,WHO,Ethiopia
ARM,2005,,WHO,Armenia
MDV,2016,9.89698,WHO,Maldives
BEN,2011,48.90115,WHO,Benin
EGY,2000,61.81723,WHO,Egypt
IRQ,2011,26.45516,WHO,Iraq
KIR,2018,39.46678,WHO,Kiribati
CIV,2016,67.11366,WHO,Cote d'Ivoire
PRY,2008,,WHO,Paraguay
KGZ,2018,19.22423,WHO,Kyrgyzstan
SLE,2005,,WHO,Sierra Leone
PNG,2016,45.59789,WHO,Papua New Guinea
ZAF,1998,29.89634,WHO,South Africa
CAF,2006,,WHO,Central African Republic
PAK,2017,85.16055,WHO,Pakistan
CIV,1994,60.95919,WHO,Cote d'Ivoire
NAM,2013,40.22371,WHO,Namibia
CMR,2014,62.55378,WHO,Cameroon
PER,2004,3.99546,WHO,Peru
TCD,2014,45.07184,WHO,Chad
KHM,2014,42.4715,WHO,Cambodia
TGO,2010,,WHO,Togo
GHA,2008,56.17556,WHO,Ghana
IDN,2002,43.70195,WHO,Indonesia
BGD,2014,42.88256,WHO,Bangladesh
LCA,2012,,WHO,Saint Lucia
MNE,2018,,WHO,Montenegro
TCD,1996,104.63053,WHO,Chad
DJI,2006,,WHO,Djibouti
NPL,1996,84.33047,WHO,Nepal
ECU,1994,,WHO,Ecuador
HND,2005,37.36189,WHO,Honduras
AFG,2015,63.18834,WHO,Afghanistan
IDN,2012,27.80678,WHO,Indonesia
PER,2017,,WHO,Peru
ZWE,2014,64.36423,WHO,Zimbabwe
EGY,2008,24.23773,WHO,Egypt
PER,2011,16.844,WHO,Peru
CRI,2018,,WHO,Costa Rica
PAK,2012,90.05198,WHO,Pakistan
HND,2011,17.18919,WHO,Honduras
PER,2013,8.27685,WHO,Peru
PER,2015,,WHO,Peru
PHL,1998,40.97029,WHO,Philippines
VNM,2002,12.11635,WHO,Vietnam
MRT,2011,46.16563,WHO,Mauritania
MMR,2015,36.09745,WHO,Myanmar
BRA,1996,58.10559,WHO,Brazil
BDI,2005,,WHO,Burundi
TZA,2004,,WHO,Tanzania
RWA,2005,104.84519,WHO,Rwanda
TZA,1999,94.6745,WHO,Tanzania
ZWE,2005,44.77791,WHO,Zimbabwe
UGA,2011,62.69943,WHO,Uganda
TZA,2004,,WHO,Tanzania
NIC,2006,,WHO,Nicaragua
SOM,2006,96.18891,WHO,Somalia
BEN,2017,56.42546,WHO,Benin
IND,1998,66.05702,WHO,India
LCA,2012,,WHO,Saint Lucia
SLV,2002,,WHO,El Salvador
BFA,2003,64.1053,WHO,Burkina Faso
PAK,2012,95.66946,WHO,Pakistan
MEX,2015,,WHO,Mexico
SOM,2006,134.76616,WHO,Somalia
NIC,2006,,WHO,Nicaragua
KEN,1998,27.32942,WHO,Kenya
BLR,2019,,WHO,Belarus
NPL,2006,78.87268,WHO,Nepal
NPL,2016,50.41892,WHO,Nepal
MEX,2015,,WHO,Mexico
PER,2006,2.68546,WHO,Peru
EGY,1995,73.32636,WHO,Egypt
ZWE,2014,55.95654,WHO,Zimbabwe
BGD,2007,74.74432,WHO,Bangladesh
ZMB,2007,72.87703,WHO,Zambia
TUV,2019,,WHO,Tuvalu
IDN,1997,50.67577,WHO,Indonesia
DOM,2007,,WHO,Dominican Republic
ARG,2011,,WHO,Argentina
PRY,2004,,WHO,Paraguay
IRQ,2018,13.68192,WHO,Iraq
ZMB,2018,43.21123,WHO,Zambia
IND,1998,67.03795,WHO,India
SLE,2019,60.27515,WHO,Sierra Leone
ZMB,1996,120.52751,WHO,Zambia
ZMB,2001,108.12144,WHO,Zambia
SLV,1993,,WHO,El Salvador
BOL,1998,69.16153,WHO,Bolivia
COD,2010,,WHO,Democratic Republic of Congo
GMB,2010,,WHO,Gambia
GHA,2006,,WHO,Ghana
AFG,2010,,WHO,Afghanistan
TKM,2006,,WHO,Turkmenistan
CMR,2014,72.42709,WHO,Cameroon
NGA,2007,,WHO,Nigeria
HND,2005,32.6026,WHO,Honduras
GHA,2003,,WHO,Ghana
COD,2017,38.35675,WHO,Democratic Republic of Congo
MOZ,2003,177.3105,WHO,Mozambique
ALB,2005,,WHO,Albania
LSO,2018,82.97469,WHO,Lesotho
SLV,2002,,WHO,El Salvador
ZWE,2009,37.01217,WHO,Zimbabwe
MNE,2013,,WHO,Montenegro
PER,2006,,WHO,Peru
ALB,2017,4.35727,WHO,Albania
IDN,1994,90.53319,WHO,Indonesia
IDN,1994,60.24057,WHO,Indonesia
ZAF,1998,39.26034,WHO,South Africa
PRY,2016,36.55003,WHO,Paraguay
SLV,2008,,WHO,El Salvador
GUY,2009,42.9535,WHO,Guyana
CMR,2004,63.03146,WHO,Cameroon
ARM,2010,15.67386,WHO,Armenia
TGO,2010,,WHO,Togo
LCA,2012,,WHO,Saint Lucia
TGO,2017,40.69966,WHO,Togo
BEN,2017,64.94427,WHO,Benin
THA,2012,,WHO,Thailand
CPV,1998,,WHO,Cape Verde
PHL,2003,35.79118,WHO,Philippines
KAZ,2006,,WHO,Kazakhstan
GAB,2012,44.75763,WHO,Gabon
IDN,2007,29.60987,WHO,Indonesia
PER,2011,5.05627,WHO,Peru
ARM,2015,13.94182,WHO,Armenia
HND,1991,,WHO,Honduras
SLV,1993,,WHO,El Salvador
MLI,2015,40.92015,WHO,Mali
GUY,2006,,WHO,Guyana
SSD,2010,78.36476,WHO,South Sudan
TCD,2019,73.28695,WHO,Chad
COG,2014,49.73603,WHO,Congo
PHL,2003,26.65705,WHO,Philippines
SLV,1993,,WHO,El Salvador
GTM,2002,,WHO,Guatemala
TZA,1999,112.9511,WHO,Tanzania
IND,2015,37.78295,WHO,India
NPL,2016,50.18961,WHO,Nepal
UGA,2016,46.09898,WHO,Uganda
ZAF,2016,58.08789,WHO,South Africa
CMR,2011,58.13809,WHO,Cameroon
TUR,2013,7.75926,WHO,Turkey
TUN,2011,22.25991,WHO,Tunisia
NGA,2008,77.3622,WHO,Nigeria
BGD,1999,83.91641,WHO,Bangladesh
SWZ,2006,84.26023,WHO,Eswatini
BLR,2012,,WHO,Belarus
CUB,2010,,WHO,Cuba
KAZ,2015,,WHO,Kazakhstan
PRY,1998,,WHO,Paraguay
KHM,2000,,WHO,Cambodia
MKD,2005,,WHO,North Macedonia
BEN,2014,66.54524,WHO,Benin
KAZ,2010,,WHO,Kazakhstan
GMB,2013,44.2067,WHO,Gambia
KAZ,1995,51.04178,WHO,Kazakhstan
HTI,2016,60.64608,WHO,Haiti
SYR,2006,,WHO,Syria
SEN,2015,41.4177,WHO,Senegal
TGO,2013,46.30256,WHO,Togo
TZA,1996,63.36792,WHO,Tanzania
SRB,2019,,WHO,Serbia
CPV,1998,,WHO,Cape Verde
COL,1995,31.48518,WHO,Colombia
PER,2019,11.65102,WHO,Peru
GNB,2018,44.92523,WHO,Guinea-Bissau
ETH,2011,89.46291,WHO,Ethiopia
GEO,2005,,WHO,Georgia
RWA,2000,138.1078,WHO,Rwanda
GIN,1999,80.15363,WHO,Guinea
PAK,2012,84.74363,WHO,Pakistan
HTI,2005,63.0907,WHO,Haiti
TTO,2011,,WHO,Trinidad and Tobago
IDN,2002,43.19523,WHO,Indonesia
PER,2004,,WHO,Peru
TZA,1999,97.71467,WHO,Tanzania
NPL,2010,,WHO,Nepal
PER,2006,5.03674,WHO,Peru
GIN,2018,63.89444,WHO,Guinea
LBR,2013,51.74617,WHO,Liberia
PER,2004,31.57384,WHO,Peru
PER,2012,21.63334,WHO,Peru
IND,2005,50.75056,WHO,India
CIV,2011,119.58372,WHO,Cote d'Ivoire
CMR,2011,49.37708,WHO,Cameroon
JOR,2002,28.44554,WHO,Jordan
ETH,2000,,WHO,Ethiopia
CMR,2006,,WHO,Cameroon
UZB,1996,35.73356,WHO,Uzbekistan
PER,2011,13.11074,WHO,Peru
THA,2012,,WHO,Thailand
PER,2000,73.3501,WHO,Peru
YEM,2006,55.00027,WHO,Yemen
ETH,2016,,WHO,Ethiopia
PAK,2017,67.3681,WHO,Pakistan
NGA,2003,132.98285,WHO,Nigeria
IDN,2002,43.99765,WHO,Indonesia
AFG,2015,49.29308,WHO,Afghanistan
MNE,2018,,WHO,Montenegro
TUR,2003,46.30933,WHO,Turkey
GHA,1993,44.88142,WHO,Ghana
GUY,2009,,WHO,Guyana
PHL,2013,36.487,WHO,Philippines
NPL,2001,85.53225,WHO,Nepal
GNB,2014,53.32613,WHO,Guinea-Bissau
MOZ,2003,127.46511,WHO,Mozambique
IDN,2007,40.85732,WHO,Indonesia
BOL,1998,86.57659,WHO,Bolivia
SRB,2019,,WHO,Serbia
VUT,2007,,WHO,Vanuatu
ZWE,2014,61.23528,WHO,Zimbabwe
NGA,2007,,WHO,Nigeria
BLZ,1991,,WHO,Belize
ZMB,2001,56.60215,WHO,Zambia
PAN,2013,,WHO,Panama
BGD,1999,100.50621,WHO,Bangladesh
ARM,2010,,WHO,Armenia
HND,2005,31.57537,WHO,Honduras
DJI,2006,,WHO,Djibouti
ETH,2005,81.42131,WHO,Ethiopia
MNG,2013,19.11043,WHO,Mongolia
ALB,2017,,WHO,Albania
MWI,2010,73.76544,WHO,Malawi
ZWE,2014,64.20162,WHO,Zimbabwe
PNG,2016,46.81095,WHO,Papua New Guinea
TKM,2015,22.28725,WHO,Turkmenistan
PNG,2016,39.72797,WHO,Papua New Guinea
HTI,2005,64.56026,WHO,Haiti
THA,2019,,WHO,Thailand
GUY,2009,25.9728,WHO,Guyana
PHL,2013,18.62675,WHO,Philippines
JOR,2007,19.6437,WHO,Jordan
PER,2006,2.12842,WHO,Peru
PER,1996,,WHO,Peru
IND,2015,53.38721,WHO,India
DOM,2019,29.4196,WHO,Dominican Republic
SLE,2005,,WHO,Sierra Leone
SRB,2019,,WHO,Serbia
PAN,2013,,WHO,Panama
CIV,2011,90.24311,WHO,Cote d'Ivoire
BRB,2012,,WHO,Barbados
BRB,2012,,WHO,Barbados
NGA,2007,,WHO,Nigeria
ZWE,2019,,WHO,Zimbabwe
GHA,1998,59.26345,WHO,Ghana
PRY,2016,23.4091,WHO,Paraguay
ZWE,2019,32.9345,WHO,Zimbabwe
DOM,2007,20.91747,WHO,Dominican Republic
BIH,2006,,WHO,Bosnia and Herzegovina
SLE,2013,89.75967,WHO,Sierra Leone
SEN,2018,44.09437,WHO,Senegal
BLR,2019,,WHO,Belarus
CMR,2018,63.82333,WHO,Cameroon
PHL,1998,33.67244,WHO,Philippines
TCD,2010,,WHO,Chad
PER,2017,11.27559,WHO,Peru
UZB,2006,,WHO,Uzbekistan
NIC,1992,,WHO,Nicaragua
ZMB,2001,74.15101,WHO,Zambia
COG,2014,23.43889,WHO,Congo
HND,2019,14.0546,WHO,Honduras
AZE,2006,28.17255,WHO,Azerbaijan
TCD,2004,122.39858,WHO,Chad
UGA,2006,81.53143,WHO,Uganda
VNM,2010,,WHO,Vietnam
LAO,2011,23.31014,WHO,Laos
GUY,2009,25.10021,WHO,Guyana
MKD,2005,,WHO,North Macedonia
KAZ,2006,,WHO,Kazakhstan
BLZ,2006,,WHO,Belize
SEN,1997,79.12136,WHO,Senegal
TZA,1996,95.62712,WHO,Tanzania
PER,2009,37.77422,WHO,Peru
GIN,2005,110.89278,WHO,Guinea
KHM,2014,9.41395,WHO,Cambodia
PER,2007,,WHO,Peru
MOZ,2003,137.85146,WHO,Mozambique
SLE,2013,120.87145,WHO,Sierra Leone
DZA,2018,19.37659,WHO,Algeria
NAM,2013,29.30164,WHO,Namibia
SLE,2017,71.40538,WHO,Sierra Leone
GEO,2005,,WHO,Georgia
BEN,2014,35.86263,WHO,Benin
BFA,2006,,WHO,Burkina Faso
MOZ,2011,68.45914,WHO,Mozambique
MDG,2018,35.25001,WHO,Madagascar
BOL,2003,91.89497,WHO,Bolivia
MOZ,2003,109.5751,WHO,Mozambique
ARM,2005,25.88912,WHO,Armenia
HTI,2000,105.86116,WHO,Haiti
KEN,1998,54.59719,WHO,Kenya
HND,2001,,WHO,Honduras
GIN,2018,65.22204,WHO,Guinea
COL,1995,18.77432,WHO,Colombia
ETH,2011,96.15258,WHO,Ethiopia
PHL,2008,24.32172,WHO,Philippines
HND,2019,11.40247,WHO,Honduras
RWA,2010,56.08488,WHO,Rwanda
GAB,2000,58.74229,WHO,Gabon
ZMB,2007,80.43118,WHO,Zambia
BGD,2012,,WHO,Bangladesh
SEN,2016,24.61301,WHO,Senegal
NAM,2013,42.44873,WHO,Namibia
PRY,1995,,WHO,Paraguay
SLE,2013,106.79752,WHO,Sierra Leone
IND,1998,76.28832,WHO,India
PER,2008,,WHO,Peru
YEM,2006,39.42319,WHO,Yemen
HND,1991,,WHO,Honduras
NGA,2007,,WHO,Nigeria
MDV,2016,19.80396,WHO,Maldives
IDN,2017,23.06213,WHO,Indonesia
PAK,2017,29.26026,WHO,Pakistan
ZWE,1994,55.82433,WHO,Zimbabwe
SDN,2010,60.72738,WHO,Sudan
IDN,2007,45.81303,WHO,Indonesia
MWI,2000,107.82085,WHO,Malawi
PER,1996,34.93398,WHO,Peru
MNE,2005,,WHO,Montenegro
NAM,2006,56.90489,WHO,Namibia
PER,2009,23.44746,WHO,Peru
BOL,2003,,WHO,Bolivia
SLE,2005,,WHO,Sierra Leone
GTM,1995,77.22202,WHO,Guatemala
UGA,2000,94.2876,WHO,Uganda
PER,2018,23.09611,WHO,Peru
NPL,2016,30.60987,WHO,Nepal
BLZ,2011,,WHO,Belize
BLZ,1991,,WHO,Belize
DOM,1999,,WHO,Dominican Republic
ECU,1994,,WHO,Ecuador
SRB,2010,,WHO,Serbia
BEN,2017,62.08428,WHO,Benin
CMR,2011,54.19077,WHO,Cameroon
MLI,2015,71.23847,WHO,Mali
SRB,2019,,WHO,Serbia
PRY,2004,,WHO,Paraguay
NPL,2016,44.52985,WHO,Nepal
COD,2010,,WHO,Democratic Republic of Congo
AFG,2010,,WHO,Afghanistan
PER,2007,9.11565,WHO,Peru
NGA,2011,,WHO,Nigeria
ARM,2005,15.85013,WHO,Armenia
SSD,2010,61.51159,WHO,South Sudan
RWA,2000,82.61121,WHO,Rwanda
CIV,2016,61.37854,WHO,Cote d'Ivoire
TKM,2015,28.03548,WHO,Turkmenistan
TUN,2018,21.63638,WHO,Tunisia
NAM,2006,44.80554,WHO,Namibia
CAF,2006,,WHO,Central African Republic
MAR,2003,44.55148,WHO,Morocco
TGO,2017,41.32401,WHO,Togo
NGA,2007,,WHO,Nigeria
COG,2005,94.37336,WHO,Congo
GHA,2017,39.08755,WHO,Ghana
IDN,2002,65.36292,WHO,Indonesia
TGO,2013,37.83156,WHO,Togo
MDA,2012,17.15387,WHO,Moldova
PER,2018,,WHO,Peru
TLS,2016,17.78016,WHO,East Timor
PHL,1998,44.67268,WHO,Philippines
AFG,2015,51.21589,WHO,Afghanistan
KAZ,2010,,WHO,Kazakhstan
KEN,2008,47.83388,WHO,Kenya
MNE,2005,,WHO,Montenegro
IRQ,2018,18.43999,WHO,Iraq
BEN,2001,108.70986,WHO,Benin
UGA,2011,47.37194,WHO,Uganda
MDV,2016,11.1383,WHO,Maldives
ZMB,2018,42.19191,WHO,Zambia
PER,2009,23.73714,WHO,Peru
SEN,2018,38.44493,WHO,Senegal
PER,2019,26.15702,WHO,Peru
SUR,2006,,WHO,Suriname
MDG,1997,94.23907,WHO,Madagascar
LSO,2004,90.21841,WHO,Lesotho
KEN,1998,135.34311,WHO,Kenya
CMR,2004,58.78934,WHO,Cameroon
PER,2009,28.49512,WHO,Peru
SLV,1998,,WHO,El Salvador
BGD,2011,69.44701,WHO,Bangladesh
KEN,2008,38.84721,WHO,Kenya
GAB,2000,61.76726,WHO,Gabon
BDI,2010,107.55047,WHO,Burundi
GUY,2014,18.47911,WHO,Guyana
CRI,2018,,WHO,Costa Rica
STP,2008,33.02358,WHO,Sao Tome and Principe
ETH,2011,59.39038,WHO,Ethiopia
MWI,2015,42.77793,WHO,Malawi
MDA,2005,28.93141,WHO,Moldova
GHA,2003,59.0689,WHO,Ghana
CUB,2014,,WHO,Cuba
NGA,2007,,WHO,Nigeria
ZMB,1996,100.8826,WHO,Zambia
MDA,2012,12.51779,WHO,Moldova
PER,2007,,WHO,Peru
NIC,1997,50.74218,WHO,Nicaragua
NPL,1996,63.94798,WHO,Nepal
ETH,2011,63.84031,WHO,Ethiopia
GMB,2019,49.0094,WHO,Gambia
SEN,2005,63.16442,WHO,Senegal
BLZ,1991,,WHO,Belize
JOR,1997,31.93215,WHO,Jordan
MMR,2015,,WHO,Myanmar
KAZ,2006,,WHO,Kazakhstan
PAK,2006,66.03744,WHO,Pakistan
PER,2013,24.3859,WHO,Peru
TUR,1998,37.66354,WHO,Turkey
MMR,2015,39.163,WHO,Myanmar
KAZ,1999,50.22847,WHO,Kazakhstan
NGA,2011,,WHO,Nigeria
ZMB,2018,43.56662,WHO,Zambia
ECU,1999,,WHO,Ecuador
SEN,2015,49.48791,WHO,Senegal
JOR,2007,28.39693,WHO,Jordan
PHL,2013,13.16501,WHO,Philippines
SEN,2010,,WHO,Senegal
UKR,2005,,WHO,Ukraine
GUY,2009,33.77731,WHO,Guyana
STP,2019,18.28834,WHO,Sao Tome and Principe
KHM,2005,94.38879,WHO,Cambodia
GNB,2018,38.02116,WHO,Guinea-Bissau
KHM,2005,91.73208,WHO,Cambodia
SDN,2010,58.07006,WHO,Sudan
QAT,2012,,WHO,Qatar
ZAF,1998,42.14275,WHO,South Africa
TJK,2005,,WHO,Tajikistan
MDG,2018,44.47853,WHO,Madagascar
BGD,2017,44.16208,WHO,Bangladesh
GIN,2012,42.44991,WHO,Guinea
UGA,2011,87.38671,WHO,Uganda
BLZ,2015,15.69619,WHO,Belize
EGY,2000,62.97203,WHO,Egypt
TUV,2019,,WHO,Tuvalu
GNB,2014,64.04697,WHO,Guinea-Bissau
GTM,1995,30.91143,WHO,Guatemala
NPL,2019,32.03751,WHO,Nepal
BEN,2017,52.36001,WHO,Benin
MWI,2004,98.03265,WHO,Malawi
IRQ,2006,32.01563,WHO,Iraq
TJK,2005,,WHO,Tajikistan
HTI,2016,71.85921,WHO,Haiti
NGA,2013,93.99886,WHO,Nigeria
GNB,2018,34.87132,WHO,Guinea-Bissau
NPL,2001,39.0778,WHO,Nepal
PAK,2017,73.01601,WHO,Pakistan
COG,2014,17.18867,WHO,Congo
MDA,1997,,WHO,Moldova
DOM,1999,,WHO,Dominican Republic
PER,2015,17.74171,WHO,Peru
CMR,1998,55.84912,WHO,Cameroon
PER,1996,17.9843,WHO,Peru
HTI,2000,131.03453,WHO,Haiti
ARM,2015,16.03268,WHO,Armenia
CPV,1998,,WHO,Cape Verde
DOM,2013,33.00313,WHO,Dominican Republic
PER,2007,15.46304,WHO,Peru
COM,1996,78.46367,WHO,Comoros
NPL,2006,66.51749,WHO,Nepal
IDN,2002,38.51717,WHO,Indonesia
JOR,2012,8.27434,WHO,Jordan
ZMB,2001,93.96401,WHO,Zambia
EGY,1995,38.47683,WHO,Egypt
MDA,2005,,WHO,Moldova
PER,2015,28.14251,WHO,Peru
DOM,1996,43.03128,WHO,Dominican Republic
TKM,2019,29.79478,WHO,Turkmenistan
SDN,2014,39.82567,WHO,Sudan
BEN,2011,48.66576,WHO,Benin
VUT,2007,,WHO,Vanuatu
LBR,2019,52.42144,WHO,Liberia
STP,2019,22.3428,WHO,Sao Tome and Principe
URY,2012,,WHO,Uruguay
GAB,2012,47.63872,WHO,Gabon
BRA,1996,32.03635,WHO,Brazil
SDN,2014,37.89169,WHO,Sudan
KAZ,2015,,WHO,Kazakhstan
MWI,2000,98.69482,WHO,Malawi
PER,2009,30.7154,WHO,Peru
BEN,2011,30.20978,WHO,Benin
URY,2012,,WHO,Uruguay
ZMB,2018,38.52959,WHO,Zambia
VUT,2007,,WHO,Vanuatu
HND,2005,25.97508,WHO,Honduras
CIV,2016,51.69493,WHO,Cote d'Ivoire
VNM,2002,39.32899,WHO,Vietnam
PER,2017,13.18076,WHO,Peru
MOZ,1997,155.61844,WHO,Mozambique
ETH,2005,85.15031,WHO,Ethiopia
HND,2011,23.00767,WHO,Honduras
YEM,2006,,WHO,Yemen
SEN,2018,45.75328,WHO,Senegal
HND,2011,28.16374,WHO,Honduras
MAR,2003,36.84761,WHO,Morocco
TZA,2015,,WHO,Tanzania
PER,2009,36.32491,WHO,Peru
MDG,2018,42.60859,WHO,Madagascar
LSO,2014,,WHO,Lesotho
GUY,2009,36.21739,WHO,Guyana
KGZ,2018,21.10915,WHO,Kyrgyzstan
KEN,2003,79.29824,WHO,Kenya
COL,2000,32.03885,WHO,Colombia
ZWE,2010,44.21099,WHO,Zimbabwe
NAM,2013,53.45749,WHO,Namibia
NIC,1997,50.34227,WHO,Nicaragua
AGO,2015,56.64553,WHO,Angola
BFA,1998,118.55126,WHO,Burkina Faso
CMR,2011,48.05966,WHO,Cameroon
MOZ,2011,67.34958,WHO,Mozambique
COG,2005,74.39094,WHO,Congo
GHA,1993,113.703,WHO,Ghana
PER,1996,,WHO,Peru
KGZ,2005,,WHO,Kyrgyzstan
MLI,2009,,WHO,Mali
EGY,1995,68.27884,WHO,Egypt
MNE,2005,,WHO,Montenegro
GAB,2012,31.75664,WHO,Gabon
NAM,2013,44.30854,WHO,Namibia
DOM,2014,38.84372,WHO,Dominican Republic
BFA,1998,113.17991,WHO,Burkina Faso
KHM,2005,99.79856,WHO,Cambodia
TZA,2015,43.25621,WHO,Tanzania
SEN,2017,34.27399,WHO,Senegal
GHA,2008,54.12259,WHO,Ghana
PER,2012,24.26226,WHO,Peru
BGD,2017,43.06942,WHO,Bangladesh
GIN,2005,106.77142,WHO,Guinea
GIN,2005,123.38486,WHO,Guinea
ALB,2005,,WHO,Albania
SEN,1997,65.92812,WHO,Senegal
MRT,2015,28.72841,WHO,Mauritania
CIV,2006,,WHO,Cote d'Ivoire
ZAF,1998,58.8199,WHO,South Africa
MRT,2015,47.60061,WHO,Mauritania
SLV,1998,,WHO,El Salvador
PER,1996,59.55195,WHO,Peru
VNM,2002,19.24313,WHO,Vietnam
PAK,2006,45.12137,WHO,Pakistan
SLE,2008,114.01722,WHO,Sierra Leone
LSO,2004,86.80682,WHO,Lesotho
GHA,2006,,WHO,Ghana
BLZ,2015,11.48048,WHO,Belize
LAO,2017,18.86037,WHO,Laos
PER,2016,22.25963,WHO,Peru
KIR,2018,39.98823,WHO,Kiribati
GEO,2005,,WHO,Georgia
TGO,2006,,WHO,Togo
COG,2011,40.98109,WHO,Congo
ALB,2017,3.65235,WHO,Albania
TGO,2006,,WHO,Togo
BDI,2016,40.00645,WHO,Burundi
BEN,2001,100.15784,WHO,Benin
SEN,2014,42.66489,WHO,Senegal
MRT,2011,52.43558,WHO,Mauritania
TLS,2009,29.58084,WHO,East Timor
JOR,1997,48.4602,WHO,Jordan
CRI,1992,,WHO,Costa Rica
MLI,2001,51.70242,WHO,Mali
GEO,2018,,WHO,Georgia
ZAF,1998,41.73257,WHO,South Africa
NER,1998,138.86729,WHO,Niger
CAF,2018,74.97669,WHO,Central African Republic
MDA,2012,14.92021,WHO,Moldova
KGZ,2012,28.76141,WHO,Kyrgyzstan
TTO,2011,,WHO,Trinidad and Tobago
TZA,2015,59.17577,WHO,Tanzania
BFA,2010,67.71646,WHO,Burkina Faso
MOZ,2003,125.70015,WHO,Mozambique
LBR,2007,99.63763,WHO,Liberia
GMB,2005,,WHO,Gambia
BLZ,1991,,WHO,Belize
MKD,2018,16.65041,WHO,North Macedonia
GIN,2016,63.46317,WHO,Guinea
TCD,2019,60.13694,WHO,Chad
KEN,1993,49.79094,WHO,Kenya
ALB,2002,,WHO,Albania
BEN,2001,72.90616,WHO,Benin
CUB,2019,,WHO,Cuba
SWZ,2006,60.27128,WHO,Eswatini
THA,2012,,WHO,Thailand
NGA,1999,,WHO,Nigeria
MWI,2015,47.41717,WHO,Malawi
SYR,2006,,WHO,Syria
IDN,1994,73.51903,WHO,Indonesia
IDN,2007,,WHO,Indonesia
KEN,1993,70.65524,WHO,Kenya
MOZ,1997,94.71186,WHO,Mozambique
SEN,2017,44.93798,WHO,Senegal
PER,2020,16.69214,WHO,Peru
ECU,2004,,WHO,Ecuador
CAF,2006,,WHO,Central African Republic
SDN,2014,52.2113,WHO,Sudan
NGA,2008,58.18504,WHO,Nigeria
HTI,1994,83.21138,WHO,Haiti
KIR,2018,38.78417,WHO,Kiribati
SEN,2016,35.95403,WHO,Senegal
COD,2017,20.01972,WHO,Democratic Republic of Congo
NPL,2010,,WHO,Nepal
PER,2010,13.40392,WHO,Peru
TCD,2014,71.78785,WHO,Chad
JAM,2005,,WHO,Jamaica
BDI,2005,,WHO,Burundi
SWZ,2006,78.99787,WHO,Eswatini
KAZ,1995,40.91575,WHO,Kazakhstan
TGO,2006,,WHO,Togo
AZE,2006,45.4946,WHO,Azerbaijan
NGA,2007,,WHO,Nigeria
PHL,2008,18.87221,WHO,Philippines
PAK,2012,57.86284,WHO,Pakistan
BGD,2014,28.61547,WHO,Bangladesh
JOR,2012,25.9179,WHO,Jordan
GIN,2016,67.33989,WHO,Guinea
TGO,1998,66.0804,WHO,Togo
EGY,2000,30.31449,WHO,Egypt
UKR,2012,,WHO,Ukraine
KEN,2008,53.47732,WHO,Kenya
SEN,2015,48.92368,WHO,Senegal
BGD,2019,26.33059,WHO,Bangladesh
AFG,2010,,WHO,Afghanistan
PAK,2006,87.13972,WHO,Pakistan
MLI,2006,97.53131,WHO,Mali
PRY,2016,4.51874,WHO,Paraguay
GHA,2017,52.181,WHO,Ghana
NGA,2016,78.04399,WHO,Nigeria
ZWE,2014,52.00999,WHO,Zimbabwe
KAZ,2006,,WHO,Kazakhstan
PER,2009,34.3728,WHO,Peru
BDI,2010,71.78221,WHO,Burundi
EGY,1995,109.68611,WHO,Egypt
PER,2010,12.60133,WHO,Peru
MLI,2001,118.55789,WHO,Mali
MLI,2001,126.67042,WHO,Mali
MRT,2007,,WHO,Mauritania
SEN,2015,45.13271,WHO,Senegal
BTN,2010,,WHO,Bhutan
GHA,1993,59.97064,WHO,Ghana
TZA,2010,60.82223,WHO,Tanzania
GUY,2009,33.26021,WHO,Guyana
GHA,2017,38.0267,WHO,Ghana
PER,2005,,WHO,Peru
GIN,2016,49.49174,WHO,Guinea
NPL,2014,41.00331,WHO,Nepal
MNE,2018,,WHO,Montenegro
TCD,2019,80.3521,WHO,Chad
TZA,1996,91.77283,WHO,Tanzania
TUR,2013,22.22084,WHO,Turkey
ARM,2000,36.80652,WHO,Armenia
NER,2006,97.09189,WHO,Niger
UGA,2016,42.8982,WHO,Uganda
NIC,1992,,WHO,Nicaragua
UKR,2007,8.56332,WHO,Ukraine
PRY,2016,14.13566,WHO,Paraguay
MWI,2010,70.65223,WHO,Malawi
PER,2012,10.88024,WHO,Peru
ZWE,1999,44.51935,WHO,Zimbabwe
TJK,2012,43.34134,WHO,Tajikistan
AGO,2015,41.61796,WHO,Angola
IDN,1997,28.00394,WHO,Indonesia
TGO,2010,,WHO,Togo
MWI,2000,101.53203,WHO,Malawi
DOM,2007,37.76429,WHO,Dominican Republic
ZWE,2014,57.96332,WHO,Zimbabwe
NER,2012,52.43347,WHO,Niger
TCD,2004,78.53616,WHO,Chad
SWZ,2006,71.0783,WHO,Eswatini
PER,2010,10.9028,WHO,Peru
NER,2012,47.62475,WHO,Niger
CRI,2018,,WHO,Costa Rica
PHL,2013,16.66,WHO,Philippines
PRY,2004,,WHO,Paraguay
SEN,2018,31.93867,WHO,Senegal
BOL,1994,38.438,WHO,Bolivia
PAK,2006,56.48174,WHO,Pakistan
JOR,1997,16.94914,WHO,Jordan
PER,2008,39.71002,WHO,Peru
PER,2020,8.5204,WHO,Peru
HTI,2000,112.55994,WHO,Haiti
UKR,2012,,WHO,Ukraine
NGA,2011,,WHO,Nigeria
GMB,2013,17.91866,WHO,Gambia
IND,2015,53.31812,WHO,India
KAZ,2006,,WHO,Kazakhstan
TKM,2006,,WHO,Turkmenistan
SLV,2008,,WHO,El Salvador
TZA,2010,62.79454,WHO,Tanzania
SLE,2013,104.47869,WHO,Sierra Leone
KAZ,2006,,WHO,Kazakhstan
SLE,2019,77.34538,WHO,Sierra Leone
NIC,1997,39.01452,WHO,Nicaragua
VUT,2007,,WHO,Vanuatu
MWI,2015,50.04333,WHO,Malawi
BOL,1998,61.46421,WHO,Bolivia
THA,2019,,WHO,Thailand
LSO,2004,82.94765,WHO,Lesotho
IDN,2012,49.69261,WHO,Indonesia
PER,2013,0,WHO,Peru
COD,2007,90.4801,WHO,Democratic Republic of Congo
DOM,1996,45.81673,WHO,Dominican Republic
DOM,2002,23.75965,WHO,Dominican Republic
GMB,2019,37.72712,WHO,Gambia
VNM,2006,,WHO,Vietnam
LSO,2014,71.41203,WHO,Lesotho
AGO,2015,39.42368,WHO,Angola
HTI,2005,62.17798,WHO,Haiti
KAZ,1995,48.60294,WHO,Kazakhstan
LSO,2004,80.55903,WHO,Lesotho
MDA,1997,,WHO,Moldova
LBR,2013,51.96284,WHO,Liberia
TZA,2010,,WHO,Tanzania
ZMB,2018,35.4179,WHO,Zambia
DOM,1999,,WHO,Dominican Republic
IND,2015,26.85319,WHO,India
UKR,2007,23.4269,WHO,Ukraine
IDN,2002,52.39242,WHO,Indonesia
BLR,2019,,WHO,Belarus
JOR,1997,25.58335,WHO,Jordan
BIH,2011,,WHO,Bosnia and Herzegovina
PER,2014,0,WHO,Peru
CUB,2006,,WHO,Cuba
UKR,2012,,WHO,Ukraine
IDN,2007,18.81014,WHO,Indonesia
ZMB,2018,61.28894,WHO,Zambia
MRT,2007,,WHO,Mauritania
THA,2012,,WHO,Thailand
PER,2020,8.06322,WHO,Peru
BOL,1994,99.54734,WHO,Bolivia
COD,2007,105.24686,WHO,Democratic Republic of Congo
MLI,1995,151.44528,WHO,Mali
DOM,2007,30.3921,WHO,Dominican Republic
KGZ,2014,,WHO,Kyrgyzstan
COL,2005,14.39999,WHO,Colombia
EGY,2014,22.69552,WHO,Egypt
SLE,2017,58.51335,WHO,Sierra Leone
UGA,2016,38.63486,WHO,Uganda
BLZ,2011,,WHO,Belize
SEN,2012,46.12325,WHO,Senegal
GHA,2003,66.4624,WHO,Ghana
PER,2006,7.96705,WHO,Peru
MNG,2013,29.48211,WHO,Mongolia
CRI,2018,,WHO,Costa Rica
GMB,2013,45.438,WHO,Gambia
ZWE,1994,47.37925,WHO,Zimbabwe
LSO,2004,58.93403,WHO,Lesotho
GEO,2005,,WHO,Georgia
RWA,2014,25.84816,WHO,Rwanda
PRY,2016,27.25699,WHO,Paraguay
STP,2019,6.61624,WHO,Sao Tome and Principe
BOL,2008,64.17672,WHO,Bolivia
KEN,2014,52.77762,WHO,Kenya
JOR,2007,19.06479,WHO,Jordan
MKD,2018,,WHO,North Macedonia
BOL,2003,81.98643,WHO,Bolivia
GUY,2014,50.88932,WHO,Guyana
HND,2005,32.89019,WHO,Honduras
NPL,2014,21.64965,WHO,Nepal
ZWE,2009,55.57414,WHO,Zimbabwe
ZWE,2010,54.89063,WHO,Zimbabwe
TUR,2013,16.77475,WHO,Turkey
JOR,2012,21.00979,WHO,Jordan
BLZ,2006,,WHO,Belize
MWI,2013,69.36005,WHO,Malawi
NGA,2016,58.92158,WHO,Nigeria
MLI,2009,,WHO,Mali
NGA,2008,84.4865,WHO,Nigeria
MMR,2015,,WHO,Myanmar
NGA,2011,,WHO,Nigeria
COD,2007,74.00631,WHO,Democratic Republic of Congo
TJK,2012,30.3239,WHO,Tajikistan
MKD,2011,,WHO,North Macedonia
UKR,2012,,WHO,Ukraine
MDA,1997,,WHO,Moldova
MWI,2000,82.51858,WHO,Malawi
MWI,2015,49.71461,WHO,Malawi
MKD,2005,,WHO,North Macedonia
PER,2011,11.30012,WHO,Peru
NPL,2001,73.13326,WHO,Nepal
GHA,1993,65.18364,WHO,Ghana
LSO,2018,66.41159,WHO,Lesotho
MOZ,2003,60.70374,WHO,Mozambique
MOZ,2008,106.64753,WHO,Mozambique
MNE,2018,,WHO,Montenegro
COL,2000,11.91068,WHO,Colombia
CMR,2018,49.26851,WHO,Cameroon
ZWE,2009,57.26468,WHO,Zimbabwe
AFG,2015,68.42341,WHO,Afghanistan
BIH,2011,,WHO,Bosnia and Herzegovina
SRB,2019,,WHO,Serbia
BTN,2010,,WHO,Bhutan
BIH,2011,,WHO,Bosnia and Herzegovina
ZAF,2016,39.78036,WHO,South Africa
NER,2006,60.75725,WHO,Niger
VNM,1997,43.27375,WHO,Vietnam
NGA,2016,37.13658,WHO,Nigeria
CAF,2018,39.97384,WHO,Central African Republic
IRQ,2011,40.41981,WHO,Iraq
BGD,1999,68.72131,WHO,Bangladesh
CAF,1994,82.59312,WHO,Central African Republic
PHL,2013,11.86855,WHO,Philippines
SLV,2002,,WHO,El Salvador
LAO,2017,8.1474,WHO,Laos
PER,2020,20.45076,WHO,Peru
PHL,2013,26.78999,WHO,Philippines
NGA,2011,,WHO,Nigeria
LBR,2013,69.06116,WHO,Liberia
PER,2010,24.50357,WHO,Peru
GMB,2005,,WHO,Gambia
ARM,2015,9.44327,WHO,Armenia
AFG,2015,88.81339,WHO,Afghanistan
MLI,2015,62.72805,WHO,Mali
MLI,2018,66.87779,WHO,Mali
PER,2016,20.61579,WHO,Peru
SLE,2005,,WHO,Sierra Leone
ZWE,2009,64.60698,WHO,Zimbabwe
DOM,1996,50.98136,WHO,Dominican Republic
CUB,2014,,WHO,Cuba
QAT,2012,,WHO,Qatar
SLE,2010,,WHO,Sierra Leone
IND,2005,82.97581,WHO,India
DOM,2019,27.92622,WHO,Dominican Republic
ARG,2011,,WHO,Argentina
ECU,2004,,WHO,Ecuador
BGD,1999,64.34388,WHO,Bangladesh
ZMB,2018,40.05828,WHO,Zambia
MDG,2018,47.66256,WHO,Madagascar
BLR,2005,,WHO,Belarus
BGD,2004,89.73853,WHO,Bangladesh
COL,2005,17.96057,WHO,Colombia
GTM,1998,39.18419,WHO,Guatemala
PER,1996,34.4096,WHO,Peru
PER,2004,,WHO,Peru
COM,2012,42.68862,WHO,Comoros
GHA,2008,56.42186,WHO,Ghana
CAF,1994,116.29736,WHO,Central African Republic
MLI,2012,42.93427,WHO,Mali
IDN,1997,35.73253,WHO,Indonesia
HND,2001,,WHO,Honduras
AFG,2015,44.8965,WHO,Afghanistan
EGY,1995,103.18433,WHO,Egypt
SLV,2014,9.58599,WHO,El Salvador
ZMB,2013,50.20028,WHO,Zambia
NPL,1996,114.83049,WHO,Nepal
COG,2011,43.83358,WHO,Congo
BFA,2006,,WHO,Burkina Faso
ZWE,2005,70.6702,WHO,Zimbabwe
MOZ,2015,19.22957,WHO,Mozambique
GIN,1999,118.93352,WHO,Guinea
BEN,2001,78.12699,WHO,Benin
TUN,2018,5.28119,WHO,Tunisia
ALB,2017,0.38388,WHO,Albania
SEN,2012,51.68269,WHO,Senegal
SOM,2006,83.02282,WHO,Somalia
UGA,2016,37.84048,WHO,Uganda
ALB,2017,9.04976,WHO,Albania
ARM,2015,8.68727,WHO,Armenia
ETH,2000,85.01851,WHO,Ethiopia
GHA,2014,43.1101,WHO,Ghana
PER,2013,0,WHO,Peru
ZMB,2001,112.83746,WHO,Zambia
NAM,2000,11.37264,WHO,Namibia
GIN,1999,101.50631,WHO,Guinea
PHL,2003,25.05635,WHO,Philippines
SWZ,2010,66.40406,WHO,Eswatini
MDA,2012,,WHO,Moldova
TZA,1996,124.25864,WHO,Tanzania
SUR,2010,,WHO,Suriname
PHL,2013,24.60303,WHO,Philippines
EGY,2005,33.57785,WHO,Egypt
MRT,2011,44.67455,WHO,Mauritania
PER,2012,19.17549,WHO,Peru
MNG,2010,,WHO,Mongolia
TCD,2014,100.00698,WHO,Chad
ZAF,2016,42.30569,WHO,South Africa
PER,2012,30.40881,WHO,Peru
GEO,2018,,WHO,Georgia
TCD,2019,109.6619,WHO,Chad
IRQ,2018,34.65273,WHO,Iraq
ZMB,2007,70.72105,WHO,Zambia
NPL,2014,36.37888,WHO,Nepal
HND,1996,,WHO,Honduras
HND,1991,,WHO,Honduras
TZA,2015,41.9326,WHO,Tanzania
TCD,1996,80.30482,WHO,Chad
BGD,2012,,WHO,Bangladesh
BOL,1998,55.99166,WHO,Bolivia
PRY,1995,,WHO,Paraguay
MLI,2006,,WHO,Mali
MDG,2003,75.60979,WHO,Madagascar
PHL,2003,23.90539,WHO,Philippines
COG,2014,37.27384,WHO,Congo
COL,2000,19.59818,WHO,Colombia
CUB,2010,,WHO,Cuba
MAR,2003,72.25901,WHO,Morocco
PER,2000,49.61296,WHO,Peru
CIV,1998,92.54715,WHO,Cote d'Ivoire
TCD,2010,,WHO,Chad
ZMB,2007,95.73546,WHO,Zambia
KAZ,2015,,WHO,Kazakhstan
TUN,2018,13.62598,WHO,Tunisia
ZMB,2007,64.14334,WHO,Zambia
BEN,2006,65.52212,WHO,Benin
GHA,2017,36.29614,WHO,Ghana
PAN,2013,,WHO,Panama
IDN,2007,33.60278,WHO,Indonesia
NER,2006,63.0633,WHO,Niger
PER,2016,0,WHO,Peru
GHA,2014,39.09595,WHO,Ghana
MDV,2016,16.42325,WHO,Maldives
DJI,2006,,WHO,Djibouti
MDG,2008,59.62856,WHO,Madagascar
PER,2010,,WHO,Peru
RWA,2000,87.9131,WHO,Rwanda
GAB,2000,82.39823,WHO,Gabon
COD,2017,,WHO,Democratic Republic of Congo
MDV,2016,10.77489,WHO,Maldives
BEN,2001,105.98033,WHO,Benin
TKM,2019,31.57117,WHO,Turkmenistan
HND,2001,,WHO,Honduras
COL,2005,10.85784,WHO,Colombia
ETH,2016,74.58549,WHO,Ethiopia
TJK,2012,,WHO,Tajikistan
CMR,2018,43.87733,WHO,Cameroon
ARG,2019,,WHO,Argentina
NGA,2018,48.27057,WHO,Nigeria
BGD,2004,53.28053,WHO,Bangladesh
TZA,2010,59.65358,WHO,Tanzania
BGD,2007,53.59911,WHO,Bangladesh
PER,2019,15.59283,WHO,Peru
GIN,2005,105.55292,WHO,Guinea
PHL,2008,27.08409,WHO,Philippines
JAM,2011,,WHO,Jamaica
NIC,2006,,WHO,Nicaragua
MRT,2015,44.69629,WHO,Mauritania
CMR,2004,87.9725,WHO,Cameroon
MMR,2015,82.5092,WHO,Myanmar
CMR,2018,46.27335,WHO,Cameroon
SRB,2014,,WHO,Serbia
COM,1996,87.15399,WHO,Comoros
BFA,2003,95.47936,WHO,Burkina Faso
HTI,1994,78.44944,WHO,Haiti
GUY,2009,47.35194,WHO,Guyana
SEN,1997,49.59765,WHO,Senegal
MOZ,2011,74.48326,WHO,Mozambique
NIC,2001,,WHO,Nicaragua
PHL,2003,38.43828,WHO,Philippines
MDG,2018,47.01618,WHO,Madagascar
NGA,2016,82.94871,WHO,Nigeria
KGZ,2018,19.9363,WHO,Kyrgyzstan
CMR,1998,86.86754,WHO,Cameroon
IDN,2002,24.53353,WHO,Indonesia
EGY,2008,23.38224,WHO,Egypt
UKR,2005,,WHO,Ukraine
TCD,2014,75.26157,WHO,Chad
PER,2017,12.36104,WHO,Peru
TCD,2014,81.3414,WHO,Chad
SRB,2014,,WHO,Serbia
DOM,2014,34.89725,WHO,Dominican Republic
GIN,2005,103.22118,WHO,Guinea
ZMB,2001,70.33733,WHO,Zambia
VNM,2013,4.927,WHO,Vietnam
AGO,2015,31.90315,WHO,Angola
PER,2009,26.85425,WHO,Peru
LCA,2012,,WHO,Saint Lucia
RWA,2010,66.72148,WHO,Rwanda
PER,2000,59.22971,WHO,Peru
DOM,2002,,WHO,Dominican Republic
NGA,2007,,WHO,Nigeria
KEN,1998,61.01402,WHO,Kenya
RWA,2000,66.38438,WHO,Rwanda
QAT,2012,,WHO,Qatar
TZA,2015,40.14671,WHO,Tanzania
MDA,2005,23.29459,WHO,Moldova
ZWE,1994,45.51778,WHO,Zimbabwe
GIN,2012,100.07873,WHO,Guinea
IDN,2007,54.91031,WHO,Indonesia
SEN,2016,21.30631,WHO,Senegal
BFA,2003,113.32794,WHO,Burkina Faso
CIV,2006,,WHO,Cote d'Ivoire
MDV,2016,24.20868,WHO,Maldives
SDN,2014,60.86474,WHO,Sudan
DOM,2002,30.98035,WHO,Dominican Republic
PER,2015,17.14734,WHO,Peru
KEN,1993,73.6254,WHO,Kenya
TJK,2017,19.38129,WHO,Tajikistan
CPV,1998,,WHO,Cape Verde
BDI,2016,79.78741,WHO,Burundi
TKM,2015,23.86855,WHO,Turkmenistan
YEM,2006,74.04464,WHO,Yemen
DOM,2002,52.40256,WHO,Dominican Republic
ZWE,2014,64.97124,WHO,Zimbabwe
ARM,2000,60.36816,WHO,Armenia
TGO,2017,46.31337,WHO,Togo
COG,2005,89.07757,WHO,Congo
AFG,2010,,WHO,Afghanistan
DOM,2002,44.79091,WHO,Dominican Republic
TON,2019,10.50585,WHO,Tonga
ECU,1994,,WHO,Ecuador
IND,2005,,WHO,India
SYR,2006,,WHO,Syria
KAZ,1999,69.35251,WHO,Kazakhstan
KAZ,2015,,WHO,Kazakhstan
LBR,2007,96.23402,WHO,Liberia
PHL,1998,55.10754,WHO,Philippines
BLZ,2011,,WHO,Belize
PER,2011,22.61211,WHO,Peru
HTI,2005,64.96076,WHO,Haiti
SUR,2018,18.65463,WHO,Suriname
DZA,2018,16.59032,WHO,Algeria
TJK,2005,,WHO,Tajikistan
CAF,2018,59.15351,WHO,Central African Republic
NPL,2016,12.27146,WHO,Nepal
BFA,1998,93.97483,WHO,Burkina Faso
PER,2017,10.48225,WHO,Peru
SLE,2019,83.79874,WHO,Sierra Leone
KAZ,2006,,WHO,Kazakhstan
BOL,1998,116.27403,WHO,Bolivia
HND,2005,18.80221,WHO,Honduras
PRY,2016,22.63505,WHO,Paraguay
ETH,2019,49.50801,WHO,Ethiopia
AGO,2015,88.02177,WHO,Angola
VNM,2013,12.64514,WHO,Vietnam
MRT,2011,58.69224,WHO,Mauritania
CUB,2014,,WHO,Cuba
JAM,2011,,WHO,Jamaica
VNM,2002,24.17125,WHO,Vietnam
KAZ,1999,67.51684,WHO,Kazakhstan
NPL,2019,33.83193,WHO,Nepal
IDN,2002,41.84757,WHO,Indonesia
SEN,2015,62.18018,WHO,Senegal
BEN,1996,94.0469,WHO,Benin
RWA,2019,30.80193,WHO,Rwanda
GUY,2009,53.23167,WHO,Guyana
KIR,2018,38.00723,WHO,Kiribati
UZB,1996,36.9605,WHO,Uzbekistan
RWA,2005,98.53532,WHO,Rwanda
GEO,2005,,WHO,Georgia
UGA,2016,43.92627,WHO,Uganda
UGA,1995,94.01242,WHO,Uganda
ZMB,2007,85.0609,WHO,Zambia
KHM,2000,109.69569,WHO,Cambodia
ETH,2011,40.01273,WHO,Ethiopia
IND,2005,,WHO,India
TCD,2019,93.16068,WHO,Chad
PER,2005,32.2485,WHO,Peru
TGO,2013,44.25143,WHO,Togo
BGD,2004,59.08564,WHO,Bangladesh
MKD,2011,,WHO,North Macedonia
BGD,2012,,WHO,Bangladesh
IRQ,2018,24.84979,WHO,Iraq
SUR,2006,,WHO,Suriname
BOL,1998,82.28918,WHO,Bolivia
DOM,2002,38.47632,WHO,Dominican Republic
CMR,1998,102.01847,WHO,Cameroon
IND,2005,67.69411,WHO,India
SLV,1993,,WHO,El Salvador
GTM,1998,48.65479,WHO,Guatemala
CMR,2014,80.4453,WHO,Cameroon
IDN,2012,29.80866,WHO,Indonesia
CMR,1998,101.25958,WHO,Cameroon
GTM,1995,53.56237,WHO,Guatemala
GHA,2011,51.33244,WHO,Ghana
TJK,2005,,WHO,Tajikistan
IRQ,2018,19.75053,WHO,Iraq
STP,2008,26.42185,WHO,Sao Tome and Principe
MOZ,2011,60.66063,WHO,Mozambique
ALB,2017,2.84697,WHO,Albania
VNM,1997,36.59005,WHO,Vietnam
HTI,2016,68.46922,WHO,Haiti
MDG,2008,65.85733,WHO,Madagascar
ZMB,2007,78.77296,WHO,Zambia
SDN,2014,40.33882,WHO,Sudan
NPL,2010,,WHO,Nepal
BGD,2017,40.57305,WHO,Bangladesh
GHA,2017,44.65741,WHO,Ghana
NIC,1997,33.95712,WHO,Nicaragua
GHA,2006,,WHO,Ghana
COL,2010,17.52988,WHO,Colombia
HND,1991,,WHO,Honduras
DZA,2012,32.61222,WHO,Algeria
CMR,2011,63.65194,WHO,Cameroon
SYR,2006,,WHO,Syria
IDN,1994,62.053,WHO,Indonesia
HND,2001,,WHO,Honduras
NGA,2013,69.7647,WHO,Nigeria
DOM,2002,,WHO,Dominican Republic
SWZ,2006,84.30894,WHO,Eswatini
ZWE,2014,61.12572,WHO,Zimbabwe
GNB,2014,54.22242,WHO,Guinea-Bissau
TCD,2010,,WHO,Chad
AFG,2010,,WHO,Afghanistan
NGA,1999,,WHO,Nigeria
PER,1996,40.47177,WHO,Peru
MRT,2011,52.97861,WHO,Mauritania
PER,2014,25.35511,WHO,Peru
PER,2006,,WHO,Peru
PER,2014,11.50795,WHO,Peru
DOM,2002,,WHO,Dominican Republic
LSO,2009,77.63486,WHO,Lesotho
GTM,2008,,WHO,Guatemala
LSO,2004,93.21651,WHO,Lesotho
PER,2019,29.03181,WHO,Peru
UGA,2011,56.39013,WHO,Uganda
TTO,2011,,WHO,Trinidad and Tobago
GIN,2005,81.76656,WHO,Guinea
HND,2005,32.52123,WHO,Honduras
CRI,2011,,WHO,Costa Rica
NPL,2011,38.47499,WHO,Nepal
TZA,2010,59.12804,WHO,Tanzania
COL,2000,26.36634,WHO,Colombia
BLZ,1991,,WHO,Belize
COD,2013,68.83374,WHO,Democratic Republic of Congo
THA,2005,,WHO,Thailand
TGO,1998,89.12916,WHO,Togo
KAZ,2015,,WHO,Kazakhstan
SLE,2013,112.09225,WHO,Sierra Leone
ZWE,2014,43.93589,WHO,Zimbabwe
BTN,2010,,WHO,Bhutan
STP,2019,16.25158,WHO,Sao Tome and Principe
HTI,2005,100.25311,WHO,Haiti
DOM,2013,15.34977,WHO,Dominican Republic
MMR,2015,77.22462,WHO,Myanmar
YEM,2013,29.45118,WHO,Yemen
ETH,2019,39.75284,WHO,Ethiopia
TZA,1999,105.71983,WHO,Tanzania
UKR,2005,,WHO,Ukraine
NAM,2006,20.52268,WHO,Namibia
KGZ,1997,79.83146,WHO,Kyrgyzstan
ZAF,1998,36.78817,WHO,South Africa
COD,2013,69.09862,WHO,Democratic Republic of Congo
DOM,1999,,WHO,Dominican Republic
RWA,2000,124.36478,WHO,Rwanda
BEN,2001,55.3648,WHO,Benin
DOM,2007,39.76748,WHO,Dominican Republic
COM,2012,39.42974,WHO,Comoros
LBR,2019,52.42601,WHO,Liberia
GMB,2005,,WHO,Gambia
TZA,1996,81.65287,WHO,Tanzania
CAF,2006,,WHO,Central African Republic
PHL,1998,45.05621,WHO,Philippines
ZWE,2009,60.14499,WHO,Zimbabwe
PHL,1998,42.68221,WHO,Philippines
PRY,1998,,WHO,Paraguay
GHA,1993,57.70325,WHO,Ghana
ZMB,2001,92.72245,WHO,Zambia
IRQ,2006,30.84756,WHO,Iraq
BGD,2007,34.96289,WHO,Bangladesh
TUR,1993,63.40578,WHO,Turkey
GUY,2014,34.49806,WHO,Guyana
BGD,1993,57.52718,WHO,Bangladesh
COG,2011,75.13663,WHO,Congo
TJK,2012,37.9659,WHO,Tajikistan
SEN,2019,51.29997,WHO,Senegal
PRY,2016,14.49846,WHO,Paraguay
GMB,2013,37.87633,WHO,Gambia
IRQ,2006,,WHO,Iraq
THA,2005,,WHO,Thailand
BLZ,2006,,WHO,Belize
BEN,2017,70.09798,WHO,Benin
IDN,2017,39.55962,WHO,Indonesia
ETH,2005,82.08664,WHO,Ethiopia
STP,2008,44.71739,WHO,Sao Tome and Principe
RWA,2014,25.3111,WHO,Rwanda
AFG,2015,40.89143,WHO,Afghanistan
COL,2000,28.51127,WHO,Colombia
NPL,2014,0.05264,WHO,Nepal
DOM,2007,34.97411,WHO,Dominican Republic
TUN,2011,22.4098,WHO,Tunisia
MOZ,2008,91.64854,WHO,Mozambique
KAZ,2006,,WHO,Kazakhstan
KAZ,2010,,WHO,Kazakhstan
CUB,2019,,WHO,Cuba
SLE,2017,61.73703,WHO,Sierra Leone
GUY,2006,,WHO,Guyana
PER,2004,,WHO,Peru
MWI,2013,62.66796,WHO,Malawi
UZB,1996,45.86398,WHO,Uzbekistan
DZA,2018,20.24039,WHO,Algeria
BDI,2005,,WHO,Burundi
HND,2005,25.99049,WHO,Honduras
ARM,2015,8.07996,WHO,Armenia
BFA,2010,78.17031,WHO,Burkina Faso
COL,2005,23.61843,WHO,Colombia
PHL,2017,23.085,WHO,Philippines
PRY,2008,,WHO,Paraguay
VNM,2010,,WHO,Vietnam
GHA,2014,42.56851,WHO,Ghana
GHA,2011,49.60016,WHO,Ghana
BGD,2017,51.1808,WHO,Bangladesh
SEN,1997,48.08116,WHO,Senegal
ECU,2004,,WHO,Ecuador
SYR,2006,,WHO,Syria
MDG,2008,42.6605,WHO,Madagascar
IND,2015,35.62693,WHO,India
ZMB,2013,38.90651,WHO,Zambia
MMR,2015,56.55994,WHO,Myanmar
THA,2015,,WHO,Thailand
GMB,2010,,WHO,Gambia
VNM,2002,39.15389,WHO,Vietnam
GMB,2019,55.31738,WHO,Gambia
HTI,2016,56.47976,WHO,Haiti
TGO,2017,42.16775,WHO,Togo
ALB,2017,11.56087,WHO,Albania
ZWE,2014,48.30864,WHO,Zimbabwe
KGZ,2018,14.57106,WHO,Kyrgyzstan
SLV,2002,,WHO,El Salvador
CIV,2016,61.04046,WHO,Cote d'Ivoire
SRB,2014,,WHO,Serbia
YEM,2006,97.70039,WHO,Yemen
THA,2005,,WHO,Thailand
IDN,2007,31.03924,WHO,Indonesia
UKR,2012,,WHO,Ukraine
SLV,2008,,WHO,El Salvador
UGA,2000,94.53078,WHO,Uganda
NGA,2008,58.90461,WHO,Nigeria
VNM,2013,0.03971,WHO,Vietnam
DOM,1996,45.42065,WHO,Dominican Republic
ETH,2000,129.20499,WHO,Ethiopia
TGO,2006,,WHO,Togo
PER,2018,19.37159,WHO,Peru
BLR,2019,,WHO,Belarus
PAK,2006,77.2155,WHO,Pakistan
LAO,2017,40.66172,WHO,Laos
RWA,2005,106.44347,WHO,Rwanda
ETH,2000,114.88573,WHO,Ethiopia
UKR,2007,7.95774,WHO,Ukraine
JOR,2002,22.54044,WHO,Jordan
PER,2004,43.31733,WHO,Peru
CRI,1992,,WHO,Costa Rica
SUR,2010,,WHO,Suriname
CMR,2004,89.06835,WHO,Cameroon
PER,2009,9.01341,WHO,Peru
IDN,2007,34.93873,WHO,Indonesia
MOZ,1997,140.86784,WHO,Mozambique
KGZ,2012,34.12532,WHO,Kyrgyzstan
CPV,1998,,WHO,Cape Verde
BRB,2012,,WHO,Barbados
CIV,1994,81.32371,WHO,Cote d'Ivoire
UKR,2005,,WHO,Ukraine
UGA,2006,100.30482,WHO,Uganda
MDG,1997,104.05447,WHO,Madagascar
NIC,2006,,WHO,Nicaragua
TLS,2016,33.41616,WHO,East Timor
PER,1996,34.37651,WHO,Peru
SLV,1998,,WHO,El Salvador
MWI,2004,108.75655,WHO,Malawi
MDG,2018,38.17889,WHO,Madagascar
BGD,1999,51.61979,WHO,Bangladesh
MLI,2009,,WHO,Mali
PER,2004,57.05619,WHO,Peru
SLV,2008,,WHO,El Salvador
KGZ,2018,4.91918,WHO,Kyrgyzstan
IDN,2012,28.58895,WHO,Indonesia
TZA,2015,54.42852,WHO,Tanzania
MLI,2009,,WHO,Mali
IRQ,2011,36.97432,WHO,Iraq
NGA,2016,64.18475,WHO,Nigeria
UKR,1999,,WHO,Ukraine
MNE,2005,,WHO,Montenegro
BGD,2014,41.26233,WHO,Bangladesh
KHM,2005,99.11732,WHO,Cambodia
HND,1996,,WHO,Honduras
PER,2008,,WHO,Peru
ETH,2000,99.37952,WHO,Ethiopia
DOM,2007,22.95897,WHO,Dominican Republic
CIV,2006,,WHO,Cote d'Ivoire
KGZ,2005,,WHO,Kyrgyzstan
GIN,2016,41.7006,WHO,Guinea
CAF,2018,74.48987,WHO,Central African Republic
MWI,2000,117.15685,WHO,Malawi
BOL,2003,81.21258,WHO,Bolivia
NAM,2013,50.66687,WHO,Namibia
JAM,2005,,WHO,Jamaica
ZWE,2009,55.33638,WHO,Zimbabwe
LSO,2018,41.13411,WHO,Lesotho
PHL,2003,35.78262,WHO,Philippines
BLZ,2015,12.52146,WHO,Belize
SRB,2014,,WHO,Serbia
PHL,2003,25.24351,WHO,Philippines
SDN,2010,57.63478,WHO,Sudan
THA,2005,,WHO,Thailand
PHL,1998,40.93799,WHO,Philippines
BEN,2001,92.00553,WHO,Benin
BIH,2011,,WHO,Bosnia and Herzegovina
AGO,2015,59.97669,WHO,Angola
ECU,1994,,WHO,Ecuador
PHL,2017,18.98436,WHO,Philippines
BGD,2019,24.83223,WHO,Bangladesh
GHA,1998,76.22744,WHO,Ghana
HND,2011,19.10303,WHO,Honduras
WSM,2019,7.03073,WHO,Samoa
ARG,2011,,WHO,Argentina
MMR,2015,62.54671,WHO,Myanmar
KAZ,2006,,WHO,Kazakhstan
HTI,2012,54.11816,WHO,Haiti
JOR,2002,23.77446,WHO,Jordan
AGO,2015,43.29645,WHO,Angola
COM,1996,110.52082,WHO,Comoros
GUY,2009,35.93179,WHO,Guyana
KAZ,1995,36.9964,WHO,Kazakhstan
TJK,2017,24.78406,WHO,Tajikistan
LAO,2011,35.09375,WHO,Laos
TCD,2019,84.75251,WHO,Chad
PAN,2013,,WHO,Panama
MEX,2015,,WHO,Mexico
MMR,2015,51.65917,WHO,Myanmar
BTN,2010,,WHO,Bhutan
BFA,2010,71.71336,WHO,Burkina Faso
KHM,2014,42.2764,WHO,Cambodia
KAZ,2006,,WHO,Kazakhstan
COM,2012,51.28563,WHO,Comoros
PER,2019,19.22385,WHO,Peru
ZWE,2009,55.38614,WHO,Zimbabwe
ZMB,1996,104.07852,WHO,Zambia
GUY,2019,30.32489,WHO,Guyana
GIN,2018,54.04051,WHO,Guinea
NAM,2006,40.20104,WHO,Namibia
BGD,2006,,WHO,Bangladesh
PER,2010,28.05194,WHO,Peru
NER,2006,84.90604,WHO,Niger
SRB,2010,,WHO,Serbia
KGZ,2014,26.60256,WHO,Kyrgyzstan
THA,2012,,WHO,Thailand
MOZ,2015,18.52654,WHO,Mozambique
MNE,2018,,WHO,Montenegro
BGD,2011,25.27756,WHO,Bangladesh
BEN,2006,76.88699,WHO,Benin
GNB,2014,70.08216,WHO,Guinea-Bissau
YEM,2006,88.9873,WHO,Yemen
HTI,2000,82.8204,WHO,Haiti
LSO,2004,88.1853,WHO,Lesotho
UGA,2000,105.88971,WHO,Uganda
HND,2019,19.38623,WHO,Honduras
SDN,2010,76.62531,WHO,Sudan
SDN,2014,55.7989,WHO,Sudan
TKM,2006,,WHO,Turkmenistan
TCD,2004,66.02822,WHO,Chad
STP,2008,42.44762,WHO,Sao Tome and Principe
IDN,1994,70.40533,WHO,Indonesia
RWA,2005,97.08489,WHO,Rwanda
ETH,2019,63.72438,WHO,Ethiopia
NGA,2007,,WHO,Nigeria
TCD,2010,,WHO,Chad
MOZ,1997,146.37773,WHO,Mozambique
VNM,2010,,WHO,Vietnam
PHL,1993,28.8779,WHO,Philippines
THA,2015,,WHO,Thailand
IDN,2017,23.24375,WHO,Indonesia
SLV,2002,,WHO,El Salvador
PHL,2008,,WHO,Philippines
TCD,1996,124.0266,WHO,Chad
DJI,2006,,WHO,Djibouti
CMR,2011,59.4483,WHO,Cameroon
NGA,2007,,WHO,Nigeria
PER,2019,23.34345,WHO,Peru
PER,2012,15.47509,WHO,Peru
BOL,2008,65.38055,WHO,Bolivia
NER,1998,131.05458,WHO,Niger
ARM,2000,67.0382,WHO,Armenia
SEN,2016,17.8506,WHO,Senegal
VUT,2007,,WHO,Vanuatu
BIH,2006,,WHO,Bosnia and Herzegovina
MLI,2006,133.25519,WHO,Mali
PER,2004,42.09578,WHO,Peru
SLV,1998,,WHO,El Salvador
GIN,2012,86.01833,WHO,Guinea
HTI,2016,66.15965,WHO,Haiti
BIH,2006,,WHO,Bosnia and Herzegovina
UGA,2011,69.02837,WHO,Uganda
GMB,2013,37.46351,WHO,Gambia
PNG,2016,27.36201,WHO,Papua New Guinea
BEN,1996,111.1331,WHO,Benin
BEN,2014,89.78152,WHO,Benin
MRT,2015,24.26896,WHO,Mauritania
COD,2013,61.99012,WHO,Democratic Republic of Congo
JAM,2005,,WHO,Jamaica
SEN,2017,42.56123,WHO,Senegal
HTI,1994,97.74161,WHO,Haiti
GIN,2018,63.73444,WHO,Guinea
MKD,2005,,WHO,North Macedonia
TGO,2010,,WHO,Togo
BOL,2003,102.58695,WHO,Bolivia
ETH,2005,,WHO,Ethiopia
CMR,2004,82.92582,WHO,Cameroon
COD,2013,67.50115,WHO,Democratic Republic of Congo
WSM,2019,12.83434,WHO,Samoa
HND,2019,17.78641,WHO,Honduras
ETH,2016,58.05547,WHO,Ethiopia
TUR,2003,47.2303,WHO,Turkey
BEN,2006,82.94299,WHO,Benin
MLI,2012,63.65592,WHO,Mali
CIV,1994,78.78587,WHO,Cote d'Ivoire
MLI,1995,122.18759,WHO,Mali
PER,2017,20.02307,WHO,Peru
PER,2000,36.78885,WHO,Peru
NAM,2000,30.0778,WHO,Namibia
EGY,1995,54.95542,WHO,Egypt
KHM,2005,86.41161,WHO,Cambodia
MKD,2005,,WHO,North Macedonia
SLV,2014,8.42432,WHO,El Salvador
COD,2017,45.9669,WHO,Democratic Republic of Congo
HTI,2012,55.17505,WHO,Haiti
MDA,1997,,WHO,Moldova
NPL,2016,55.63776,WHO,Nepal
ZWE,2015,45.85627,WHO,Zimbabwe
IDN,2017,36.4657,WHO,Indonesia
TCD,1996,112.8067,WHO,Chad
LBR,2013,86.2851,WHO,Liberia
ALB,2008,13.41874,WHO,Albania
NAM,2000,43.08073,WHO,Namibia
IDN,2007,72.07966,WHO,Indonesia
NGA,2018,72.82207,WHO,Nigeria
TZA,2004,55.56118,WHO,Tanzania
DOM,2013,29.37405,WHO,Dominican Republic
DOM,1999,,WHO,Dominican Republic
ZWE,2005,46.50871,WHO,Zimbabwe
BGD,2004,70.13452,WHO,Bangladesh
SDN,2014,59.93978,WHO,Sudan
LAO,2017,64.46012,WHO,Laos
GIN,2016,0.05636,WHO,Guinea
JOR,2017,17.00459,WHO,Jordan
HND,2019,22.49046,WHO,Honduras
UKR,2012,,WHO,Ukraine
TZA,1996,105.93798,WHO,Tanzania
EGY,2014,19.26907,WHO,Egypt
ETH,2005,103.28249,WHO,Ethiopia
CMR,2004,94.3558,WHO,Cameroon
ETH,2000,84.28844,WHO,Ethiopia
GHA,1998,29.51223,WHO,Ghana
MOZ,2003,125.14433,WHO,Mozambique
ZMB,2018,29.86812,WHO,Zambia
SYR,2006,,WHO,Syria
MOZ,2011,57.11065,WHO,Mozambique
BGD,2012,,WHO,Bangladesh
LSO,2018,65.35038,WHO,Lesotho
GIN,2016,50.97031,WHO,Guinea
CUB,2019,,WHO,Cuba
ZWE,2010,50.39832,WHO,Zimbabwe
PNG,2016,59.3782,WHO,Papua New Guinea
LCA,2012,,WHO,Saint Lucia
TCD,2004,102.12537,WHO,Chad
NGA,2003,69.66842,WHO,Nigeria
LSO,2018,92.94425,WHO,Lesotho
PHL,1993,23.39471,WHO,Philippines
IDN,1997,55.64417,WHO,Indonesia
MDA,1997,,WHO,Moldova
DOM,2007,27.08027,WHO,Dominican Republic
UGA,2011,60.88187,WHO,Uganda
GTM,1995,45.36444,WHO,Guatemala
AGO,2015,61.47929,WHO,Angola
SEN,2019,37.21508,WHO,Senegal
NGA,1999,69.91672,WHO,Nigeria
PER,2008,16.71227,WHO,Peru
RWA,2005,97.14605,WHO,Rwanda
PHL,2003,42.344,WHO,Philippines
NIC,1992,,WHO,Nicaragua
ZAF,1998,47.58947,WHO,South Africa
TZA,1996,56.87463,WHO,Tanzania
TCD,2010,,WHO,Chad
COG,2014,32.24146,WHO,Congo
GAB,2000,48.1671,WHO,Gabon
ZMB,2018,46.83763,WHO,Zambia
PHL,2003,23.94784,WHO,Philippines
SWZ,2014,51.34489,WHO,Eswatini
TZA,2010,101.40352,WHO,Tanzania
SEN,2017,48.7529,WHO,Senegal
PER,2015,36.76141,WHO,Peru
MOZ,2011,69.77805,WHO,Mozambique
TZA,2015,51.75267,WHO,Tanzania
KGZ,2014,37.02869,WHO,Kyrgyzstan
SEN,2014,44.19722,WHO,Senegal
BGD,1996,64.81143,WHO,Bangladesh
EGY,2005,23.00401,WHO,Egypt
BLZ,1991,,WHO,Belize
BDI,2016,61.33886,WHO,Burundi
MLI,1995,138.93353,WHO,Mali
JOR,2017,14.17887,WHO,Jordan
IRQ,2018,21.01173,WHO,Iraq
BEN,2006,73.23436,WHO,Benin
ECU,1994,,WHO,Ecuador
BDI,2016,52.12459,WHO,Burundi
LBR,2013,62.16822,WHO,Liberia
TUV,2019,24.86745,WHO,Tuvalu
EGY,2000,77.28023,WHO,Egypt
RWA,2019,14.64275,WHO,Rwanda
DOM,2002,60.70687,WHO,Dominican Republic
CRI,1992,,WHO,Costa Rica
TCD,1996,114.99081,WHO,Chad
EGY,2014,30.62175,WHO,Egypt
ARG,2019,,WHO,Argentina
ZWE,1994,43.39477,WHO,Zimbabwe
GMB,2018,42.09924,WHO,Gambia
HND,2011,30.55497,WHO,Honduras
NAM,2006,52.47126,WHO,Namibia
KIR,2018,28.14664,WHO,Kiribati
NPL,1996,125.62868,WHO,Nepal
GAB,2000,79.26223,WHO,Gabon
GMB,2013,34.94526,WHO,Gambia
GUY,2006,,WHO,Guyana
TGO,2010,,WHO,Togo
PER,2015,14.69774,WHO,Peru
ECU,2004,,WHO,Ecuador
BGD,2014,48.04158,WHO,Bangladesh
NGA,2008,66.21001,WHO,Nigeria
RWA,2000,104.88129,WHO,Rwanda
PER,2013,14.55562,WHO,Peru
GIN,2016,34.0078,WHO,Guinea
BEN,2006,97.81087,WHO,Benin
RWA,2014,46.73447,WHO,Rwanda
BGD,1996,96.98726,WHO,Bangladesh
STP,2019,16.23697,WHO,Sao Tome and Principe
PER,2005,,WHO,Peru
BEN,2001,120.19053,WHO,Benin
DZA,2018,20.05185,WHO,Algeria
LBR,2019,68.50011,WHO,Liberia
CRI,1992,,WHO,Costa Rica
BGD,2007,50.39432,WHO,Bangladesh
KGZ,1997,73.28629,WHO,Kyrgyzstan
YEM,2006,94.42809,WHO,Yemen
PER,2011,9.68881,WHO,Peru
CRI,2011,,WHO,Costa Rica
ZMB,2018,32.64619,WHO,Zambia
UGA,2016,43.15048,WHO,Uganda
PHL,1993,43.49094,WHO,Philippines
MLI,2018,47.34635,WHO,Mali
UKR,2012,,WHO,Ukraine
PRY,1995,,WHO,Paraguay
ALB,2002,,WHO,Albania
PER,2019,20.65418,WHO,Peru
THA,2012,,WHO,Thailand
DOM,2019,28.69551,WHO,Dominican Republic
VNM,2010,,WHO,Vietnam
CIV,2011,68.28261,WHO,Cote d'Ivoire
KHM,2000,,WHO,Cambodia
MDG,2003,86.7343,WHO,Madagascar
NAM,2000,51.30143,WHO,Namibia
KAZ,2015,,WHO,Kazakhstan
SUR,2010,,WHO,Suriname
UGA,2011,77.69241,WHO,Uganda
TON,2019,,WHO,Tonga
KEN,1993,36.51933,WHO,Kenya
SEN,2015,34.45644,WHO,Senegal
TON,2019,13.65871,WHO,Tonga
PER,2015,26.3175,WHO,Peru
SLV,1993,,WHO,El Salvador
SYR,2006,,WHO,Syria
TCD,2014,95.33244,WHO,Chad
YEM,2013,51.05341,WHO,Yemen
HND,1996,,WHO,Honduras
JOR,2017,12.27338,WHO,Jordan
NIC,1992,,WHO,Nicaragua
MNE,2005,,WHO,Montenegro
MLI,2006,123.96768,WHO,Mali
GAB,2000,72.25793,WHO,Gabon
KAZ,1999,35.874,WHO,Kazakhstan
DOM,1999,,WHO,Dominican Republic
KAZ,1999,47.28075,WHO,Kazakhstan
SLE,2010,,WHO,Sierra Leone
SUR,2006,,WHO,Suriname
CIV,1998,102.63039,WHO,Cote d'Ivoire
GMB,2018,45.97635,WHO,Gambia
NIC,2006,,WHO,Nicaragua
KIR,2018,36.05736,WHO,Kiribati
ETH,2000,63.47787,WHO,Ethiopia
MAR,2003,43.66318,WHO,Morocco
ETH,2011,74.28157,WHO,Ethiopia
SYR,2006,,WHO,Syria
AFG,2015,51.86561,WHO,Afghanistan
DZA,2018,19.5048,WHO,Algeria
DZA,2012,19.75689,WHO,Algeria
KHM,2014,24.99304,WHO,Cambodia
SLV,2008,,WHO,El Salvador
CRI,2011,,WHO,Costa Rica
CMR,2006,,WHO,Cameroon
UGA,2006,65.95387,WHO,Uganda
MRT,2007,,WHO,Mauritania
PAN,2013,,WHO,Panama
IDN,1994,,WHO,Indonesia
BEN,2017,63.3441,WHO,Benin
NGA,2016,62.314,WHO,Nigeria
SUR,2006,,WHO,Suriname
BEN,2017,70.70306,WHO,Benin
BOL,1998,85.01783,WHO,Bolivia
BRA,1996,93.17931,WHO,Brazil
KHM,2014,70.01772,WHO,Cambodia
COD,2013,73.3839,WHO,Democratic Republic of Congo
TZA,2004,97.1192,WHO,Tanzania
CRI,2011,,WHO,Costa Rica
CMR,2011,42.67049,WHO,Cameroon
IRQ,2006,37.37084,WHO,Iraq
HND,2011,22.58123,WHO,Honduras
CIV,2006,,WHO,Cote d'Ivoire
UZB,1996,46.94138,WHO,Uzbekistan
IRQ,2018,21.07459,WHO,Iraq
CAF,2010,,WHO,Central African Republic
AFG,2015,66.70472,WHO,Afghanistan
BEN,2006,78.04895,WHO,Benin
PER,2017,,WHO,Peru
ECU,1994,,WHO,Ecuador
STP,2019,11.36964,WHO,Sao Tome and Principe
LAO,2006,,WHO,Laos
SEN,2010,47.77894,WHO,Senegal
BIH,2011,,WHO,Bosnia and Herzegovina
CUB,2010,,WHO,Cuba
PHL,2003,43.10995,WHO,Philippines
CAF,2018,82.90898,WHO,Central African Republic
MDG,2018,39.54946,WHO,Madagascar
EGY,2005,64.23095,WHO,Egypt
NIC,1997,43.96282,WHO,Nicaragua
ARG,2011,,WHO,Argentina
RWA,2010,58.80546,WHO,Rwanda
ZMB,2013,42.32001,WHO,Zambia
MOZ,1997,136.22363,WHO,Mozambique
MNE,2018,,WHO,Montenegro
MDV,2016,17.55334,WHO,Maldives
BDI,2005,,WHO,Burundi
MDG,2003,90.23878,WHO,Madagascar
KHM,2014,39.33313,WHO,Cambodia
MRT,2011,25.60004,WHO,Mauritania
ETH,2019,58.11459,WHO,Ethiopia
AFG,2015,40.84825,WHO,Afghanistan
NIC,2001,23.71848,WHO,Nicaragua
GIN,2018,77.98689,WHO,Guinea
VNM,1997,42.94181,WHO,Vietnam
IND,2005,72.73188,WHO,India
SOM,2006,87.12672,WHO,Somalia
IDN,1997,40.91047,WHO,Indonesia
CMR,1998,86.33964,WHO,Cameroon
TGO,2006,,WHO,Togo
LBR,2013,59.20077,WHO,Liberia
TZA,2010,37.3279,WHO,Tanzania
MEX,2015,,WHO,Mexico
CUB,2010,,WHO,Cuba
GAB,2012,68.53461,WHO,Gabon
RWA,2014,37.09506,WHO,Rwanda
RWA,2000,102.05055,WHO,Rwanda
NGA,2003,124.06857,WHO,Nigeria
RWA,2005,87.39157,WHO,Rwanda
LBR,2019,86.05593,WHO,Liberia
LSO,2018,48.26888,WHO,Lesotho
NAM,2000,21.40469,WHO,Namibia
TTO,2011,,WHO,Trinidad and Tobago
TZA,2010,70.6912,WHO,Tanzania
LBR,2013,61.07732,WHO,Liberia
ARM,2010,14.76235,WHO,Armenia
CIV,1994,59.36699,WHO,Cote d'Ivoire
CMR,2014,99.53671,WHO,Cameroon
CUB,2010,,WHO,Cuba
AFG,2015,2.69039,WHO,Afghanistan
BEN,2006,51.11061,WHO,Benin
ZWE,2019,62.6862,WHO,Zimbabwe
BLR,2012,,WHO,Belarus
JOR,2002,29.48411,WHO,Jordan
ARM,2010,34.29539,WHO,Armenia
MOZ,2015,23.27992,WHO,Mozambique
ETH,2016,64.75159,WHO,Ethiopia
DOM,2007,37.23041,WHO,Dominican Republic
DOM,1999,27.27194,WHO,Dominican Republic
TON,2019,,WHO,Tonga
UGA,2006,54.42548,WHO,Uganda
PER,2015,6.90006,WHO,Peru
UZB,2006,,WHO,Uzbekistan
KAZ,2006,,WHO,Kazakhstan
UGA,2006,76.10229,WHO,Uganda
CMR,2004,87.36129,WHO,Cameroon
COD,2013,67.97089,WHO,Democratic Republic of Congo
PNG,2016,36.45927,WHO,Papua New Guinea
PHL,2003,28.24297,WHO,Philippines
MLI,2018,79.2295,WHO,Mali
CUB,2010,,WHO,Cuba
JOR,2017,20.83317,WHO,Jordan
RWA,2010,59.72733,WHO,Rwanda
MAR,2003,50.61895,WHO,Morocco
IRQ,2018,0.02551,WHO,Iraq
BFA,2010,41.96292,WHO,Burkina Faso
BIH,2006,,WHO,Bosnia and Herzegovina
GMB,2013,43.00778,WHO,Gambia
PRY,2016,16.25415,WHO,Paraguay
GUY,2009,24.50141,WHO,Guyana
SLE,2019,82.2,WHO,Sierra Leone
PER,2018,22.00747,WHO,Peru
CIV,1994,117.17638,WHO,Cote d'Ivoire
CIV,1994,74.72835,WHO,Cote d'Ivoire
CRI,2011,,WHO,Costa Rica
TGO,2017,49.75751,WHO,Togo
BFA,2003,121.66827,WHO,Burkina Faso
UGA,2000,98.25073,WHO,Uganda
HND,2001,,WHO,Honduras
SDN,2010,42.59056,WHO,Sudan
AZE,2006,71.67528,WHO,Azerbaijan
COG,2011,51.86959,WHO,Congo
IND,2005,68.36954,WHO,India
PER,2020,,WHO,Peru
TJK,2012,42.1336,WHO,Tajikistan
WSM,2019,27.99987,WHO,Samoa
GIN,2005,59.68063,WHO,Guinea
GHA,2014,50.63718,WHO,Ghana
BEN,2006,81.38701,WHO,Benin
COG,2011,47.8979,WHO,Congo
CMR,2004,74.60011,WHO,Cameroon
HTI,2012,70.81035,WHO,Haiti
GTM,2008,,WHO,Guatemala
THA,2019,,WHO,Thailand
DOM,2013,35.67881,WHO,Dominican Republic
IDN,1997,57.95969,WHO,Indonesia
ZWE,2009,61.49879,WHO,Zimbabwe
AZE,2006,44.09057,WHO,Azerbaijan
ETH,2011,,WHO,Ethiopia
MDA,2012,,WHO,Moldova
RWA,2005,96.57671,WHO,Rwanda
MLI,1995,156.26746,WHO,Mali
SSD,2010,71.5283,WHO,South Sudan
SLE,2019,53.9799,WHO,Sierra Leone
IRQ,2006,,WHO,Iraq
AGO,2015,49.72323,WHO,Angola
IND,2005,83.94115,WHO,India
HND,1996,,WHO,Honduras
LSO,2014,43.91772,WHO,Lesotho
SWZ,2006,73.71786,WHO,Eswatini
COL,2010,7.82663,WHO,Colombia
SRB,2019,,WHO,Serbia
PRY,1998,,WHO,Paraguay
HND,2001,,WHO,Honduras
BGD,1999,54.67555,WHO,Bangladesh
BGD,1996,90.84274,WHO,Bangladesh
PER,2014,24.05751,WHO,Peru
CIV,2011,136.99034,WHO,Cote d'Ivoire
SOM,2006,75.939,WHO,Somalia
MRT,2015,0.05607,WHO,Mauritania
TUR,1993,99.91131,WHO,Turkey
KHM,2005,78.92625,WHO,Cambodia
KIR,2018,37.68986,WHO,Kiribati
GHA,2003,57.72039,WHO,Ghana
PNG,2016,33.37985,WHO,Papua New Guinea
LSO,2018,60.20247,WHO,Lesotho
PER,2019,5.78277,WHO,Peru
PHL,2013,27.67232,WHO,Philippines
KEN,1993,66.55764,WHO,Kenya
COG,2014,43.93726,WHO,Congo
GHA,2011,62.19093,WHO,Ghana
ARM,2000,,WHO,Armenia
PER,2004,,WHO,Peru
ZMB,2001,126.92197,WHO,Zambia
KHM,2014,40.66077,WHO,Cambodia
GTM,2014,23.60098,WHO,Guatemala
GIN,2012,84.37186,WHO,Guinea
PRY,1995,,WHO,Paraguay
CRI,1992,,WHO,Costa Rica
CRI,1992,,WHO,Costa Rica
GHA,2003,89.11149,WHO,Ghana
IDN,2007,45.86288,WHO,Indonesia
STP,2008,72.15267,WHO,Sao Tome and Principe
MWI,2019,32.08445,WHO,Malawi
YEM,2013,53.19859,WHO,Yemen
SEN,2015,53.05606,WHO,Senegal
NAM,2000,47.51923,WHO,Namibia
BGD,2011,51.52379,WHO,Bangladesh
GHA,2008,69.97373,WHO,Ghana
HND,2011,18.78258,WHO,Honduras
GAB,2000,60.7392,WHO,Gabon
SDN,2010,67.28029,WHO,Sudan
ZWE,1999,69.7131,WHO,Zimbabwe
IND,2015,32.36168,WHO,India
PER,2006,38.91317,WHO,Peru
AGO,2015,67.78359,WHO,Angola
MDV,2009,13.54372,WHO,Maldives
NIC,1997,50.18798,WHO,Nicaragua
BEN,2006,81.76488,WHO,Benin
SUR,2006,,WHO,Suriname
IRQ,2006,,WHO,Iraq
SDN,2014,52.90105,WHO,Sudan
LSO,2009,91.54197,WHO,Lesotho
SLV,1998,,WHO,El Salvador
MOZ,1997,141.87128,WHO,Mozambique
BEN,2017,56.23006,WHO,Benin
LSO,2014,80.4078,WHO,Lesotho
DOM,2007,22.00751,WHO,Dominican Republic
TUR,1998,61.93036,WHO,Turkey
MDG,2003,38.21961,WHO,Madagascar
PRY,1998,,WHO,Paraguay
ALB,2017,7.24533,WHO,Albania
KHM,2000,105.33778,WHO,Cambodia
SLE,2017,67.14574,WHO,Sierra Leone
NIC,1997,45.33334,WHO,Nicaragua
KHM,2005,84.66748,WHO,Cambodia
HTI,2000,86.98291,WHO,Haiti
TZA,2010,,WHO,Tanzania
SEN,2019,32.89885,WHO,Senegal
COL,2005,23.25243,WHO,Colombia
MNG,2013,24.88956,WHO,Mongolia
PAK,2006,96.31639,WHO,Pakistan
ARG,2011,,WHO,Argentina
TGO,2006,,WHO,Togo
LSO,2009,75.83411,WHO,Lesotho
CMR,2014,48.66566,WHO,Cameroon
PER,2018,8.25439,WHO,Peru
KGZ,2005,,WHO,Kyrgyzstan
GTM,2008,,WHO,Guatemala
SEN,2014,60.15049,WHO,Senegal
ETH,2000,103.61358,WHO,Ethiopia
KIR,2018,46.98348,WHO,Kiribati
MRT,2015,60.94436,WHO,Mauritania
HTI,2000,103.16969,WHO,Haiti
BGD,2007,44.80357,WHO,Bangladesh
KGZ,1997,62.58521,WHO,Kyrgyzstan
AZE,2006,36.23133,WHO,Azerbaijan
COD,2007,111.88917,WHO,Democratic Republic of Congo
BGD,2012,,WHO,Bangladesh
IDN,2007,46.33104,WHO,Indonesia
BTN,2010,,WHO,Bhutan
MNG,2005,,WHO,Mongolia
DOM,2013,,WHO,Dominican Republic
TZA,1996,92.15369,WHO,Tanzania
PRY,2016,15.8922,WHO,Paraguay
TJK,2012,45.48967,WHO,Tajikistan
ZAF,2016,41.66135,WHO,South Africa
SEN,2017,46.34712,WHO,Senegal
IRQ,2006,48.06593,WHO,Iraq
PAN,2013,,WHO,Panama
NIC,2001,31.40245,WHO,Nicaragua
BGD,2012,,WHO,Bangladesh
BLR,2019,,WHO,Belarus
CUB,2019,,WHO,Cuba
MRT,2011,0.06541,WHO,Mauritania
ARM,2000,,WHO,Armenia
KHM,2005,,WHO,Cambodia
IRQ,2006,30.09361,WHO,Iraq
ZWE,1999,44.3017,WHO,Zimbabwe
BDI,2016,66.54797,WHO,Burundi
IDN,1997,59.69046,WHO,Indonesia
COD,2010,,WHO,Democratic Republic of Congo
SSD,2010,0.06634,WHO,South Sudan
PER,2006,12.46148,WHO,Peru
KEN,2008,65.98526,WHO,Kenya
COM,2012,33.8538,WHO,Comoros
THA,2005,,WHO,Thailand
ZWE,2005,50.81808,WHO,Zimbabwe
CIV,1998,149.72418,WHO,Cote d'Ivoire
IDN,2002,,WHO,Indonesia
UKR,2005,,WHO,Ukraine
PER,2000,17.34115,WHO,Peru
SLV,1998,,WHO,El Salvador
RWA,2000,119.48347,WHO,Rwanda
NGA,2018,42.97557,WHO,Nigeria
PER,2013,25.17655,WHO,Peru
MKD,2018,15.65376,WHO,North Macedonia
NGA,2018,78.08063,WHO,Nigeria
BGD,2014,26.77123,WHO,Bangladesh
TTO,2011,,WHO,Trinidad and Tobago
SEN,2016,43.08506,WHO,Senegal
HTI,2012,84.17136,WHO,Haiti
PER,2018,14.15921,WHO,Peru
ARM,2010,,WHO,Armenia
SEN,2017,39.47447,WHO,Senegal
KEN,2008,63.21135,WHO,Kenya
HTI,1994,87.78984,WHO,Haiti
MWI,2013,59.35695,WHO,Malawi
DOM,2013,26.65767,WHO,Dominican Republic
NER,2012,73.10362,WHO,Niger
NER,2006,98.16573,WHO,Niger
IDN,1997,57.37134,WHO,Indonesia
SRB,2019,,WHO,Serbia
ARG,2011,,WHO,Argentina
TKM,2006,,WHO,Turkmenistan
DOM,2013,19.72456,WHO,Dominican Republic
TUN,2018,11.39692,WHO,Tunisia
STP,2014,30.5089,WHO,Sao Tome and Principe
GHA,2014,41.87601,WHO,Ghana
DOM,2013,32.70653,WHO,Dominican Republic
CUB,2019,,WHO,Cuba
SDN,2014,49.94178,WHO,Sudan
KAZ,2015,,WHO,Kazakhstan
HTI,2005,57.55193,WHO,Haiti
PER,2011,16.58546,WHO,Peru
IRQ,2006,16.96042,WHO,Iraq
IDN,1994,,WHO,Indonesia
PER,2014,23.05186,WHO,Peru
MRT,2015,50.26047,WHO,Mauritania
BLR,2019,,WHO,Belarus
TLS,2016,32.44876,WHO,East Timor
STP,2019,17.03172,WHO,Sao Tome and Principe
COD,2017,59.96804,WHO,Democratic Republic of Congo
VNM,2002,31.2438,WHO,Vietnam
IDN,2002,59.07555,WHO,Indonesia
PER,1996,64.31492,WHO,Peru
WSM,2019,14.6514,WHO,Samoa
RWA,2010,55.20205,WHO,Rwanda
BGD,1993,115.21091,WHO,Bangladesh
PER,2009,29.94128,WHO,Peru
VNM,1997,33.3795,WHO,Vietnam
IND,2005,44.23517,WHO,India
SLE,2013,115.61246,WHO,Sierra Leone
CAF,2006,,WHO,Central African Republic
SEN,2012,45.29257,WHO,Senegal
IND,1998,50.91834,WHO,India
TJK,2012,42.66403,WHO,Tajikistan
DOM,2019,25.84447,WHO,Dominican Republic
BIH,2006,,WHO,Bosnia and Herzegovina
DOM,2014,29.40001,WHO,Dominican Republic
BGD,2011,29.56276,WHO,Bangladesh
KAZ,2010,,WHO,Kazakhstan
TLS,2016,34.46433,WHO,East Timor
BLZ,1991,,WHO,Belize
DOM,2002,,WHO,Dominican Republic
IDN,2012,27.68439,WHO,Indonesia
BFA,2010,88.61394,WHO,Burkina Faso
ETH,2016,,WHO,Ethiopia
PER,2018,15.79917,WHO,Peru
ZWE,1994,42.93077,WHO,Zimbabwe
GHA,2011,57.53805,WHO,Ghana
MLI,2001,112.43719,WHO,Mali
CPV,1998,,WHO,Cape Verde
ZMB,2001,154.01579,WHO,Zambia
ETH,2016,54.01958,WHO,Ethiopia
UZB,1996,50.16879,WHO,Uzbekistan
GTM,1995,73.69978,WHO,Guatemala
TGO,2010,,WHO,Togo
VNM,2010,,WHO,Vietnam
DOM,2002,33.01347,WHO,Dominican Republic
SWZ,2014,64.56976,WHO,Eswatini
GIN,2012,55.27639,WHO,Guinea
AGO,2015,42.75996,WHO,Angola
TUR,1998,42.12767,WHO,Turkey
GIN,2018,42.05965,WHO,Guinea
NIC,1992,,WHO,Nicaragua
PER,2005,,WHO,Peru
THA,2012,,WHO,Thailand
DJI,2006,,WHO,Djibouti
CPV,1998,,WHO,Cape Verde
COD,2017,40.67994,WHO,Democratic Republic of Congo
PER,2016,23.28283,WHO,Peru
JOR,2012,19.06732,WHO,Jordan
ZWE,1994,56.85882,WHO,Zimbabwe
TZA,2015,50.49054,WHO,Tanzania
GUY,2006,,WHO,Guyana
MWI,2019,39.67168,WHO,Malawi
GHA,2011,45.48523,WHO,Ghana
BDI,2016,33.06722,WHO,Burundi
SRB,2014,,WHO,Serbia
HTI,2012,64.84496,WHO,Haiti
NAM,2000,31.25323,WHO,Namibia
SLV,1998,,WHO,El Salvador
CMR,2004,91.20547,WHO,Cameroon
MWI,2006,86.19027,WHO,Malawi
ARM,2010,,WHO,Armenia
RWA,2019,35.13377,WHO,Rwanda
GTM,1995,49.49764,WHO,Guatemala
BLZ,2006,,WHO,Belize
NGA,2011,,WHO,Nigeria
COD,2017,28.46976,WHO,Democratic Republic of Congo
TLS,2009,66.46368,WHO,East Timor
THA,2019,,WHO,Thailand
LAO,2017,50.75485,WHO,Laos
NGA,1999,71.18845,WHO,Nigeria
SLV,1998,,WHO,El Salvador
GHA,1998,21.07468,WHO,Ghana
ARM,2010,33.57785,WHO,Armenia
IRQ,2006,26.80369,WHO,Iraq
PER,2005,46.85036,WHO,Peru
COD,2017,36.67469,WHO,Democratic Republic of Congo
SYR,2006,,WHO,Syria
SLE,2017,73.46487,WHO,Sierra Leone
GEO,2018,,WHO,Georgia
SLE,2019,93.63354,WHO,Sierra Leone
HND,1996,,WHO,Honduras
ALB,2002,,WHO,Albania
PRY,1995,,WHO,Paraguay
ALB,2017,15.89565,WHO,Albania
KGZ,2012,24.59216,WHO,Kyrgyzstan
TZA,2015,,WHO,Tanzania
SDN,2010,71.88164,WHO,Sudan
MOZ,2015,17.58159,WHO,Mozambique
CIV,2006,,WHO,Cote d'Ivoire
UGA,1995,87.88523,WHO,Uganda
COD,2017,56.95152,WHO,Democratic Republic of Congo
MOZ,2011,94.5191,WHO,Mozambique
TUV,2019,,WHO,Tuvalu
PER,2013,,WHO,Peru
ZAF,1998,51.61785,WHO,South Africa
ALB,2008,36.73814,WHO,Albania
KGZ,1997,81.62215,WHO,Kyrgyzstan
ARG,2011,,WHO,Argentina
GMB,2019,43.40574,WHO,Gambia
TLS,2016,38.17369,WHO,East Timor
THA,2005,,WHO,Thailand
PAK,2017,56.23567,WHO,Pakistan
SEN,2015,43.05952,WHO,Senegal
ZWE,2014,50.70377,WHO,Zimbabwe
ZWE,2014,45.70952,WHO,Zimbabwe
TZA,1999,91.89034,WHO,Tanzania
BOL,2008,62.94933,WHO,Bolivia
PHL,2017,28.43999,WHO,Philippines
MRT,2011,41.57151,WHO,Mauritania
MNE,2018,,WHO,Montenegro
BIH,2006,,WHO,Bosnia and Herzegovina
HND,2019,20.91585,WHO,Honduras
ETH,2000,149.35159,WHO,Ethiopia
BDI,2016,40.47939,WHO,Burundi
NPL,2016,46.90088,WHO,Nepal
GNB,2006,,WHO,Guinea-Bissau
GHA,2011,53.07246,WHO,Ghana
SDN,2010,62.59021,WHO,Sudan
TZA,2010,59.72411,WHO,Tanzania
MRT,2015,44.92044,WHO,Mauritania
NPL,2016,58.17006,WHO,Nepal
BEN,2017,57.96687,WHO,Benin
SRB,2019,,WHO,Serbia
MWI,2013,55.82722,WHO,Malawi
BLR,2019,,WHO,Belarus
KEN,1998,55.4436,WHO,Kenya
MWI,2010,83.79873,WHO,Malawi
PER,2015,15.20981,WHO,Peru
KGZ,2014,28.28494,WHO,Kyrgyzstan
SOM,2006,109.17558,WHO,Somalia
IND,2015,44.72751,WHO,India
UKR,2005,,WHO,Ukraine
UZB,2006,,WHO,Uzbekistan
KHM,2000,50.33528,WHO,Cambodia
GHA,2006,,WHO,Ghana
UGA,1995,89.88342,WHO,Uganda
THA,2005,,WHO,Thailand
MEX,2015,,WHO,Mexico
CMR,2018,24.73349,WHO,Cameroon
TJK,2012,48.71256,WHO,Tajikistan
SEN,2015,32.48974,WHO,Senegal
NPL,1996,103.57468,WHO,Nepal
PRY,1998,,WHO,Paraguay
PER,2010,11.63035,WHO,Peru
KHM,2005,97.12157,WHO,Cambodia
GAB,2012,38.63231,WHO,Gabon
NGA,2007,,WHO,Nigeria
GNB,2006,,WHO,Guinea-Bissau
GHA,2014,52.71504,WHO,Ghana
CMR,2018,64.36865,WHO,Cameroon
NIC,1997,25.76388,WHO,Nicaragua
COL,2000,39.89047,WHO,Colombia
TGO,2006,,WHO,Togo
COG,2005,57.75298,WHO,Congo
TGO,2017,46.48672,WHO,Togo
BLR,2005,,WHO,Belarus
TZA,2010,52.93369,WHO,Tanzania
IND,2005,70.95078,WHO,India
IND,2015,49.52002,WHO,India
BDI,2016,53.10941,WHO,Burundi
CIV,2011,60.63433,WHO,Cote d'Ivoire
ZMB,2007,74.31035,WHO,Zambia
KEN,1993,70.61562,WHO,Kenya
NIC,1997,54.0648,WHO,Nicaragua
PHL,2013,31.274,WHO,Philippines
SRB,2019,,WHO,Serbia
PAK,2012,73.66277,WHO,Pakistan
GTM,1995,62.93929,WHO,Guatemala
BOL,2003,38.4115,WHO,Bolivia
THA,2019,,WHO,Thailand
THA,2012,,WHO,Thailand
SOM,2006,97.75788,WHO,Somalia
GHA,2008,37.26676,WHO,Ghana
COD,2017,53.09966,WHO,Democratic Republic of Congo
SLV,2008,,WHO,El Salvador
MWI,2010,72.44817,WHO,Malawi
UKR,1999,,WHO,Ukraine
GMB,2005,,WHO,Gambia
DOM,2007,,WHO,Dominican Republic
BOL,2003,57.3852,WHO,Bolivia
NER,1998,140.87088,WHO,Niger
IDN,1997,65.84122,WHO,Indonesia
TJK,2017,33.38594,WHO,Tajikistan
MDV,2016,32.40838,WHO,Maldives
MNE,2013,,WHO,Montenegro
HTI,2016,64.71008,WHO,Haiti
MNG,2010,,WHO,Mongolia
MDV,2016,15.95829,WHO,Maldives
GUY,2019,26.61156,WHO,Guyana
DOM,2019,28.35264,WHO,Dominican Republic
NPL,2014,40.53152,WHO,Nepal
PHL,1998,24.12667,WHO,Philippines
BDI,2010,88.97417,WHO,Burundi
ARM,2010,27.8598,WHO,Armenia
CIV,2016,52.42101,WHO,Cote d'Ivoire
COL,2015,22.35276,WHO,Colombia
NPL,2014,,WHO,Nepal
JAM,2011,,WHO,Jamaica
MNG,2005,,WHO,Mongolia
PER,2004,,WHO,Peru
PAK,2012,78.7409,WHO,Pakistan
LBR,2019,63.22994,WHO,Liberia
TLS,2009,58.90432,WHO,East Timor
NAM,2013,61.58547,WHO,Namibia
GEO,2018,,WHO,Georgia
THA,2012,,WHO,Thailand
PER,2019,19.31532,WHO,Peru
CRI,2011,,WHO,Costa Rica
ZWE,2010,40.7714,WHO,Zimbabwe
KHM,2005,14.36238,WHO,Cambodia
GTM,1998,39.55303,WHO,Guatemala
NPL,2014,41.07604,WHO,Nepal
TJK,2017,34.37657,WHO,Tajikistan
KAZ,1999,,WHO,Kazakhstan
HND,2011,23.67785,WHO,Honduras
CUB,2006,,WHO,Cuba
PRY,1995,,WHO,Paraguay
AFG,2015,34.08307,WHO,Afghanistan
BGD,2019,31.45779,WHO,Bangladesh
PAN,2013,,WHO,Panama
ETH,2011,52.55252,WHO,Ethiopia
VNM,2002,27.7171,WHO,Vietnam
SLE,2019,74.71618,WHO,Sierra Leone
PHL,2017,10.58059,WHO,Philippines
PAN,2013,,WHO,Panama
BOL,2008,28.92543,WHO,Bolivia
NER,1998,131.78159,WHO,Niger
COD,2007,68.16135,WHO,Democratic Republic of Congo
PER,2014,33.35052,WHO,Peru
PER,2018,13.385,WHO,Peru
THA,2015,,WHO,Thailand
BOL,1998,106.53741,WHO,Bolivia
ALB,2005,,WHO,Albania
GAB,2012,35.55064,WHO,Gabon
SEN,2016,36.06527,WHO,Senegal
TZA,2004,61.80968,WHO,Tanzania
COD,2010,,WHO,Democratic Republic of Congo
IRQ,2011,29.78859,WHO,Iraq
TON,2019,,WHO,Tonga
BEN,2001,109.59203,WHO,Benin
LAO,2017,59.8474,WHO,Laos
ZWE,1994,47.73963,WHO,Zimbabwe
TLS,2016,25.58609,WHO,East Timor
UKR,2005,,WHO,Ukraine
MDG,2003,54.67649,WHO,Madagascar
SLV,2008,,WHO,El Salvador
GMB,2005,,WHO,Gambia
COL,1995,39.28834,WHO,Colombia
MNE,2013,,WHO,Montenegro
ZMB,2013,45.67458,WHO,Zambia
COD,2013,49.56697,WHO,Democratic Republic of Congo
MAR,2003,41.46838,WHO,Morocco
BGD,2006,,WHO,Bangladesh
KGZ,2014,29.29056,WHO,Kyrgyzstan
BFA,2010,91.74616,WHO,Burkina Faso
HND,2005,26.18107,WHO,Honduras
CMR,2014,60.65944,WHO,Cameroon
SEN,2012,33.03271,WHO,Senegal
NAM,2013,29.52643,WHO,Namibia
TZA,1996,64.82352,WHO,Tanzania
BGD,2017,38.12594,WHO,Bangladesh
BDI,2016,31.26982,WHO,Burundi
CMR,2004,58.26178,WHO,Cameroon
BEN,2011,43.9431,WHO,Benin
PRY,1995,,WHO,Paraguay
MWI,2013,56.7824,WHO,Malawi
BEN,2014,0.09159,WHO,Benin
UZB,2006,,WHO,Uzbekistan
VNM,2002,22.29638,WHO,Vietnam
GHA,2003,50.2676,WHO,Ghana
GTM,2014,29.52869,WHO,Guatemala
IDN,2002,44.78751,WHO,Indonesia
TCD,1996,113.02926,WHO,Chad
IDN,2007,25.20705,WHO,Indonesia
PHL,1993,31.8596,WHO,Philippines
CAF,2006,,WHO,Central African Republic
KGZ,1997,48.09461,WHO,Kyrgyzstan
COL,2015,16.92147,WHO,Colombia
KAZ,2010,,WHO,Kazakhstan
MOZ,2011,69.04283,WHO,Mozambique
GNB,2006,,WHO,Guinea-Bissau
TJK,2017,20.91073,WHO,Tajikistan
JOR,2007,12.83406,WHO,Jordan
STP,2014,40.81993,WHO,Sao Tome and Principe
TCD,2014,90.55677,WHO,Chad
TLS,2009,29.70763,WHO,East Timor
ZAF,2016,,WHO,South Africa
DOM,2007,31.41768,WHO,Dominican Republic
HND,2001,,WHO,Honduras
TZA,2004,84.26975,WHO,Tanzania
GMB,2018,31.74886,WHO,Gambia
TGO,2013,52.75909,WHO,Togo
ECU,1999,,WHO,Ecuador
PRY,1998,,WHO,Paraguay
GNB,2014,40.23075,WHO,Guinea-Bissau
BFA,1998,100.88673,WHO,Burkina Faso
UKR,2005,,WHO,Ukraine
IDN,2002,45.65817,WHO,Indonesia
PER,2017,18.57809,WHO,Peru
SLV,1998,,WHO,El Salvador
IDN,1994,16.44687,WHO,Indonesia
ALB,2008,29.32308,WHO,Albania
GTM,2002,,WHO,Guatemala
MKD,2018,,WHO,North Macedonia
NGA,2007,,WHO,Nigeria
KHM,2000,,WHO,Cambodia
STP,2014,49.12924,WHO,Sao Tome and Principe
LSO,2004,73.85562,WHO,Lesotho
MLI,2012,40.79369,WHO,Mali
YEM,2006,31.028,WHO,Yemen
SEN,2016,41.35039,WHO,Senegal
MLI,2018,68.12337,WHO,Mali
KGZ,2005,,WHO,Kyrgyzstan
SRB,2019,,WHO,Serbia
KAZ,1995,48.90073,WHO,Kazakhstan
JOR,2007,20.55077,WHO,Jordan
PHL,2013,14.30313,WHO,Philippines
BFA,1998,134.90211,WHO,Burkina Faso
PNG,2016,31.46846,WHO,Papua New Guinea
NIC,2001,,WHO,Nicaragua
MOZ,2015,21.9659,WHO,Mozambique
TZA,2015,49.44862,WHO,Tanzania
CMR,2018,62.83075,WHO,Cameroon
NIC,1992,,WHO,Nicaragua
ZWE,2015,47.76762,WHO,Zimbabwe
DOM,2002,17.90923,WHO,Dominican Republic
NAM,2000,33.18965,WHO,Namibia
SLE,2010,,WHO,Sierra Leone
CMR,2018,61.88652,WHO,Cameroon
GTM,1995,63.5,WHO,Guatemala
ZWE,2010,53.83368,WHO,Zimbabwe
BEN,2014,59.49859,WHO,Benin
ZMB,2013,41.64544,WHO,Zambia
LSO,2009,77.12241,WHO,Lesotho
TCD,2014,64.01653,WHO,Chad
IDN,2012,34.79844,WHO,Indonesia
PHL,2017,30.71424,WHO,Philippines
PER,2008,45.40955,WHO,Peru
TGO,2017,48.9028,WHO,Togo
SLV,2008,,WHO,El Salvador
CPV,1998,,WHO,Cape Verde
DZA,2018,15.12787,WHO,Algeria
LSO,2004,69.07476,WHO,Lesotho
MWI,2013,,WHO,Malawi
ARG,2019,,WHO,Argentina
ZMB,2013,46.43003,WHO,Zambia
HTI,1994,80.42377,WHO,Haiti
BLR,2012,,WHO,Belarus
MWI,2004,94.96122,WHO,Malawi
GHA,1998,67.95107,WHO,Ghana
EGY,2000,60.9835,WHO,Egypt
MLI,2012,79.81969,WHO,Mali
SEN,2018,47.81213,WHO,Senegal
PER,2018,15.3495,WHO,Peru
GNB,2018,44.7306,WHO,Guinea-Bissau
LAO,2006,,WHO,Laos
PER,1996,,WHO,Peru
NIC,1997,57.33703,WHO,Nicaragua
MKD,2018,,WHO,North Macedonia
ARM,2015,7.13655,WHO,Armenia
TUR,2013,16.33632,WHO,Turkey
PER,2012,,WHO,Peru
CIV,2016,72.32539,WHO,Cote d'Ivoire
PAK,2012,78.2329,WHO,Pakistan
GUY,2014,36.31093,WHO,Guyana
JOR,2007,18.13063,WHO,Jordan
KAZ,1999,51.94104,WHO,Kazakhstan
NGA,2007,,WHO,Nigeria
WSM,2019,10.774,WHO,Samoa
MWI,2010,73.35205,WHO,Malawi
LCA,2012,,WHO,Saint Lucia
TJK,2012,30.67279,WHO,Tajikistan
SEN,2014,30.3841,WHO,Senegal
TGO,2010,,WHO,Togo
KHM,2000,79.50224,WHO,Cambodia
JAM,2005,,WHO,Jamaica
GIN,2012,79.29744,WHO,Guinea
MNG,2013,13.48797,WHO,Mongolia
BOL,2008,59.40592,WHO,Bolivia
BLR,2019,,WHO,Belarus
BTN,2010,,WHO,Bhutan
PER,2017,20.35742,WHO,Peru
TJK,2005,,WHO,Tajikistan
TCD,2010,,WHO,Chad
CIV,2011,87.03397,WHO,Cote d'Ivoire
NPL,2019,23.34593,WHO,Nepal
PER,2016,27.46208,WHO,Peru
TZA,1996,52.53955,WHO,Tanzania
COD,2007,82.08446,WHO,Democratic Republic of Congo
PER,2006,36.30866,WHO,Peru
PER,2009,10.28609,WHO,Peru
MLI,2018,69.27953,WHO,Mali
SEN,2014,36.8871,WHO,Senegal
KHM,2014,34.99784,WHO,Cambodia
EGY,2005,26.02869,WHO,Egypt
KAZ,2015,,WHO,Kazakhstan
SDN,2010,51.46445,WHO,Sudan
CIV,2016,55.5591,WHO,Cote d'Ivoire
ETH,2005,94.41434,WHO,Ethiopia
SEN,1997,65.04096,WHO,Senegal
MLI,2009,,WHO,Mali
BLZ,2006,,WHO,Belize
IRQ,2006,,WHO,Iraq
SOM,2006,80.1206,WHO,Somalia
MNG,2013,38.95348,WHO,Mongolia
PER,2019,12.96078,WHO,Peru
SEN,2016,44.82354,WHO,Senegal
TGO,2010,,WHO,Togo
TCD,2014,83.37903,WHO,Chad
MWI,2004,65.69656,WHO,Malawi
MRT,2007,,WHO,Mauritania
STP,2008,54.89684,WHO,Sao Tome and Principe
LSO,2004,105.31089,WHO,Lesotho
KGZ,2005,,WHO,Kyrgyzstan
CIV,1994,110.46004,WHO,Cote d'Ivoire
MKD,2011,,WHO,North Macedonia
BGD,2012,,WHO,Bangladesh
UGA,2016,50.78878,WHO,Uganda
PAN,2013,,WHO,Panama
MWI,2019,28.38376,WHO,Malawi
GHA,2003,69.93487,WHO,Ghana
DOM,1996,56.05693,WHO,Dominican Republic
KGZ,2005,,WHO,Kyrgyzstan
ZMB,1996,69.755,WHO,Zambia
IDN,2017,27.54044,WHO,Indonesia
PER,2018,10.62641,WHO,Peru
TJK,2005,,WHO,Tajikistan
HND,2005,31.05448,WHO,Honduras
GHA,2017,37.67994,WHO,Ghana
SEN,1997,52.05706,WHO,Senegal
TUN,2011,15.68978,WHO,Tunisia
BOL,1994,86.43002,WHO,Bolivia
BFA,1998,67.39584,WHO,Burkina Faso
DJI,2006,,WHO,Djibouti
ARM,2005,22.89976,WHO,Armenia
COD,2010,,WHO,Democratic Republic of Congo
ZMB,2013,54.68097,WHO,Zambia
CMR,2011,68.04438,WHO,Cameroon
NPL,2011,55.46601,WHO,Nepal
PER,2010,26.38254,WHO,Peru
IDN,2012,31.96849,WHO,Indonesia
SLE,2017,85.77252,WHO,Sierra Leone
ZWE,2015,72.71934,WHO,Zimbabwe
PER,2016,12.50389,WHO,Peru
CIV,2016,63.22221,WHO,Cote d'Ivoire
GIN,2016,61.90389,WHO,Guinea
GAB,2000,73.62079,WHO,Gabon
NGA,2007,,WHO,Nigeria
MNG,2005,,WHO,Mongolia
BOL,2008,74.95609,WHO,Bolivia
BOL,2003,79.07369,WHO,Bolivia
GTM,2002,,WHO,Guatemala
TTO,2006,,WHO,Trinidad and Tobago
KAZ,2010,,WHO,Kazakhstan
TCD,2010,,WHO,Chad
MNE,2018,,WHO,Montenegro
QAT,2012,,WHO,Qatar
NIC,1997,36.05975,WHO,Nicaragua
GHA,1998,41.40946,WHO,Ghana
UKR,1999,,WHO,Ukraine
GNB,2014,55.02947,WHO,Guinea-Bissau
ETH,2019,75.14938,WHO,Ethiopia
SLE,2008,117.54864,WHO,Sierra Leone
CIV,1998,96.96474,WHO,Cote d'Ivoire
ZWE,2015,74.43121,WHO,Zimbabwe
CIV,2016,54.81122,WHO,Cote d'Ivoire
ZAF,1998,12.7128,WHO,South Africa
COG,2014,34.47583,WHO,Congo
IND,2005,64.98867,WHO,India
GHA,2011,38.14642,WHO,Ghana
PER,2011,17.48525,WHO,Peru
CIV,2006,,WHO,Cote d'Ivoire
SWZ,2006,75.97665,WHO,Eswatini
TZA,2015,35.57605,WHO,Tanzania
SOM,2006,87.55069,WHO,Somalia
SLE,2005,,WHO,Sierra Leone
BLZ,2006,,WHO,Belize
ECU,1999,,WHO,Ecuador
SDN,2014,49.46531,WHO,Sudan
MKD,2005,,WHO,North Macedonia
NAM,2000,28.5202,WHO,Namibia
ETH,2005,84.39622,WHO,Ethiopia
IRQ,2018,16.14274,WHO,Iraq
UZB,2006,,WHO,Uzbekistan
MKD,2018,19.14812,WHO,North Macedonia
ZAF,2016,42.04873,WHO,South Africa
COL,1995,38.98145,WHO,Colombia
CIV,1998,131.74223,WHO,Cote d'Ivoire
BFA,2003,110.08789,WHO,Burkina Faso
IND,2015,40.02945,WHO,India
PAK,2017,52.54862,WHO,Pakistan
TTO,2011,,WHO,Trinidad and Tobago
HND,2019,15.80592,WHO,Honduras
SLV,2014,4.49733,WHO,El Salvador
DZA,2012,21.52438,WHO,Algeria
SEN,2012,46.71598,WHO,Senegal
CMR,2004,85.50092,WHO,Cameroon
NGA,2018,68.68388,WHO,Nigeria
PER,2019,24.705,WHO,Peru
NPL,2016,49.18011,WHO,Nepal
SWZ,2006,74.06908,WHO,Eswatini
COL,2005,17.36526,WHO,Colombia
GNB,2006,,WHO,Guinea-Bissau
SEN,1997,79.82953,WHO,Senegal
KAZ,1999,78.94632,WHO,Kazakhstan
NIC,1992,,WHO,Nicaragua
PER,2005,,WHO,Peru
HND,2001,,WHO,Honduras
BFA,1998,107.88653,WHO,Burkina Faso
NAM,2000,39.73063,WHO,Namibia
IDN,1994,38.14116,WHO,Indonesia
GHA,2017,42.72589,WHO,Ghana
NIC,2001,48.76738,WHO,Nicaragua
DZA,2012,22.72774,WHO,Algeria
MEX,2015,,WHO,Mexico
UKR,1999,,WHO,Ukraine
ECU,1994,,WHO,Ecuador
PER,2010,35.23944,WHO,Peru
BOL,1998,93.87225,WHO,Bolivia
SRB,2005,,WHO,Serbia
CMR,2011,71.8073,WHO,Cameroon
DOM,2007,11.45401,WHO,Dominican Republic
MNG,2005,,WHO,Mongolia
MLI,2012,83.22267,WHO,Mali
SWZ,2010,71.33422,WHO,Eswatini
EGY,2008,16.83524,WHO,Egypt
MLI,2009,,WHO,Mali
GTM,1995,57.68625,WHO,Guatemala
STP,2019,6.18109,WHO,Sao Tome and Principe
AZE,2006,42.05184,WHO,Azerbaijan
CMR,2006,,WHO,Cameroon
NAM,2006,57.14878,WHO,Namibia
CMR,2014,42.48395,WHO,Cameroon
TUR,2013,22.63917,WHO,Turkey
SLV,1993,,WHO,El Salvador
BGD,2011,45.49626,WHO,Bangladesh
NGA,2018,79.48615,WHO,Nigeria
DOM,2014,28.65974,WHO,Dominican Republic
IDN,2002,36.20913,WHO,Indonesia
KEN,1993,80.20115,WHO,Kenya
THA,2015,,WHO,Thailand
GUY,2006,,WHO,Guyana
PRY,2004,,WHO,Paraguay
TCD,2004,124.4417,WHO,Chad
AFG,2010,,WHO,Afghanistan
AFG,2015,61.78297,WHO,Afghanistan
DOM,1996,23.43346,WHO,Dominican Republic
PER,2013,28.92894,WHO,Peru
COM,1996,93.96129,WHO,Comoros
QAT,2012,,WHO,Qatar
GUY,2019,8.09585,WHO,Guyana
SRB,2019,,WHO,Serbia
RWA,2010,69.47687,WHO,Rwanda
NPL,2001,112.18299,WHO,Nepal
NGA,2016,84.03184,WHO,Nigeria
MLI,2015,56.03067,WHO,Mali
ETH,2016,61.889,WHO,Ethiopia
PER,2019,25.00116,WHO,Peru
TZA,1996,63.86489,WHO,Tanzania
NIC,2001,39.4778,WHO,Nicaragua
ZWE,1994,30.16567,WHO,Zimbabwe
VNM,2006,,WHO,Vietnam
EGY,2000,75.6129,WHO,Egypt
TUR,2013,15.84012,WHO,Turkey
ETH,2011,,WHO,Ethiopia
ZWE,2015,67.22411,WHO,Zimbabwe
YEM,2013,53.32201,WHO,Yemen
SLE,2005,,WHO,Sierra Leone
IDN,2012,46.28911,WHO,Indonesia
KAZ,2010,,WHO,Kazakhstan
COG,2011,57.07449,WHO,Congo
MDG,1997,103.15491,WHO,Madagascar
CIV,1998,148.32259,WHO,Cote d'Ivoire
CMR,2006,,WHO,Cameroon
BGD,2017,44.51358,WHO,Bangladesh
PER,2012,26.04,WHO,Peru
MLI,2006,111.43758,WHO,Mali
SRB,2014,,WHO,Serbia
KHM,2010,77.62559,WHO,Cambodia
NPL,2011,53.1833,WHO,Nepal
GNB,2018,25.01416,WHO,Guinea-Bissau
CUB,2014,,WHO,Cuba
RWA,2000,79.01582,WHO,Rwanda
RWA,2010,60.59172,WHO,Rwanda
PHL,1993,38.04225,WHO,Philippines
CMR,2004,100.59659,WHO,Cameroon
HTI,2000,70.22683,WHO,Haiti
PHL,1993,42.77004,WHO,Philippines
AZE,2006,52.16275,WHO,Azerbaijan
HTI,2016,60.83432,WHO,Haiti
BTN,2010,,WHO,Bhutan
BEN,2014,57.24987,WHO,Benin
GUY,2014,26.41644,WHO,Guyana
BGD,2019,32.31536,WHO,Bangladesh
ARM,2005,24.80211,WHO,Armenia
GHA,2011,57.96875,WHO,Ghana
GUY,2006,,WHO,Guyana
BFA,2006,,WHO,Burkina Faso
DJI,2006,,WHO,Djibouti
SLE,2008,101.08023,WHO,Sierra Leone
COM,1996,79.64182,WHO,Comoros
MOZ,2008,83.48923,WHO,Mozambique
BOL,1998,21.12562,WHO,Bolivia
MLI,2015,67.17665,WHO,Mali
IDN,1997,68.25573,WHO,Indonesia
MDA,2005,17.19025,WHO,Moldova
PAK,2006,66.71661,WHO,Pakistan
NGA,2007,,WHO,Nigeria
DOM,2019,18.58541,WHO,Dominican Republic
LAO,2006,,WHO,Laos
ZMB,2001,95.12591,WHO,Zambia
TUR,2003,59.12393,WHO,Turkey
HND,2005,21.75361,WHO,Honduras
SLV,2002,,WHO,El Salvador
GHA,2017,57.76385,WHO,Ghana
LBR,2013,92.99551,WHO,Liberia
KEN,1998,63.90813,WHO,Kenya
PNG,2016,36.61029,WHO,Papua New Guinea
MKD,2005,,WHO,North Macedonia
TCD,2010,,WHO,Chad
NIC,1997,34.41724,WHO,Nicaragua
NPL,2001,76.58627,WHO,Nepal
PAN,2013,,WHO,Panama
PER,2008,,WHO,Peru
NGA,1999,,WHO,Nigeria
CUB,2010,,WHO,Cuba
ZAF,1998,61.61565,WHO,South Africa
TUR,1993,65.20327,WHO,Turkey
BEN,1996,113.27052,WHO,Benin
ARM,2005,23.9722,WHO,Armenia
NGA,1999,76.92689,WHO,Nigeria
DOM,2007,43.09424,WHO,Dominican Republic
BFA,2010,60.82565,WHO,Burkina Faso
LAO,2011,106.78613,WHO,Laos
JOR,2017,19.3949,WHO,Jordan
KAZ,2010,,WHO,Kazakhstan
UKR,1999,,WHO,Ukraine
ARG,2011,,WHO,Argentina
NIC,2001,32.2374,WHO,Nicaragua
EGY,1995,114.23282,WHO,Egypt
TLS,2009,45.23497,WHO,East Timor
NGA,2003,143.08455,WHO,Nigeria
BRB,2012,,WHO,Barbados
JOR,1997,34.32631,WHO,Jordan
RWA,2005,89.84747,WHO,Rwanda
PHL,2003,28.84115,WHO,Philippines
NGA,2003,65.62634,WHO,Nigeria
SEN,2017,47.28023,WHO,Senegal
COL,2010,17.83957,WHO,Colombia
CPV,1998,,WHO,Cape Verde
BGD,2007,45.9643,WHO,Bangladesh
MDG,2008,63.81423,WHO,Madagascar
TZA,2004,101.07864,WHO,Tanzania
UZB,2006,,WHO,Uzbekistan
PER,2018,10.92971,WHO,Peru
CMR,2006,,WHO,Cameroon
IND,1998,89.49834,WHO,India
COG,2014,57.4891,WHO,Congo
TUN,2018,19.84621,WHO,Tunisia
SLE,2019,64.31988,WHO,Sierra Leone
ARM,2005,30.73428,WHO,Armenia
NGA,2011,,WHO,Nigeria
GHA,1993,77.80906,WHO,Ghana
ARM,2010,,WHO,Armenia
MLI,1995,142.39801,WHO,Mali
ZWE,2015,43.24222,WHO,Zimbabwe
LAO,2017,58.14687,WHO,Laos
GUY,2006,,WHO,Guyana
SLE,2005,,WHO,Sierra Leone
KAZ,1995,39.1949,WHO,Kazakhstan
GHA,2003,67.64594,WHO,Ghana
SUR,2006,,WHO,Suriname
NGA,2016,107.09769,WHO,Nigeria
NGA,2007,,WHO,Nigeria
COD,2017,12.5839,WHO,Democratic Republic of Congo
KEN,1993,98.07736,WHO,Kenya
IDN,2017,49.38931,WHO,Indonesia
ETH,2011,57.93052,WHO,Ethiopia
GTM,2002,,WHO,Guatemala
EGY,2008,42.10961,WHO,Egypt
PER,2017,8.21337,WHO,Peru
STP,2014,33.39481,WHO,Sao Tome and Principe
PHL,2003,27.55086,WHO,Philippines
SLV,2008,,WHO,El Salvador
GHA,1998,66.1179,WHO,Ghana
TLS,2009,41.58084,WHO,East Timor
SDN,2010,60.57964,WHO,Sudan
PER,2000,45.97744,WHO,Peru
BGD,1996,95.29388,WHO,Bangladesh
TUR,2013,21.668,WHO,Turkey
ARM,2005,25.68904,WHO,Armenia
NER,2006,74.46054,WHO,Niger
CAF,2006,,WHO,Central African Republic
ZAF,2016,53.47291,WHO,South Africa
MRT,2015,,WHO,Mauritania
EGY,2005,24.53601,WHO,Egypt
VUT,2007,,WHO,Vanuatu
PER,2015,21.2942,WHO,Peru
MDA,2012,14.27936,WHO,Moldova
TLS,2016,31.72817,WHO,East Timor
CIV,2011,56.60739,WHO,Cote d'Ivoire
ARG,2011,,WHO,Argentina
MLI,2006,80.36971,WHO,Mali
IRQ,2018,24.09929,WHO,Iraq
COL,1995,25.55456,WHO,Colombia
MWI,2004,89.21709,WHO,Malawi
JOR,2012,9.77274,WHO,Jordan
NIC,2001,47.25207,WHO,Nicaragua
TTO,2006,,WHO,Trinidad and Tobago
AFG,2015,55.46606,WHO,Afghanistan
SWZ,2010,82.15808,WHO,Eswatini
ZWE,2009,67.39768,WHO,Zimbabwe
COL,1995,10.81964,WHO,Colombia
SLE,2010,,WHO,Sierra Leone
MKD,2005,,WHO,North Macedonia
MDG,2018,36.85608,WHO,Madagascar
PAK,2006,76.30757,WHO,Pakistan
IND,2015,47.61137,WHO,India
UKR,2007,12.70401,WHO,Ukraine
PER,2009,6.70444,WHO,Peru
TCD,1996,79.29239,WHO,Chad
KGZ,1997,,WHO,Kyrgyzstan
PER,2016,16.90516,WHO,Peru
IRQ,2018,24.96738,WHO,Iraq
EGY,2005,40.9517,WHO,Egypt
IDN,2012,58.19774,WHO,Indonesia
PER,2014,0,WHO,Peru
NGA,2011,,WHO,Nigeria
ECU,1994,,WHO,Ecuador
DOM,2007,44.91566,WHO,Dominican Republic
STP,2014,22.4077,WHO,Sao Tome and Principe
CIV,1994,94.68636,WHO,Cote d'Ivoire
MKD,2011,,WHO,North Macedonia
COD,2017,24.64876,WHO,Democratic Republic of Congo
KHM,2010,51.16895,WHO,Cambodia
ZMB,2001,132.04999,WHO,Zambia
BGD,1996,44.32928,WHO,Bangladesh
NPL,2011,27.88719,WHO,Nepal
ETH,2016,58.88988,WHO,Ethiopia
KAZ,2006,,WHO,Kazakhstan
ALB,2008,1.90869,WHO,Albania
COM,1996,126.41763,WHO,Comoros
ALB,2017,0.84484,WHO,Albania
MLI,2009,,WHO,Mali
VNM,2002,24.52898,WHO,Vietnam
TGO,1998,88.96465,WHO,Togo
KHM,2014,24.43062,WHO,Cambodia
CMR,1998,73.51949,WHO,Cameroon
MDG,2008,61.83079,WHO,Madagascar
SEN,1997,58.75768,WHO,Senegal
GEO,2005,,WHO,Georgia
CIV,2016,30.57865,WHO,Cote d'Ivoire
TGO,1998,83.48251,WHO,Togo
BGD,2014,50.01025,WHO,Bangladesh
CAF,1994,114.19867,WHO,Central African Republic
KGZ,1997,84.52263,WHO,Kyrgyzstan
PER,2005,,WHO,Peru
SEN,2017,49.54583,WHO,Senegal
SLV,2008,,WHO,El Salvador
NGA,2016,60.31852,WHO,Nigeria
HTI,2012,42.96555,WHO,Haiti
ZMB,2007,90.84612,WHO,Zambia
MOZ,2003,89.21555,WHO,Mozambique
BFA,1998,118.6787,WHO,Burkina Faso
IND,2005,,WHO,India
TZA,1999,109.57019,WHO,Tanzania
TCD,2019,40.48399,WHO,Chad
NER,2012,69.7518,WHO,Niger
VNM,2006,,WHO,Vietnam
SLV,2002,,WHO,El Salvador
KEN,2003,43.94692,WHO,Kenya
BFA,2003,112.99693,WHO,Burkina Faso
ALB,2008,13.15353,WHO,Albania
CMR,2011,65.08293,WHO,Cameroon
SEN,2010,28.85258,WHO,Senegal
COL,1995,29.92357,WHO,Colombia
QAT,2012,,WHO,Qatar
SLE,2008,125.43817,WHO,Sierra Leone
CPV,1998,,WHO,Cape Verde
TTO,2011,,WHO,Trinidad and Tobago
NGA,2016,108.58604,WHO,Nigeria
NER,1998,146.68869,WHO,Niger
KAZ,1999,39.01655,WHO,Kazakhstan
ARM,2000,,WHO,Armenia
PER,2018,11.7026,WHO,Peru
HND,2011,24.65011,WHO,Honduras
EGY,1995,37.47848,WHO,Egypt
KHM,2000,111.01911,WHO,Cambodia
MRT,2015,40.48781,WHO,Mauritania
BGD,2011,33.66588,WHO,Bangladesh
GUY,2014,,WHO,Guyana
MWI,2004,108.68525,WHO,Malawi
IDN,2017,28.16666,WHO,Indonesia
LBR,2019,48.70089,WHO,Liberia
GHA,1993,91.86893,WHO,Ghana
DOM,2007,,WHO,Dominican Republic
TON,2019,11.11333,WHO,Tonga
HND,2011,28.88028,WHO,Honduras
MNG,2013,42.22285,WHO,Mongolia
MLI,2009,,WHO,Mali
BOL,2003,92.88918,WHO,Bolivia
COM,2012,33.00988,WHO,Comoros
PHL,1993,53.62847,WHO,Philippines
SWZ,2010,85.63535,WHO,Eswatini
AZE,2006,46.96469,WHO,Azerbaijan
ARM,2000,52.31636,WHO,Armenia
SEN,2015,47.92271,WHO,Senegal
LBR,2007,87.0789,WHO,Liberia
BIH,2006,,WHO,Bosnia and Herzegovina
GMB,2013,42.78394,WHO,Gambia
DOM,2007,24.03301,WHO,Dominican Republic
URY,2012,,WHO,Uruguay
CIV,2011,81.56926,WHO,Cote d'Ivoire
IDN,2002,37.5041,WHO,Indonesia
VUT,2007,,WHO,Vanuatu
THA,2005,,WHO,Thailand
DOM,1996,29.33458,WHO,Dominican Republic
PHL,2017,43.1,WHO,Philippines
SDN,2014,45.11782,WHO,Sudan
COL,2005,9.52862,WHO,Colombia
PER,2015,0,WHO,Peru
CUB,2019,,WHO,Cuba
KGZ,2012,32.56362,WHO,Kyrgyzstan
PER,2014,0,WHO,Peru
TUN,2018,13.53364,WHO,Tunisia
TGO,2010,,WHO,Togo
PER,2000,52.98323,WHO,Peru
GEO,2005,,WHO,Georgia
BEN,2011,49.89812,WHO,Benin
BGD,2014,41.78436,WHO,Bangladesh
BLZ,2006,,WHO,Belize
BLZ,1991,,WHO,Belize
PHL,1993,25.14248,WHO,Philippines
BLZ,2011,,WHO,Belize
COL,1995,38.98019,WHO,Colombia
DZA,2012,27.52269,WHO,Algeria
KEN,2008,39.12852,WHO,Kenya
DOM,2019,26.47047,WHO,Dominican Republic
NIC,1992,,WHO,Nicaragua
SRB,2005,,WHO,Serbia
AFG,2010,,WHO,Afghanistan
CIV,2006,,WHO,Cote d'Ivoire
MKD,2005,,WHO,North Macedonia
ALB,2005,,WHO,Albania
GNB,2014,25.29961,WHO,Guinea-Bissau
BGD,2004,85.73382,WHO,Bangladesh
BGD,1993,93.40957,WHO,Bangladesh
PER,2000,37.99826,WHO,Peru
CIV,1994,97.28603,WHO,Cote d'Ivoire
ZAF,1998,49.03438,WHO,South Africa
KEN,2014,33.69492,WHO,Kenya
ZWE,2014,58.38949,WHO,Zimbabwe
IDN,1997,72.34664,WHO,Indonesia
ALB,2008,,WHO,Albania
KHM,2014,26.15625,WHO,Cambodia
GIN,2012,73.52168,WHO,Guinea
PER,2011,29.57,WHO,Peru
ARM,2000,52.74091,WHO,Armenia
IDN,2017,35.26828,WHO,Indonesia
PER,2013,16.06628,WHO,Peru
BRB,2012,,WHO,Barbados
DZA,2012,23.15961,WHO,Algeria
HND,2005,33.98545,WHO,Honduras
BOL,2008,42.76159,WHO,Bolivia
COL,2015,15.83299,WHO,Colombia
SRB,2014,,WHO,Serbia
TCD,1996,104.75658,WHO,Chad
SRB,2014,,WHO,Serbia
MLI,2012,60.52085,WHO,Mali
COD,2007,95.23967,WHO,Democratic Republic of Congo
COL,2010,18.61692,WHO,Colombia
STP,2019,15.38343,WHO,Sao Tome and Principe
NIC,1997,53.36774,WHO,Nicaragua
SLE,2005,,WHO,Sierra Leone
ETH,2019,21.0303,WHO,Ethiopia
URY,2012,,WHO,Uruguay
DOM,1996,47.05853,WHO,Dominican Republic
BFA,2006,,WHO,Burkina Faso
COL,2010,17.39019,WHO,Colombia
SEN,2012,54.3441,WHO,Senegal
HND,2011,21.22195,WHO,Honduras
IDN,2012,,WHO,Indonesia
LCA,2012,,WHO,Saint Lucia
CRI,2018,,WHO,Costa Rica
VNM,1997,42.7956,WHO,Vietnam
SUR,2006,,WHO,Suriname
CUB,2010,,WHO,Cuba
GHA,2014,53.07405,WHO,Ghana
BFA,2010,71.64266,WHO,Burkina Faso
BGD,1993,80.87089,WHO,Bangladesh
COL,1995,26.48044,WHO,Colombia
UGA,2011,78.09703,WHO,Uganda
HND,2001,,WHO,Honduras
TTO,2006,,WHO,Trinidad and Tobago
UZB,1996,31.58908,WHO,Uzbekistan
SLV,1993,,WHO,El Salvador
HTI,1994,81.42249,WHO,Haiti
CAF,2010,,WHO,Central African Republic
MWI,2015,43.89818,WHO,Malawi
BOL,1998,68.09142,WHO,Bolivia
ETH,2000,,WHO,Ethiopia
GHA,2017,36.09739,WHO,Ghana
PER,2000,83.66564,WHO,Peru
LAO,2017,23.8251,WHO,Laos
TCD,2004,114.68937,WHO,Chad
PER,2014,27.55832,WHO,Peru
CMR,2004,75.24511,WHO,Cameroon
MRT,2015,58.2019,WHO,Mauritania
MWI,2019,48.60056,WHO,Malawi
GAB,2000,56.6682,WHO,Gabon
BGD,2007,84.2753,WHO,Bangladesh
SLE,2010,,WHO,Sierra Leone
DOM,2013,39.34338,WHO,Dominican Republic
SEN,2017,33.049,WHO,Senegal
PER,2011,19.32563,WHO,Peru
ALB,2005,,WHO,Albania
BTN,2010,,WHO,Bhutan
COG,2011,,WHO,Congo
SWZ,2006,79.43707,WHO,Eswatini
IND,2005,51.75552,WHO,India
NPL,2019,19.00994,WHO,Nepal
HND,1991,,WHO,Honduras
COD,2010,,WHO,Democratic Republic of Congo
MNE,2013,,WHO,Montenegro
PER,2016,8.23463,WHO,Peru
NER,2006,90.73717,WHO,Niger
IND,2015,,WHO,India
DOM,2019,21.60119,WHO,Dominican Republic
SUR,2006,,WHO,Suriname
CPV,1998,,WHO,Cape Verde
MAR,2003,63.93747,WHO,Morocco
MLI,2006,107.56095,WHO,Mali
VUT,2007,,WHO,Vanuatu
ZMB,2018,66.95717,WHO,Zambia
PER,2018,9.97117,WHO,Peru
PER,2008,29.88079,WHO,Peru
EGY,2005,38.42542,WHO,Egypt
MRT,2015,50.79816,WHO,Mauritania
SEN,2015,59.05346,WHO,Senegal
CAF,1994,109.2573,WHO,Central African Republic
VNM,2002,25.56969,WHO,Vietnam
MRT,2011,45.38623,WHO,Mauritania
BGD,2006,,WHO,Bangladesh
SEN,2019,62.49218,WHO,Senegal
UGA,1995,99.34237,WHO,Uganda
BEN,2014,74.6585,WHO,Benin
GHA,2006,,WHO,Ghana
TZA,1996,133.48486,WHO,Tanzania
MDA,1997,,WHO,Moldova
GHA,2006,,WHO,Ghana
ARM,2015,,WHO,Armenia
PER,2014,9.88925,WHO,Peru
AFG,2010,,WHO,Afghanistan
KEN,2003,56.77473,WHO,Kenya
GTM,2002,,WHO,Guatemala
VNM,2010,,WHO,Vietnam
PHL,1993,41.79802,WHO,Philippines
NPL,2006,54.07723,WHO,Nepal
PHL,2013,,WHO,Philippines
ZWE,2015,74.3759,WHO,Zimbabwe
BFA,2003,108.78381,WHO,Burkina Faso
TZA,1999,,WHO,Tanzania
UGA,2006,69.35704,WHO,Uganda
COD,2017,41.79485,WHO,Democratic Republic of Congo
GIN,2018,58.1082,WHO,Guinea
MLI,2018,67.22637,WHO,Mali
PRY,1998,,WHO,Paraguay
BLZ,2006,,WHO,Belize
ETH,2016,46.79239,WHO,Ethiopia
LAO,2011,106.64915,WHO,Laos
NGA,2011,,WHO,Nigeria
SLV,2002,,WHO,El Salvador
UGA,2011,62.16996,WHO,Uganda
LSO,2014,77.57623,WHO,Lesotho
SLE,2010,,WHO,Sierra Leone
TJK,2012,30.90123,WHO,Tajikistan
BGD,1996,87.97633,WHO,Bangladesh
BDI,2016,41.34252,WHO,Burundi
BLR,2019,,WHO,Belarus
DZA,2018,22.88761,WHO,Algeria
TON,2019,3.22923,WHO,Tonga
ALB,2017,5.4009,WHO,Albania
SEN,2014,63.97008,WHO,Senegal
KEN,1993,33.07583,WHO,Kenya
MNG,2018,14.05321,WHO,Mongolia
MWI,2013,43.57317,WHO,Malawi
PER,2020,6.91622,WHO,Peru
PER,2008,,WHO,Peru
ALB,2008,21.73832,WHO,Albania
MEX,2015,,WHO,Mexico
HTI,2000,72.22446,WHO,Haiti
TZA,2004,82.03342,WHO,Tanzania
MDA,2012,29.82157,WHO,Moldova
TCD,2004,117.06026,WHO,Chad
TKM,2019,31.97486,WHO,Turkmenistan
MWI,2006,86.66063,WHO,Malawi
KGZ,2012,27.52575,WHO,Kyrgyzstan
MNG,2018,12.99873,WHO,Mongolia
PHL,2008,36.8548,WHO,Philippines
TJK,2017,18.94647,WHO,Tajikistan
IDN,1994,74.09628,WHO,Indonesia
EGY,1995,86.80464,WHO,Egypt
MWI,2019,29.13264,WHO,Malawi
TKM,2006,,WHO,Turkmenistan
RWA,2000,134.8306,WHO,Rwanda
SYR,2006,,WHO,Syria
TZA,2010,53.56793,WHO,Tanzania
TZA,2010,75.61041,WHO,Tanzania
HND,2019,23.25485,WHO,Honduras
GNB,2014,102.86996,WHO,Guinea-Bissau
COD,2013,69.1004,WHO,Democratic Republic of Congo
CAF,2010,,WHO,Central African Republic
LCA,2012,,WHO,Saint Lucia
IRQ,2018,23.59565,WHO,Iraq
GHA,2011,53.50105,WHO,Ghana
GHA,2008,49.10923,WHO,Ghana
GHA,1998,81.47247,WHO,Ghana
NGA,2016,90.52386,WHO,Nigeria
HND,2001,,WHO,Honduras
LSO,2004,100.90754,WHO,Lesotho
NGA,2008,103.35092,WHO,Nigeria
NPL,2001,50.05654,WHO,Nepal
TCD,1996,100.04749,WHO,Chad
UGA,2011,53.54676,WHO,Uganda
BEN,2014,62.75565,WHO,Benin
BLZ,2006,,WHO,Belize
TZA,2015,41.46108,WHO,Tanzania
KHM,2014,20.93785,WHO,Cambodia
IND,1998,20.85736,WHO,India
CMR,2014,44.50344,WHO,Cameroon
HTI,2016,50.61015,WHO,Haiti
MDG,2003,27.72441,WHO,Madagascar
TCD,2004,110.9744,WHO,Chad
BFA,2006,,WHO,Burkina Faso
NGA,2011,,WHO,Nigeria
COD,2013,66.70393,WHO,Democratic Republic of Congo
COG,2005,91.484,WHO,Congo
SLV,2008,,WHO,El Salvador
IND,2005,80.79965,WHO,India
ARM,2010,18.38853,WHO,Armenia
MNG,2010,,WHO,Mongolia
ALB,2005,,WHO,Albania
IDN,2012,25.84762,WHO,Indonesia
IDN,1994,59.57143,WHO,Indonesia
IND,2005,42.5961,WHO,India
NPL,2001,75.17532,WHO,Nepal
MDG,1997,87.58868,WHO,Madagascar
KGZ,2014,23.46741,WHO,Kyrgyzstan
UZB,1996,31.89834,WHO,Uzbekistan
BLZ,2011,,WHO,Belize
UGA,2011,81.24837,WHO,Uganda
BFA,2010,118.80648,WHO,Burkina Faso
RWA,2005,73.4088,WHO,Rwanda
MDG,1997,72.00231,WHO,Madagascar
DOM,2019,30.01208,WHO,Dominican Republic
BGD,2011,60.05976,WHO,Bangladesh
SLV,2002,,WHO,El Salvador
COL,2005,24.90212,WHO,Colombia
SEN,2018,60.15154,WHO,Senegal
CMR,2004,77.81264,WHO,Cameroon
TZA,1999,104.69009,WHO,Tanzania
SRB,2005,,WHO,Serbia
IND,2005,45.5078,WHO,India
PER,2009,37.47822,WHO,Peru
IDN,2017,28.82726,WHO,Indonesia
YEM,2006,,WHO,Yemen
TLS,2009,37.63531,WHO,East Timor
TZA,2015,46.7173,WHO,Tanzania
PHL,1998,60.81326,WHO,Philippines
KGZ,1997,60.20792,WHO,Kyrgyzstan
IND,2015,27.91167,WHO,India
MRT,2011,48.85553,WHO,Mauritania
CRI,2011,,WHO,Costa Rica
PHL,2008,24.24896,WHO,Philippines
CAF,2010,,WHO,Central African Republic
BLZ,2006,,WHO,Belize
BEN,1996,109.24427,WHO,Benin
NIC,1992,,WHO,Nicaragua
HND,2011,19.10954,WHO,Honduras
TCD,2010,,WHO,Chad
BDI,2010,37.39856,WHO,Burundi
HTI,2005,63.56554,WHO,Haiti
SDN,2014,43.87962,WHO,Sudan
CMR,2018,44.28214,WHO,Cameroon
SSD,2010,71.56604,WHO,South Sudan
TKM,2019,35.92473,WHO,Turkmenistan
UKR,1999,,WHO,Ukraine
SEN,2005,72.54008,WHO,Senegal
SEN,1997,62.48621,WHO,Senegal
LSO,2018,53.61751,WHO,Lesotho
SRB,2005,,WHO,Serbia
MKD,2011,,WHO,North Macedonia
BGD,2011,53.44501,WHO,Bangladesh
ETH,2005,60.03414,WHO,Ethiopia
SEN,2014,30.53648,WHO,Senegal
SUR,2010,,WHO,Suriname
ALB,2017,3.22821,WHO,Albania
KEN,2003,93.88837,WHO,Kenya
BGD,2007,53.54506,WHO,Bangladesh
GMB,2018,47.16907,WHO,Gambia
TZA,2015,,WHO,Tanzania
TKM,2019,22.65186,WHO,Turkmenistan
PRY,2008,,WHO,Paraguay
TZA,2015,43.73087,WHO,Tanzania
ETH,2019,57.76178,WHO,Ethiopia
UZB,1996,,WHO,Uzbekistan
HTI,2005,55.29812,WHO,Haiti
HND,2005,17.94709,WHO,Honduras
TUR,1998,44.64104,WHO,Turkey
MDV,2009,22.41978,WHO,Maldives
GTM,1995,69.80554,WHO,Guatemala
MLI,2015,56.5556,WHO,Mali
TUV,2019,,WHO,Tuvalu
NGA,2011,,WHO,Nigeria
TLS,2009,38.84544,WHO,East Timor
LBR,2007,89.43421,WHO,Liberia
MRT,2007,,WHO,Mauritania
PAK,2006,83.88737,WHO,Pakistan
COL,2000,13.44575,WHO,Colombia
IDN,2012,34.51209,WHO,Indonesia
KAZ,2015,,WHO,Kazakhstan
JOR,2002,22.70782,WHO,Jordan
TGO,2006,,WHO,Togo
HTI,1994,92.09054,WHO,Haiti
GIN,2016,28.93209,WHO,Guinea
DOM,2019,39.31493,WHO,Dominican Republic
LSO,2014,60.31062,WHO,Lesotho
NGA,1999,,WHO,Nigeria
RWA,2000,140.65956,WHO,Rwanda
BEN,2011,47.82529,WHO,Benin
BTN,2010,,WHO,Bhutan
COL,2015,13.63806,WHO,Colombia
TCD,2014,73.95071,WHO,Chad
PAK,2012,60.03349,WHO,Pakistan
KEN,2014,38.32356,WHO,Kenya
SSD,2010,55.39171,WHO,South Sudan
ARM,2000,,WHO,Armenia
CUB,2019,,WHO,Cuba
IND,1998,88.09452,WHO,India
PER,2019,21.47633,WHO,Peru
EGY,2014,25.95238,WHO,Egypt
ZAF,1998,40.93748,WHO,South Africa
PER,2008,,WHO,Peru
COM,1996,104.00319,WHO,Comoros
PAK,2006,81.38973,WHO,Pakistan
MWI,2006,0.09838,WHO,Malawi
NPL,2014,42.73638,WHO,Nepal
BDI,2016,43.33948,WHO,Burundi
ARG,2011,,WHO,Argentina
NGA,2018,58.14406,WHO,Nigeria
VNM,2013,6.56718,WHO,Vietnam
COD,2010,,WHO,Democratic Republic of Congo
SLE,2013,111.75114,WHO,Sierra Leone
KGZ,2005,,WHO,Kyrgyzstan
MKD,2005,,WHO,North Macedonia
KAZ,2010,,WHO,Kazakhstan
SRB,2005,,WHO,Serbia
LSO,2014,73.60166,WHO,Lesotho
TUN,2018,12.50192,WHO,Tunisia
ECU,1999,,WHO,Ecuador
BFA,2010,81.35722,WHO,Burkina Faso
NGA,2008,91.12331,WHO,Nigeria
NIC,2006,,WHO,Nicaragua
DOM,2002,34.07454,WHO,Dominican Republic
ARM,2005,11.30392,WHO,Armenia
SUR,2018,14.98694,WHO,Suriname
BGD,2011,50.19145,WHO,Bangladesh
GIN,2012,80.53629,WHO,Guinea
MLI,2001,124.64336,WHO,Mali
PHL,2013,25.32195,WHO,Philippines
CUB,2019,,WHO,Cuba
PER,2015,0,WHO,Peru
CMR,2011,77.28722,WHO,Cameroon
HND,2001,,WHO,Honduras
PER,2012,20.75827,WHO,Peru
PRY,1995,,WHO,Paraguay
COD,2007,72.61795,WHO,Democratic Republic of Congo
TJK,2017,21.55177,WHO,Tajikistan
MDG,2008,54.70404,WHO,Madagascar
DOM,2013,20.11665,WHO,Dominican Republic
MWI,2013,55.10479,WHO,Malawi
BGD,2019,38.01064,WHO,Bangladesh
ECU,2004,,WHO,Ecuador
TZA,1996,102.06051,WHO,Tanzania
BRA,1996,32.88993,WHO,Brazil
BFA,2006,,WHO,Burkina Faso
ZWE,2014,62.09067,WHO,Zimbabwe
BFA,2006,,WHO,Burkina Faso
TLS,2009,60.76088,WHO,East Timor
IDN,1994,78.94336,WHO,Indonesia
PHL,2008,20.20209,WHO,Philippines
ZAF,2016,39.44223,WHO,South Africa
PER,2000,70.95258,WHO,Peru
MWI,2010,73.29864,WHO,Malawi
HND,1996,,WHO,Honduras
GMB,2010,,WHO,Gambia
JOR,2007,25.08303,WHO,Jordan
SEN,1997,73.61496,WHO,Senegal
TUR,2013,10.63373,WHO,Turkey
GMB,2005,,WHO,Gambia
HND,1996,,WHO,Honduras
BFA,2006,,WHO,Burkina Faso
SRB,2005,,WHO,Serbia
TCD,2010,,WHO,Chad
ALB,2008,21.19538,WHO,Albania
GNB,2014,59.3476,WHO,Guinea-Bissau
SLE,2013,109.64192,WHO,Sierra Leone
JOR,2012,17.65303,WHO,Jordan
MOZ,1997,117.93202,WHO,Mozambique
CUB,2014,,WHO,Cuba
SDN,2014,50.16451,WHO,Sudan
PER,2000,18.70327,WHO,Peru
SUR,2018,20.18742,WHO,Suriname
BLZ,2006,,WHO,Belize
DZA,2018,12.03143,WHO,Algeria
COL,2000,19.8557,WHO,Colombia
UGA,2016,55.3094,WHO,Uganda
EGY,2000,68.32315,WHO,Egypt
RWA,2014,25.0321,WHO,Rwanda
MOZ,1997,133.94226,WHO,Mozambique
PHL,1993,22.15872,WHO,Philippines
PRY,1995,,WHO,Paraguay
SEN,2016,36.35617,WHO,Senegal
NPL,2019,29.98855,WHO,Nepal
IDN,2007,46.93904,WHO,Indonesia
HND,2019,18.20448,WHO,Honduras
DOM,2013,29.48692,WHO,Dominican Republic
MLI,2018,29.8898,WHO,Mali
SEN,2016,,WHO,Senegal
LAO,2011,102.79321,WHO,Laos
SLE,2008,113.10402,WHO,Sierra Leone
GTM,1998,46.53353,WHO,Guatemala
BTN,2010,,WHO,Bhutan
NGA,2007,,WHO,Nigeria
RWA,2010,55.37714,WHO,Rwanda
STP,2014,27.51179,WHO,Sao Tome and Principe
EGY,2008,14.52897,WHO,Egypt
COM,2012,49.9953,WHO,Comoros
PER,2009,48.62492,WHO,Peru
TZA,1996,117.32089,WHO,Tanzania
NGA,2016,45.96494,WHO,Nigeria
GAB,2000,65.51485,WHO,Gabon
SEN,2012,49.25962,WHO,Senegal
VNM,2002,13.12243,WHO,Vietnam
BEN,2001,97.63899,WHO,Benin
TJK,2017,29.62489,WHO,Tajikistan
CRI,1992,,WHO,Costa Rica
PER,2000,57.94359,WHO,Peru
NIC,2001,19.79441,WHO,Nicaragua
COG,2014,36.27364,WHO,Congo
CIV,2011,47.66341,WHO,Cote d'Ivoire
NPL,2006,60.23244,WHO,Nepal
SEN,2016,59.22299,WHO,Senegal
TKM,2019,27.47882,WHO,Turkmenistan
KAZ,1999,79.58813,WHO,Kazakhstan
ALB,2005,,WHO,Albania
MEX,2015,,WHO,Mexico
TZA,2015,71.05334,WHO,Tanzania
TON,2019,9.65756,WHO,Tonga
SWZ,2014,68.59847,WHO,Eswatini
MMR,2015,64.42847,WHO,Myanmar
DOM,2019,26.59649,WHO,Dominican Republic
TCD,2019,76.50656,WHO,Chad
PER,2011,38.9838,WHO,Peru
NAM,2006,48.33727,WHO,Namibia
DOM,2014,34.40388,WHO,Dominican Republic
TLS,2009,56.22576,WHO,East Timor
MAR,2003,27.3213,WHO,Morocco
SEN,2019,42.48713,WHO,Senegal
DOM,2019,27.83626,WHO,Dominican Republic
CUB,2019,,WHO,Cuba
RWA,2010,61.8511,WHO,Rwanda
TUV,2019,,WHO,Tuvalu
URY,2012,,WHO,Uruguay
TGO,2010,,WHO,Togo
COD,2017,19.21099,WHO,Democratic Republic of Congo
TUR,1998,45.51559,WHO,Turkey
NGA,2013,81.91589,WHO,Nigeria
MNE,2013,,WHO,Montenegro
BLZ,2015,3.20102,WHO,Belize
BDI,2016,50.46714,WHO,Burundi
MOZ,1997,134.55756,WHO,Mozambique
MWI,2006,84.62074,WHO,Malawi
TCD,2010,,WHO,Chad
PER,2012,23.43823,WHO,Peru
BGD,2007,65.7409,WHO,Bangladesh
MDA,2012,18.67156,WHO,Moldova
ZMB,2018,33.20063,WHO,Zambia
NPL,2006,59.89177,WHO,Nepal
CRI,2018,,WHO,Costa Rica
PER,2014,19.28107,WHO,Peru
VNM,2006,,WHO,Vietnam
IRQ,2011,32.81945,WHO,Iraq
SEN,2018,47.14971,WHO,Senegal
ARG,2019,,WHO,Argentina
TGO,2017,40.81564,WHO,Togo
MLI,2009,,WHO,Mali
CMR,2006,,WHO,Cameroon
TGO,2010,,WHO,Togo
NPL,2001,87.67065,WHO,Nepal
UKR,2012,,WHO,Ukraine
UGA,2011,59.40165,WHO,Uganda
SWZ,2014,34.33199,WHO,Eswatini
EGY,2008,32.39471,WHO,Egypt
MLI,2009,,WHO,Mali
NIC,1997,41.79679,WHO,Nicaragua
BOL,2008,83.68398,WHO,Bolivia
GAB,2012,47.02738,WHO,Gabon
TGO,2006,,WHO,Togo
PAN,2013,,WHO,Panama
BGD,2006,,WHO,Bangladesh
GTM,1998,60.9736,WHO,Guatemala
SEN,2019,38.59496,WHO,Senegal
THA,2019,,WHO,Thailand
NGA,2013,69.86037,WHO,Nigeria
KGZ,2005,,WHO,Kyrgyzstan
MNG,2013,27.21599,WHO,Mongolia
NAM,2000,22.56149,WHO,Namibia
KAZ,2015,,WHO,Kazakhstan
COG,2011,54.82611,WHO,Congo
HTI,2005,61.70308,WHO,Haiti
BFA,2003,77.90516,WHO,Burkina Faso
PAK,2012,90.39629,WHO,Pakistan
PER,2015,16.77811,WHO,Peru
TGO,2017,41.43487,WHO,Togo
MNG,2005,,WHO,Mongolia
ZAF,1998,,WHO,South Africa
CMR,1998,55.94284,WHO,Cameroon
BGD,1993,122.96154,WHO,Bangladesh
NGA,2016,50.62551,WHO,Nigeria
SWZ,2006,80.2919,WHO,Eswatini
IRQ,2006,35.43285,WHO,Iraq
KHM,2014,28.01492,WHO,Cambodia
BGD,2019,37.28989,WHO,Bangladesh
LSO,2014,104.43424,WHO,Lesotho
GTM,2008,,WHO,Guatemala
TKM,2006,,WHO,Turkmenistan
BGD,2014,45.04173,WHO,Bangladesh
TZA,1999,119.2049,WHO,Tanzania
BGD,2012,,WHO,Bangladesh
ETH,2000,110.43002,WHO,Ethiopia
UKR,2012,,WHO,Ukraine
BLZ,2011,,WHO,Belize
SLV,2008,,WHO,El Salvador
NPL,2001,60.12303,WHO,Nepal
JOR,2012,16.64418,WHO,Jordan
PER,2009,24.22254,WHO,Peru
PER,2016,15.16019,WHO,Peru
COL,1995,23.20778,WHO,Colombia
SDN,2010,53.82018,WHO,Sudan
SEN,2017,55.30122,WHO,Senegal
SRB,2019,,WHO,Serbia
COG,2005,66.32499,WHO,Congo
COG,2014,27.63476,WHO,Congo
SRB,2010,,WHO,Serbia
CRI,2018,,WHO,Costa Rica
BDI,2010,50.57901,WHO,Burundi
UZB,2006,,WHO,Uzbekistan
PHL,2003,35.2911,WHO,Philippines
DZA,2012,19.27552,WHO,Algeria
PRY,1995,,WHO,Paraguay
MNG,2013,14.37719,WHO,Mongolia
TUN,2011,11.15123,WHO,Tunisia
PER,2010,14.90572,WHO,Peru
COD,2007,109.00488,WHO,Democratic Republic of Congo
KHM,2000,88.66315,WHO,Cambodia
CUB,2019,,WHO,Cuba
IDN,2012,16.99471,WHO,Indonesia
HTI,2005,79.52261,WHO,Haiti
KGZ,2014,15.50604,WHO,Kyrgyzstan
CMR,2014,70.48042,WHO,Cameroon
TZA,2015,46.59009,WHO,Tanzania
ZMB,2001,80.77863,WHO,Zambia
BTN,2010,,WHO,Bhutan
DOM,2014,35.80219,WHO,Dominican Republic
JOR,2007,23.227,WHO,Jordan
MDV,2009,30.03713,WHO,Maldives
CRI,2011,,WHO,Costa Rica
YEM,2013,51.04718,WHO,Yemen
SRB,2005,,WHO,Serbia
ZAF,2016,61.06592,WHO,South Africa
ALB,2008,10.39726,WHO,Albania
NIC,2006,,WHO,Nicaragua
GNB,2018,45.873,WHO,Guinea-Bissau
ZMB,2001,87.39279,WHO,Zambia
TGO,2017,44.95488,WHO,Togo
BIH,2011,,WHO,Bosnia and Herzegovina
MDA,2005,19.10268,WHO,Moldova
MWI,2006,80.6073,WHO,Malawi
DOM,2007,33.02273,WHO,Dominican Republic
JOR,2017,11.85477,WHO,Jordan
BGD,2017,36.64116,WHO,Bangladesh
SEN,2012,60.40018,WHO,Senegal
IDN,1997,46.173,WHO,Indonesia
PER,2019,21.42169,WHO,Peru
SEN,2017,43.14438,WHO,Senegal
KEN,2014,45.71317,WHO,Kenya
BTN,2010,,WHO,Bhutan
IND,1998,92.5024,WHO,India
BEN,2014,82.44181,WHO,Benin
QAT,2012,,WHO,Qatar
GEO,2018,,WHO,Georgia
NPL,2014,53.87239,WHO,Nepal
UKR,1999,,WHO,Ukraine
TUN,2011,18.50014,WHO,Tunisia
BEN,2017,65.58163,WHO,Benin
EGY,2008,29.74052,WHO,Egypt
NPL,1996,61.08485,WHO,Nepal
NPL,2014,31.42894,WHO,Nepal
SEN,2010,47.2418,WHO,Senegal
AZE,2006,40.69855,WHO,Azerbaijan
NGA,1999,71.18104,WHO,Nigeria
LAO,2011,117.79232,WHO,Laos
PER,2020,,WHO,Peru
GIN,2018,82.40712,WHO,Guinea
TUR,2013,9.28975,WHO,Turkey
PHL,2017,26.08022,WHO,Philippines
SLE,2005,,WHO,Sierra Leone
GNB,2018,40.73319,WHO,Guinea-Bissau
TGO,2006,,WHO,Togo
THA,2012,,WHO,Thailand
GEO,2018,,WHO,Georgia
GIN,2018,94.69186,WHO,Guinea
TZA,2015,74.13923,WHO,Tanzania
JOR,1997,32.97644,WHO,Jordan
TZA,1996,105.12048,WHO,Tanzania
PER,2014,22.41394,WHO,Peru
HTI,2012,60.28621,WHO,Haiti
BGD,2014,43.01357,WHO,Bangladesh
BGD,1996,87.41136,WHO,Bangladesh
CMR,2006,,WHO,Cameroon
ETH,2000,102.73343,WHO,Ethiopia
KAZ,2006,,WHO,Kazakhstan
KAZ,2015,,WHO,Kazakhstan
MWI,2013,68.66816,WHO,Malawi
COL,2000,17.59924,WHO,Colombia
NPL,1996,90.86192,WHO,Nepal
TUR,2013,21.09574,WHO,Turkey
RWA,2000,137.94894,WHO,Rwanda
SEN,2010,58.51928,WHO,Senegal
PER,2019,8.51359,WHO,Peru
STP,2008,61.47397,WHO,Sao Tome and Principe
PER,2019,21.63067,WHO,Peru
TZA,1999,97.18606,WHO,Tanzania
TCD,2010,,WHO,Chad
GHA,2017,37.61729,WHO,Ghana
KHM,2014,60.81728,WHO,Cambodia
DOM,2013,30.08436,WHO,Dominican Republic
ECU,1994,,WHO,Ecuador
YEM,2013,,WHO,Yemen
WSM,2019,1.9394,WHO,Samoa
MOZ,2008,74.27885,WHO,Mozambique
ZWE,2014,56.34773,WHO,Zimbabwe
PER,2008,11.96095,WHO,Peru
SUR,2010,,WHO,Suriname
BEN,2014,64.20158,WHO,Benin
KEN,2003,49.15846,WHO,Kenya
CAF,2018,61.63755,WHO,Central African Republic
TTO,2006,,WHO,Trinidad and Tobago
BRB,2012,,WHO,Barbados
COL,2015,15.82114,WHO,Colombia
KEN,2014,36.31334,WHO,Kenya
COD,2007,126.06035,WHO,Democratic Republic of Congo
SDN,2014,47.31917,WHO,Sudan
GNB,2014,59.12043,WHO,Guinea-Bissau
TZA,1999,127.20148,WHO,Tanzania
SRB,2019,,WHO,Serbia
IDN,2007,25.51447,WHO,Indonesia
COL,2015,13.55504,WHO,Colombia
DOM,1996,23.04735,WHO,Dominican Republic
COD,2007,126.96765,WHO,Democratic Republic of Congo
GHA,1998,67.41348,WHO,Ghana
UGA,2011,66.31331,WHO,Uganda
BDI,2010,76.51766,WHO,Burundi
BLZ,2006,,WHO,Belize
PER,2009,17.85,WHO,Peru
BGD,2006,,WHO,Bangladesh
IDN,1997,70.28278,WHO,Indonesia
IDN,1994,62.61015,WHO,Indonesia
TKM,2006,,WHO,Turkmenistan
ETH,2005,78.43892,WHO,Ethiopia
KGZ,2005,,WHO,Kyrgyzstan
SEN,2014,51.43719,WHO,Senegal
NER,1998,173.2473,WHO,Niger
PER,2014,23.92323,WHO,Peru
LSO,2009,59.62838,WHO,Lesotho
SEN,2019,21.93681,WHO,Senegal
IND,2005,62.7741,WHO,India
EGY,2014,24.91426,WHO,Egypt
MWI,2013,56.8802,WHO,Malawi
DOM,1999,44.9272,WHO,Dominican Republic
ARM,2000,49.63428,WHO,Armenia
PER,2015,,WHO,Peru
TKM,2019,21.34752,WHO,Turkmenistan
MOZ,2003,128.23782,WHO,Mozambique
COG,2005,76.03967,WHO,Congo
DOM,2002,39.1072,WHO,Dominican Republic
TKM,2019,30.11088,WHO,Turkmenistan
BGD,2007,48.50724,WHO,Bangladesh
RWA,2000,110.42881,WHO,Rwanda
STP,2008,,WHO,Sao Tome and Principe
MLI,2015,67.65939,WHO,Mali
IDN,2002,41.79054,WHO,Indonesia
JOR,1997,25.37737,WHO,Jordan
DOM,2007,32.30482,WHO,Dominican Republic
TZA,2004,84.94055,WHO,Tanzania
BDI,2010,32.66673,WHO,Burundi
CPV,1998,,WHO,Cape Verde
NPL,2016,35.00239,WHO,Nepal
IDN,2017,,WHO,Indonesia
GHA,2006,,WHO,Ghana
SLE,2008,101.16703,WHO,Sierra Leone
TTO,2011,,WHO,Trinidad and Tobago
SDN,2010,50.51178,WHO,Sudan
VNM,2013,15.67395,WHO,Vietnam
PRY,2008,,WHO,Paraguay
UKR,2012,,WHO,Ukraine
HTI,2016,50.5874,WHO,Haiti
EGY,2014,25.44275,WHO,Egypt
NIC,1997,42.45689,WHO,Nicaragua
NIC,2001,18.62698,WHO,Nicaragua
ARM,2010,15.0437,WHO,Armenia
CPV,1998,,WHO,Cape Verde
SRB,2014,,WHO,Serbia
NPL,2014,11.86445,WHO,Nepal
CPV,1998,,WHO,Cape Verde
MRT,2011,68.68549,WHO,Mauritania
SLV,1998,,WHO,El Salvador
BOL,2008,62.66799,WHO,Bolivia
MDV,2016,20.10146,WHO,Maldives
PAK,2006,62.40691,WHO,Pakistan
BGD,1993,106.54756,WHO,Bangladesh
DOM,2014,31.05297,WHO,Dominican Republic
PER,2018,12.8108,WHO,Peru
TUN,2011,7.39015,WHO,Tunisia
KEN,2014,39.617,WHO,Kenya
ZWE,1994,30.39948,WHO,Zimbabwe
AFG,2010,,WHO,Afghanistan
HND,2011,,WHO,Honduras
NAM,2013,47.40353,WHO,Namibia
GUY,2019,19.74859,WHO,Guyana
SLV,1998,,WHO,El Salvador
CAF,2018,82.08089,WHO,Central African Republic
PER,2010,24.66853,WHO,Peru
GUY,2014,0.0365,WHO,Guyana
ECU,1999,,WHO,Ecuador
CRI,2011,,WHO,Costa Rica
NPL,2014,,WHO,Nepal
SRB,2014,,WHO,Serbia
BGD,2017,41.12789,WHO,Bangladesh
ARG,2011,,WHO,Argentina
LSO,2004,69.93966,WHO,Lesotho
GMB,2019,47.24546,WHO,Gambia
THA,2015,,WHO,Thailand
MDV,2016,15.66435,WHO,Maldives
SRB,2019,,WHO,Serbia
GUY,2019,31.87729,WHO,Guyana
HND,2019,27.93067,WHO,Honduras
UGA,2000,60.21063,WHO,Uganda
BFA,2010,59.96215,WHO,Burkina Faso
ZMB,2007,76.96066,WHO,Zambia
SRB,2005,,WHO,Serbia
THA,2019,,WHO,Thailand
PER,2018,12.79207,WHO,Peru
SDN,2010,60.03202,WHO,Sudan
CAF,1994,122.70276,WHO,Central African Republic
NER,2006,52.84478,WHO,Niger
TZA,2004,67.64986,WHO,Tanzania
LBR,2007,98.18521,WHO,Liberia
HND,1996,,WHO,Honduras
KIR,2018,34.32521,WHO,Kiribati
ETH,2000,106.26836,WHO,Ethiopia
SYR,2006,,WHO,Syria
UKR,2005,,WHO,Ukraine
CMR,2004,83.23013,WHO,Cameroon
JOR,2017,17.97075,WHO,Jordan
MOZ,2003,94.92925,WHO,Mozambique
BGD,2004,66.42219,WHO,Bangladesh
IRQ,2006,33.49345,WHO,Iraq
CPV,1998,,WHO,Cape Verde
UGA,2011,73.42622,WHO,Uganda
LAO,2017,7.47065,WHO,Laos
STP,2008,35.06204,WHO,Sao Tome and Principe
IDN,2012,39.00649,WHO,Indonesia
IDN,2002,47.10466,WHO,Indonesia
TCD,1996,92.72276,WHO,Chad
RWA,2014,43.71658,WHO,Rwanda
LSO,2014,50.91185,WHO,Lesotho
KEN,1993,53.24683,WHO,Kenya
KAZ,2010,,WHO,Kazakhstan
MDA,1997,,WHO,Moldova
GHA,2014,37.06868,WHO,Ghana
PER,2007,50.49239,WHO,Peru
PAN,2013,,WHO,Panama
NPL,2019,15.13198,WHO,Nepal
GIN,2016,53.65956,WHO,Guinea
MWI,2015,46.65205,WHO,Malawi
GEO,2018,,WHO,Georgia
SEN,2018,47.91746,WHO,Senegal
TJK,2005,,WHO,Tajikistan
KGZ,2012,24.24475,WHO,Kyrgyzstan
GMB,2018,48.66237,WHO,Gambia
SUR,2018,13.72519,WHO,Suriname
KAZ,1999,63.76316,WHO,Kazakhstan
CIV,2006,,WHO,Cote d'Ivoire
COL,2015,24.17386,WHO,Colombia
NGA,1999,,WHO,Nigeria
ARM,2000,,WHO,Armenia
BEN,2006,75.47332,WHO,Benin
ECU,1994,,WHO,Ecuador
ARM,2015,,WHO,Armenia
GMB,2005,,WHO,Gambia
SLV,2002,,WHO,El Salvador
RWA,2010,77.49955,WHO,Rwanda
THA,2019,,WHO,Thailand
IDN,2017,21.69834,WHO,Indonesia
BGD,1996,94.60062,WHO,Bangladesh
TLS,2016,26.39429,WHO,East Timor
SYR,2006,,WHO,Syria
PHL,2008,15.01571,WHO,Philippines
TUN,2018,4.74693,WHO,Tunisia
MOZ,2008,118.55836,WHO,Mozambique
TCD,2004,109.12737,WHO,Chad
MMR,2015,65.51648,WHO,Myanmar
ZWE,2005,48.07113,WHO,Zimbabwe
PER,2005,20.95535,WHO,Peru
MRT,2015,48.01023,WHO,Mauritania
IRQ,2018,13.64775,WHO,Iraq
IDN,2012,,WHO,Indonesia
PER,2012,43.56878,WHO,Peru
MNE,2018,,WHO,Montenegro
SEN,2016,42.85985,WHO,Senegal
NGA,2013,94.55283,WHO,Nigeria
PHL,1998,39.2104,WHO,Philippines
TCD,2014,87.05815,WHO,Chad
KEN,2003,81.85785,WHO,Kenya
IRQ,2018,23.06227,WHO,Iraq
HND,2019,19.30788,WHO,Honduras
GIN,2018,43.57679,WHO,Guinea
CMR,2014,85.21735,WHO,Cameroon
KAZ,2015,,WHO,Kazakhstan
MOZ,2015,26.81595,WHO,Mozambique
TZA,2004,78.92496,WHO,Tanzania
HND,2005,17.86595,WHO,Honduras
PER,2015,14.20305,WHO,Peru
GAB,2000,57.43701,WHO,Gabon
PHL,1993,61.42545,WHO,Philippines
IRQ,2018,22.80504,WHO,Iraq
ARM,2005,27.47588,WHO,Armenia
MRT,2007,,WHO,Mauritania
PHL,2017,27.17191,WHO,Philippines
TZA,1999,,WHO,Tanzania
IDN,2007,27.15966,WHO,Indonesia
TZA,2010,62.53277,WHO,Tanzania
NIC,1997,42.8876,WHO,Nicaragua
PER,2012,18.99265,WHO,Peru
PHL,2003,25.93672,WHO,Philippines
PAK,2012,103.8269,WHO,Pakistan
TJK,2012,21.83261,WHO,Tajikistan
YEM,2006,58.26709,WHO,Yemen
VNM,2010,,WHO,Vietnam
SLV,1998,,WHO,El Salvador
JOR,2012,16.83123,WHO,Jordan
ZWE,1994,51.31041,WHO,Zimbabwe
BFA,2010,53.54888,WHO,Burkina Faso
NAM,2006,36.69199,WHO,Namibia
BGD,1996,75.16457,WHO,Bangladesh
VNM,2010,,WHO,Vietnam
GTM,2002,,WHO,Guatemala
GMB,2013,52.34352,WHO,Gambia
LSO,2014,84.19976,WHO,Lesotho
SLE,2008,116.76775,WHO,Sierra Leone
IDN,2007,,WHO,Indonesia
COG,2011,41.43032,WHO,Congo
KEN,1993,30.90366,WHO,Kenya
GHA,2008,73.21183,WHO,Ghana
KHM,2000,82.20154,WHO,Cambodia
KHM,2005,42.02624,WHO,Cambodia
CRI,1992,,WHO,Costa Rica
CPV,1998,,WHO,Cape Verde
PAK,2006,52.58138,WHO,Pakistan
MOZ,2011,54.62963,WHO,Mozambique
SEN,2017,47.69246,WHO,Senegal
MLI,2012,81.75456,WHO,Mali
AFG,2010,,WHO,Afghanistan
NGA,2016,66.2686,WHO,Nigeria
GUY,2019,14.77151,WHO,Guyana
BLR,2005,,WHO,Belarus
TGO,1998,54.41632,WHO,Togo
UKR,2005,,WHO,Ukraine
BGD,1996,66.68057,WHO,Bangladesh
PHL,2013,23.282,WHO,Philippines
ALB,2017,0,WHO,Albania
SDN,2014,36.52818,WHO,Sudan
GEO,2005,,WHO,Georgia
IDN,2002,54.90454,WHO,Indonesia
NGA,2007,,WHO,Nigeria
HND,2001,,WHO,Honduras
JOR,2002,30.15988,WHO,Jordan
SLE,2005,,WHO,Sierra Leone
ZWE,1999,67.07211,WHO,Zimbabwe
MOZ,2015,16.17524,WHO,Mozambique
UGA,2006,67.8082,WHO,Uganda
GNB,2006,,WHO,Guinea-Bissau
DOM,2002,,WHO,Dominican Republic
GHA,2014,33.07104,WHO,Ghana
BOL,2008,37.46334,WHO,Bolivia
KHM,2000,108.22288,WHO,Cambodia
PER,1996,61.71628,WHO,Peru
PER,2016,,WHO,Peru
EGY,1995,51.09623,WHO,Egypt
VNM,1997,43.19331,WHO,Vietnam
IDN,2007,54.216,WHO,Indonesia
SLV,1998,,WHO,El Salvador
UGA,1995,76.60152,WHO,Uganda
NPL,2014,48.50452,WHO,Nepal
PER,2014,17.28609,WHO,Peru
PHL,2013,24.9269,WHO,Philippines
AFG,2015,50.94697,WHO,Afghanistan
COL,2010,16.15286,WHO,Colombia
MLI,2018,83.23568,WHO,Mali
SEN,2010,66.6615,WHO,Senegal
PER,2015,0,WHO,Peru
MMR,2015,62.60192,WHO,Myanmar
ZWE,2009,53.90255,WHO,Zimbabwe
THA,2015,,WHO,Thailand
SLE,2017,73.50246,WHO,Sierra Leone
ZMB,1996,116.30032,WHO,Zambia
KAZ,2006,,WHO,Kazakhstan
PHL,1993,23.02092,WHO,Philippines
BDI,2016,38.70245,WHO,Burundi
HTI,2016,61.91839,WHO,Haiti
URY,2012,,WHO,Uruguay
SEN,2014,37.0265,WHO,Senegal
COG,2011,45.6599,WHO,Congo
SLV,1993,,WHO,El Salvador
BOL,2003,63.25531,WHO,Bolivia
SLV,1998,,WHO,El Salvador
MWI,2013,47.93128,WHO,Malawi
COG,2014,33.0563,WHO,Congo
MAR,2003,61.88461,WHO,Morocco
PER,2010,14.47753,WHO,Peru
LAO,2011,37.45914,WHO,Laos
JAM,2005,,WHO,Jamaica
NER,2012,63.23145,WHO,Niger
GIN,2018,40.77724,WHO,Guinea
CAF,1994,103.47392,WHO,Central African Republic
ZWE,2010,28.53501,WHO,Zimbabwe
SLV,2008,,WHO,El Salvador
CMR,2018,56.46707,WHO,Cameroon
GTM,2014,29.0364,WHO,Guatemala
MOZ,2003,139.91936,WHO,Mozambique
JAM,2005,,WHO,Jamaica
NGA,2007,,WHO,Nigeria
PRY,2004,,WHO,Paraguay
KAZ,2010,,WHO,Kazakhstan
AGO,2015,67.2149,WHO,Angola
BLZ,2015,19.31878,WHO,Belize
KAZ,1995,43.12139,WHO,Kazakhstan
NER,1998,153.3474,WHO,Niger
VUT,2007,,WHO,Vanuatu
TZA,2004,106.91856,WHO,Tanzania
VNM,2006,,WHO,Vietnam
KHM,2010,53.85686,WHO,Cambodia
AFG,2015,42.10854,WHO,Afghanistan
UKR,2005,,WHO,Ukraine
CUB,2006,,WHO,Cuba
HND,1996,,WHO,Honduras
GHA,1998,83.76392,WHO,Ghana
NPL,2010,,WHO,Nepal
GTM,1998,53.41422,WHO,Guatemala
TCD,2014,69.91512,WHO,Chad
BLZ,2006,,WHO,Belize
ETH,2000,95.06873,WHO,Ethiopia
BTN,2010,,WHO,Bhutan
ARM,2010,16.65856,WHO,Armenia
VUT,2007,,WHO,Vanuatu
BGD,2004,65.91825,WHO,Bangladesh
CRI,2018,,WHO,Costa Rica
CUB,2019,,WHO,Cuba
MLI,2018,43.82308,WHO,Mali
MOZ,2008,107.29275,WHO,Mozambique
NGA,2007,,WHO,Nigeria
BOL,2008,42.32903,WHO,Bolivia
URY,2012,,WHO,Uruguay
LBR,2007,141.89555,WHO,Liberia
MDG,2008,54.92491,WHO,Madagascar
UKR,2005,,WHO,Ukraine
NPL,1996,86.27827,WHO,Nepal
NAM,2006,55.01024,WHO,Namibia
THA,2005,,WHO,Thailand
NPL,2001,60.95086,WHO,Nepal
PER,2007,,WHO,Peru
ALB,2005,,WHO,Albania
GHA,2003,76.05425,WHO,Ghana
MDG,2018,48.11567,WHO,Madagascar
COD,2017,47.03757,WHO,Democratic Republic of Congo
ZMB,1996,99.26096,WHO,Zambia
IDN,2007,,WHO,Indonesia
VNM,2002,58.61683,WHO,Vietnam
NPL,2011,53.04924,WHO,Nepal
PER,2011,,WHO,Peru
RWA,2000,123.19567,WHO,Rwanda
NGA,2007,,WHO,Nigeria
NPL,2001,69.60477,WHO,Nepal
MDG,2003,75.28144,WHO,Madagascar
TCD,2019,63.75542,WHO,Chad
TJK,2017,39.53107,WHO,Tajikistan
BLZ,2006,,WHO,Belize
CIV,1994,83.29587,WHO,Cote d'Ivoire
NAM,2000,39.8799,WHO,Namibia
BFA,2006,,WHO,Burkina Faso
MOZ,1997,210.20055,WHO,Mozambique
PER,2011,50.94695,WHO,Peru
COD,2007,95.14841,WHO,Democratic Republic of Congo
HND,1991,,WHO,Honduras
BGD,1996,96.17883,WHO,Bangladesh
MNG,2005,,WHO,Mongolia
COL,2005,14.15188,WHO,Colombia
RWA,2005,127.23389,WHO,Rwanda
TGO,2006,,WHO,Togo
LBR,2019,71.04808,WHO,Liberia
CAF,2010,,WHO,Central African Republic
PHL,2003,41.77275,WHO,Philippines
AFG,2015,41.40769,WHO,Afghanistan
QAT,2012,,WHO,Qatar
ZMB,2007,93.61184,WHO,Zambia
BGD,2017,40.29498,WHO,Bangladesh
PER,2018,,WHO,Peru
PER,2019,11.39933,WHO,Peru
BDI,2005,,WHO,Burundi
JAM,2005,,WHO,Jamaica
BEN,1996,49.93223,WHO,Benin
KHM,2014,72.23526,WHO,Cambodia
SEN,2014,52.33651,WHO,Senegal
NGA,2013,89.43675,WHO,Nigeria
LAO,2006,,WHO,Laos
IND,1998,86.95753,WHO,India
MKD,2011,,WHO,North Macedonia
PER,2018,15.12045,WHO,Peru
ETH,2005,,WHO,Ethiopia
MEX,2015,,WHO,Mexico
COL,1995,26.26207,WHO,Colombia
TTO,2006,,WHO,Trinidad and Tobago
MKD,2005,,WHO,North Macedonia
IRQ,2018,19.56208,WHO,Iraq
MDG,1997,76.1715,WHO,Madagascar
GMB,2018,47.81434,WHO,Gambia
DOM,1996,53.81495,WHO,Dominican Republic
ZWE,2015,71.72516,WHO,Zimbabwe
COM,1996,92.50198,WHO,Comoros
HTI,2005,70.85497,WHO,Haiti
GTM,2002,,WHO,Guatemala
BGD,2014,52.0393,WHO,Bangladesh
GMB,2018,49.45649,WHO,Gambia
TUR,2013,18.12549,WHO,Turkey
NGA,2016,77.83823,WHO,Nigeria
GIN,2016,30.11875,WHO,Guinea
KHM,2010,72.16251,WHO,Cambodia
GAB,2000,62.48799,WHO,Gabon
PER,2005,8.61606,WHO,Peru
ZWE,2005,56.84274,WHO,Zimbabwe
NGA,2008,105.56084,WHO,Nigeria
TZA,1999,,WHO,Tanzania
HTI,2000,82.55547,WHO,Haiti
BEN,2011,46.90118,WHO,Benin
KHM,2010,,WHO,Cambodia
HTI,1994,85.62215,WHO,Haiti
LAO,2011,38.72588,WHO,Laos
LAO,2017,39.02246,WHO,Laos
SLE,2005,,WHO,Sierra Leone
BLZ,2015,25.25472,WHO,Belize
NIC,1997,48.54408,WHO,Nicaragua
GHA,2014,51.21898,WHO,Ghana
TLS,2009,54.62835,WHO,East Timor
MNE,2018,,WHO,Montenegro
GIN,2012,70.89178,WHO,Guinea
ZAF,2016,,WHO,South Africa
NER,2012,42.00864,WHO,Niger
TJK,2005,,WHO,Tajikistan
TLS,2009,62.41841,WHO,East Timor
BGD,2004,61.4375,WHO,Bangladesh
KEN,2008,60.54478,WHO,Kenya
MDV,2009,32.48217,WHO,Maldives
BGD,2004,72.29275,WHO,Bangladesh
GTM,2002,,WHO,Guatemala
TUN,2011,,WHO,Tunisia
PHL,2003,32.15055,WHO,Philippines
MEX,2015,,WHO,Mexico
LSO,2014,70.31031,WHO,Lesotho
ZMB,2001,115.20447,WHO,Zambia
GHA,2008,44.55899,WHO,Ghana
SSD,2010,88.12292,WHO,South Sudan
ZMB,1996,116.27636,WHO,Zambia
PER,2000,60.2635,WHO,Peru
PER,2010,28.18001,WHO,Peru
PHL,2008,20.42744,WHO,Philippines
HTI,2012,80.65759,WHO,Haiti
AFG,2010,,WHO,Afghanistan
KHM,2005,115.03021,WHO,Cambodia
SLE,2019,78.61971,WHO,Sierra Leone
CMR,2018,53.25309,WHO,Cameroon
VNM,2013,10.01158,WHO,Vietnam
PER,2020,14.52175,WHO,Peru
TCD,2019,51.04557,WHO,Chad
COG,2005,134.11266,WHO,Congo
BLR,2005,,WHO,Belarus
UGA,2006,78.3792,WHO,Uganda
NPL,1996,107.21023,WHO,Nepal
ZMB,1996,132.91531,WHO,Zambia
ZAF,1998,8.36993,WHO,South Africa
GMB,2019,35.03658,WHO,Gambia
ALB,2017,2.22822,WHO,Albania
UZB,1996,43.35322,WHO,Uzbekistan
PER,2004,8.57724,WHO,Peru
PER,2019,,WHO,Peru
EGY,2005,43.3144,WHO,Egypt
PER,2018,28.45207,WHO,Peru
PER,2008,37.15295,WHO,Peru
MOZ,2015,18.24465,WHO,Mozambique
SEN,2019,42.66057,WHO,Senegal
BOL,2003,71.20998,WHO,Bolivia
AFG,2015,37.86225,WHO,Afghanistan
STP,2014,35.85838,WHO,Sao Tome and Principe
TGO,2006,,WHO,Togo
SSD,2010,109.51908,WHO,South Sudan
IDN,2017,27.85009,WHO,Indonesia
SRB,2010,,WHO,Serbia
ZWE,2010,61.98001,WHO,Zimbabwe
TZA,2010,42.74015,WHO,Tanzania
MNG,2010,,WHO,Mongolia
ZWE,2015,61.51226,WHO,Zimbabwe
VNM,2013,3.78991,WHO,Vietnam
PER,2013,30.74083,WHO,Peru
BIH,2006,,WHO,Bosnia and Herzegovina
SRB,2014,,WHO,Serbia
THA,2012,,WHO,Thailand
SLE,2013,117.96098,WHO,Sierra Leone
THA,2012,,WHO,Thailand
BRB,2012,,WHO,Barbados
ETH,2005,85.86643,WHO,Ethiopia
PER,2013,15.3643,WHO,Peru
PAN,2013,,WHO,Panama
BLZ,1991,,WHO,Belize
IND,2005,63.9367,WHO,India
PER,2009,38.36893,WHO,Peru
SWZ,2010,80.89832,WHO,Eswatini
KEN,2008,65.18923,WHO,Kenya
PHL,2003,22.16534,WHO,Philippines
MLI,2018,64.99467,WHO,Mali
BOL,2008,92.50746,WHO,Bolivia
PER,2004,,WHO,Peru
UZB,1996,,WHO,Uzbekistan
SUR,2018,9.86631,WHO,Suriname
UKR,2005,,WHO,Ukraine
KEN,1998,40.63646,WHO,Kenya
PER,2018,22.28637,WHO,Peru
BTN,2010,,WHO,Bhutan
MLI,2012,52.28756,WHO,Mali
TCD,2004,102.153,WHO,Chad
MLI,2012,79.88689,WHO,Mali
PHL,2017,27.6161,WHO,Philippines
PER,2012,22.54366,WHO,Peru
UGA,1995,87.36555,WHO,Uganda
TGO,2010,,WHO,Togo
GMB,2019,41.53355,WHO,Gambia
EGY,2000,54.30526,WHO,Egypt
COG,2011,54.27068,WHO,Congo
ARG,2019,,WHO,Argentina
ZMB,1996,91.12836,WHO,Zambia
GNB,2014,70.90312,WHO,Guinea-Bissau
IRQ,2018,23.5959,WHO,Iraq
COM,1996,90.00067,WHO,Comoros
TGO,2013,47.08821,WHO,Togo
JOR,2017,12.00055,WHO,Jordan
PER,2013,20.5453,WHO,Peru
PER,2008,13.27267,WHO,Peru
GMB,2010,,WHO,Gambia
CUB,2014,,WHO,Cuba
PNG,2016,28.83035,WHO,Papua New Guinea
CIV,2011,52.04338,WHO,Cote d'Ivoire
TZA,1999,,WHO,Tanzania
LSO,2018,69.68497,WHO,Lesotho
TUV,2019,,WHO,Tuvalu
CUB,2019,,WHO,Cuba
NPL,2019,41.45373,WHO,Nepal
AGO,2015,62.17432,WHO,Angola
MKD,2018,9.36943,WHO,North Macedonia
IDN,2002,36.44646,WHO,Indonesia
NPL,2010,,WHO,Nepal
PNG,2016,29.10929,WHO,Papua New Guinea
TUN,2011,15.39347,WHO,Tunisia
BGD,1999,92.15553,WHO,Bangladesh
TJK,2005,,WHO,Tajikistan
UGA,2000,88.4126,WHO,Uganda
MKD,2011,,WHO,North Macedonia
NPL,2010,,WHO,Nepal
BLR,2012,,WHO,Belarus
LAO,2017,39.15904,WHO,Laos
PER,1996,25.57536,WHO,Peru
COD,2007,91.80537,WHO,Democratic Republic of Congo
MKD,2018,6.86411,WHO,North Macedonia
NIC,1997,35.68997,WHO,Nicaragua
SEN,2010,46.02348,WHO,Senegal
GMB,2005,,WHO,Gambia
TZA,2004,87.80462,WHO,Tanzania
CUB,2014,,WHO,Cuba
HTI,1994,81.68871,WHO,Haiti
KEN,2014,42.17898,WHO,Kenya
LBR,2007,46.26516,WHO,Liberia
KEN,1993,34.83848,WHO,Kenya
MWI,2015,44.30951,WHO,Malawi
IND,2015,40.03224,WHO,India
ARM,2015,11.00451,WHO,Armenia
IDN,1994,,WHO,Indonesia
SLV,2014,13.57879,WHO,El Salvador
SEN,2018,38.13467,WHO,Senegal
ARG,2011,,WHO,Argentina
KGZ,2012,34.56267,WHO,Kyrgyzstan
TGO,1998,84.05721,WHO,Togo
BLZ,2006,,WHO,Belize
MDG,2008,70.68984,WHO,Madagascar
CAF,2018,53.88993,WHO,Central African Republic
THA,2015,,WHO,Thailand
HTI,2012,56.03987,WHO,Haiti
VUT,2007,,WHO,Vanuatu
SRB,2019,,WHO,Serbia
TGO,2010,,WHO,Togo
BFA,2006,,WHO,Burkina Faso
IDN,2002,31.89201,WHO,Indonesia
PER,2006,15.49889,WHO,Peru
BLR,2019,,WHO,Belarus
KHM,2014,64.39066,WHO,Cambodia
TLS,2016,32.11526,WHO,East Timor
MDG,2003,67.58192,WHO,Madagascar
IND,2005,65.91856,WHO,India
BIH,2011,,WHO,Bosnia and Herzegovina
IRQ,2018,20.56557,WHO,Iraq
CMR,2011,63.35963,WHO,Cameroon
GHA,1993,70.11762,WHO,Ghana
TJK,2017,25.03036,WHO,Tajikistan
PRY,2016,22.77659,WHO,Paraguay
MLI,2018,62.91714,WHO,Mali
MDA,1997,,WHO,Moldova
NER,2006,106.3094,WHO,Niger
PER,2006,18.27202,WHO,Peru
SEN,1997,71.1899,WHO,Senegal
COG,2011,34.65938,WHO,Congo
BFA,2006,,WHO,Burkina Faso
IRQ,2006,27.99984,WHO,Iraq
BEN,2014,61.62174,WHO,Benin
TZA,1999,87.27439,WHO,Tanzania
NPL,2016,46.63707,WHO,Nepal
NAM,2006,40.14188,WHO,Namibia
ETH,2019,53.20308,WHO,Ethiopia
SEN,2016,50.24375,WHO,Senegal
TCD,2019,76.37938,WHO,Chad
IDN,1997,55.31059,WHO,Indonesia
BLR,2012,,WHO,Belarus
GNB,2006,,WHO,Guinea-Bissau
ALB,2002,,WHO,Albania
MKD,2018,20.59455,WHO,North Macedonia
COL,2010,37.55621,WHO,Colombia
IDN,1997,58.54294,WHO,Indonesia
CMR,2014,55.08661,WHO,Cameroon
IDN,1994,109.79267,WHO,Indonesia
MLI,2018,74.14202,WHO,Mali
SLE,2019,101.07637,WHO,Sierra Leone
ARM,2010,,WHO,Armenia
BLZ,2006,,WHO,Belize
BEN,2001,71.44617,WHO,Benin
NPL,2014,,WHO,Nepal
TUR,2003,19.45884,WHO,Turkey
KHM,2010,60.8978,WHO,Cambodia
MKD,2018,,WHO,North Macedonia
SLV,1998,,WHO,El Salvador
MOZ,2003,142.51506,WHO,Mozambique
GAB,2012,41.17739,WHO,Gabon
BOL,2003,41.60892,WHO,Bolivia
BLZ,1991,,WHO,Belize
MNG,2018,17.46288,WHO,Mongolia
MWI,2013,60.14314,WHO,Malawi
UKR,1999,,WHO,Ukraine
MLI,2001,122.37918,WHO,Mali
ZWE,2015,45.52736,WHO,Zimbabwe
CIV,2006,,WHO,Cote d'Ivoire
GUY,2019,13.46039,WHO,Guyana
PER,2019,13.78239,WHO,Peru
GNB,2018,42.10387,WHO,Guinea-Bissau
PER,2007,25.67889,WHO,Peru
SWZ,2014,62.79863,WHO,Eswatini
PER,2010,,WHO,Peru
MDA,1997,,WHO,Moldova
MOZ,2015,41.24477,WHO,Mozambique
THA,2015,,WHO,Thailand
HTI,2005,76.86535,WHO,Haiti
ZMB,2018,50.71245,WHO,Zambia
KGZ,2014,11.36266,WHO,Kyrgyzstan
SLE,2017,69.47282,WHO,Sierra Leone
TZA,1999,57.2874,WHO,Tanzania
LSO,2018,62.09074,WHO,Lesotho
DOM,2007,32.82647,WHO,Dominican Republic
GEO,2018,,WHO,Georgia
BEN,2014,67.96101,WHO,Benin
SYR,2006,,WHO,Syria
LAO,2006,,WHO,Laos
MRT,2007,,WHO,Mauritania
MLI,2015,65.79573,WHO,Mali
RWA,2019,30.66456,WHO,Rwanda
JOR,2007,22.57902,WHO,Jordan
CIV,2016,54.61222,WHO,Cote d'Ivoire
MAR,2003,61.02771,WHO,Morocco
BGD,2017,43.40385,WHO,Bangladesh
MNE,2013,,WHO,Montenegro
UGA,2016,34.53613,WHO,Uganda
PAN,2013,,WHO,Panama
HTI,1994,95.20703,WHO,Haiti
MKD,2005,,WHO,North Macedonia
ECU,1994,,WHO,Ecuador
YEM,2013,61.82376,WHO,Yemen
PER,2007,,WHO,Peru
ALB,2002,,WHO,Albania
IDN,2007,30.63327,WHO,Indonesia
BOL,2008,36.95555,WHO,Bolivia
BGD,2019,41.89148,WHO,Bangladesh
LBR,2019,67.16713,WHO,Liberia
NGA,2013,88.6061,WHO,Nigeria
AGO,2015,32.48832,WHO,Angola
MWI,2000,127.13562,WHO,Malawi
BLZ,2006,,WHO,Belize
NPL,2014,37.22604,WHO,Nepal
LAO,2017,17.45148,WHO,Laos
BGD,2004,72.10597,WHO,Bangladesh
IDN,1997,51.41652,WHO,Indonesia
IND,2015,28.88895,WHO,India
SEN,2014,22.65183,WHO,Senegal
VNM,2010,,WHO,Vietnam
TZA,1999,115.50552,WHO,Tanzania
TUR,1998,61.44706,WHO,Turkey
NGA,2016,48.6804,WHO,Nigeria
CAF,2006,,WHO,Central African Republic
WSM,2019,17.21011,WHO,Samoa
AGO,2015,60.0413,WHO,Angola
MOZ,2015,32.09642,WHO,Mozambique
ZWE,2015,49.687,WHO,Zimbabwe
CMR,2011,73.27943,WHO,Cameroon
TZA,1996,100.82528,WHO,Tanzania
COL,1995,33.21135,WHO,Colombia
NAM,2006,60.16676,WHO,Namibia
GMB,2010,,WHO,Gambia
BEN,2014,62.26183,WHO,Benin
TTO,2011,,WHO,Trinidad and Tobago
GUY,2009,41.25033,WHO,Guyana
PHL,2013,38.9111,WHO,Philippines
KAZ,1995,,WHO,Kazakhstan
IDN,2007,55.84452,WHO,Indonesia
MDG,2018,55.91297,WHO,Madagascar
BIH,2006,,WHO,Bosnia and Herzegovina
TCD,2010,,WHO,Chad
CUB,2014,,WHO,Cuba
PER,2004,48.28301,WHO,Peru
KHM,2010,60.87915,WHO,Cambodia
MDA,2012,13.61749,WHO,Moldova
BFA,2010,72.89426,WHO,Burkina Faso
RWA,2005,113.89835,WHO,Rwanda
SEN,2005,89.22765,WHO,Senegal
PHL,2017,24.15299,WHO,Philippines
BEN,2014,83.22841,WHO,Benin
GMB,2013,31.63671,WHO,Gambia
NGA,2013,59.82328,WHO,Nigeria
NAM,2000,44.99446,WHO,Namibia
KHM,2010,66.15639,WHO,Cambodia
ETH,2019,43.3527,WHO,Ethiopia
YEM,2013,41.64278,WHO,Yemen
BIH,2006,,WHO,Bosnia and Herzegovina
LCA,2012,,WHO,Saint Lucia
NPL,2019,20.15759,WHO,Nepal
MLI,2009,,WHO,Mali
TGO,2006,,WHO,Togo
SLV,1993,,WHO,El Salvador
SSD,2010,61.28196,WHO,South Sudan
RWA,2005,97.16932,WHO,Rwanda
PER,2016,11.79868,WHO,Peru
SEN,2010,52.85325,WHO,Senegal
ARM,2000,46.06648,WHO,Armenia
VNM,2013,12.50733,WHO,Vietnam
CMR,2006,,WHO,Cameroon
NPL,2010,,WHO,Nepal
ARM,2000,45.95158,WHO,Armenia
LAO,2017,26.16912,WHO,Laos
ALB,2017,2.07565,WHO,Albania
ETH,2011,65.11279,WHO,Ethiopia
HTI,2012,66.72493,WHO,Haiti
MLI,2009,,WHO,Mali
BEN,2017,44.53941,WHO,Benin
SLE,2008,105.26304,WHO,Sierra Leone
SEN,2015,49.85801,WHO,Senegal
MWI,2006,84.26762,WHO,Malawi
COD,2010,,WHO,Democratic Republic of Congo
COL,2010,21.53278,WHO,Colombia
TZA,1996,89.26183,WHO,Tanzania
IRQ,2018,34.0896,WHO,Iraq
GNB,2006,,WHO,Guinea-Bissau
VNM,2002,14.95961,WHO,Vietnam
KGZ,2014,20.32813,WHO,Kyrgyzstan
DOM,1996,61.64103,WHO,Dominican Republic
IND,2015,55.29348,WHO,India
CAF,2006,,WHO,Central African Republic
AZE,2006,54.58014,WHO,Azerbaijan
GNB,2006,,WHO,Guinea-Bissau
KHM,2010,77.67857,WHO,Cambodia
COG,2011,50.77626,WHO,Congo
HND,2001,,WHO,Honduras
MWI,2010,66.92253,WHO,Malawi
MKD,2011,,WHO,North Macedonia
HTI,2012,40.95785,WHO,Haiti
IDN,2007,59.61111,WHO,Indonesia
GTM,1998,29.23521,WHO,Guatemala
NPL,2011,57.9477,WHO,Nepal
HND,1991,,WHO,Honduras
MLI,2006,120.5416,WHO,Mali
DOM,2002,,WHO,Dominican Republic
PAK,2006,114.03053,WHO,Pakistan
LAO,2017,61.71022,WHO,Laos
DOM,2002,40.31607,WHO,Dominican Republic
COD,2013,92.18377,WHO,Democratic Republic of Congo
BGD,2014,37.65942,WHO,Bangladesh
PER,2013,30.48417,WHO,Peru
RWA,2019,39.76289,WHO,Rwanda
TGO,1998,85.035,WHO,Togo
CIV,2016,106.52322,WHO,Cote d'Ivoire
WSM,2019,12.06816,WHO,Samoa
HND,2005,39.50866,WHO,Honduras
COL,2000,30.20927,WHO,Colombia
GIN,2018,67.94225,WHO,Guinea
UGA,2011,62.80096,WHO,Uganda
EGY,2000,29.57113,WHO,Egypt
BOL,1994,74.00243,WHO,Bolivia
MDG,2003,96.0153,WHO,Madagascar
TCD,2010,,WHO,Chad
COD,2017,41.99013,WHO,Democratic Republic of Congo
VNM,2013,12.71989,WHO,Vietnam
TZA,2010,56.10823,WHO,Tanzania
IDN,1997,23.3363,WHO,Indonesia
TZA,1996,110.8095,WHO,Tanzania
TUN,2018,,WHO,Tunisia
NIC,1997,45.34999,WHO,Nicaragua
GTM,2002,,WHO,Guatemala
MWI,2006,63.23333,WHO,Malawi
CIV,2011,44.10599,WHO,Cote d'Ivoire
PRY,1995,,WHO,Paraguay
STP,2014,35.00297,WHO,Sao Tome and Principe
IND,1998,62.07428,WHO,India
SEN,2012,55.3618,WHO,Senegal
BGD,1996,96.29982,WHO,Bangladesh
PER,2016,18.37442,WHO,Peru
MLI,2006,122.5044,WHO,Mali
MLI,2018,49.71801,WHO,Mali
RWA,2019,44.78933,WHO,Rwanda
SRB,2010,,WHO,Serbia
LSO,2004,87.32237,WHO,Lesotho
LAO,2006,,WHO,Laos
CMR,2006,,WHO,Cameroon
BEN,2006,71.63539,WHO,Benin
TUR,2013,25.06186,WHO,Turkey
NIC,1992,,WHO,Nicaragua
KEN,1998,53.1028,WHO,Kenya
DOM,2007,,WHO,Dominican Republic
NPL,2014,22.51657,WHO,Nepal
MDA,2005,20.45759,WHO,Moldova
BLZ,2011,,WHO,Belize
NIC,2006,,WHO,Nicaragua
HND,2005,31.98543,WHO,Honduras
CMR,1998,72.62321,WHO,Cameroon
COL,2000,17.05777,WHO,Colombia
COD,2013,56.78218,WHO,Democratic Republic of Congo
GHA,2017,55.6485,WHO,Ghana
URY,2012,,WHO,Uruguay
MNG,2018,23.71387,WHO,Mongolia
VNM,2010,,WHO,Vietnam
VUT,2007,,WHO,Vanuatu
SEN,1997,88.41142,WHO,Senegal
BLZ,2011,,WHO,Belize
ZMB,2013,49.24725,WHO,Zambia
BOL,1998,88.62469,WHO,Bolivia
GTM,2002,,WHO,Guatemala
TUR,1993,54.38794,WHO,Turkey
GHA,2006,,WHO,Ghana
NIC,2001,40.42744,WHO,Nicaragua
ETH,2019,,WHO,Ethiopia
ZWE,2005,46.43145,WHO,Zimbabwe
CAF,2010,,WHO,Central African Republic
CMR,2011,88.37981,WHO,Cameroon
BDI,2010,87.03787,WHO,Burundi
CRI,2018,,WHO,Costa Rica
ZWE,1999,46.59597,WHO,Zimbabwe
ZWE,1994,41.57289,WHO,Zimbabwe
HTI,2012,56.28212,WHO,Haiti
PHL,2003,18.09382,WHO,Philippines
MLI,2018,71.77162,WHO,Mali
EGY,2005,39.18412,WHO,Egypt
UGA,2000,52.56144,WHO,Uganda
TLS,2016,27.39273,WHO,East Timor
MLI,1995,138.08214,WHO,Mali
TLS,2009,61.51618,WHO,East Timor
PAN,2013,,WHO,Panama
MNE,2005,,WHO,Montenegro
IRQ,2006,,WHO,Iraq
NGA,2003,109.95436,WHO,Nigeria
ZWE,2010,54.99495,WHO,Zimbabwe
KHM,2010,53.02491,WHO,Cambodia
BGD,2011,44.28289,WHO,Bangladesh
MOZ,2015,24.88125,WHO,Mozambique
EGY,2005,59.212,WHO,Egypt
NGA,2016,58.368,WHO,Nigeria
JOR,2007,18.93371,WHO,Jordan
GUY,2019,39.23233,WHO,Guyana
BGD,1999,75.69823,WHO,Bangladesh
LAO,2017,51.95668,WHO,Laos
TCD,2004,125.44771,WHO,Chad
TGO,2013,57.74647,WHO,Togo
ZMB,1996,94.55263,WHO,Zambia
PHL,2003,38.16348,WHO,Philippines
ZMB,2018,38.56809,WHO,Zambia
NGA,2008,94.97919,WHO,Nigeria
JOR,2007,25.03407,WHO,Jordan
CAF,2006,,WHO,Central African Republic
BFA,2010,88.90606,WHO,Burkina Faso
MRT,2015,42.61838,WHO,Mauritania
GTM,1995,82.21845,WHO,Guatemala
CRI,2011,,WHO,Costa Rica
BOL,1994,95.53734,WHO,Bolivia
COG,2011,45.16003,WHO,Congo
AFG,2015,28.0049,WHO,Afghanistan
SRB,2010,,WHO,Serbia
SEN,2010,42.53281,WHO,Senegal
AGO,2015,35.26329,WHO,Angola
JOR,2017,12.44217,WHO,Jordan
DOM,2014,34.24767,WHO,Dominican Republic
PER,2011,,WHO,Peru
KHM,2000,91.90165,WHO,Cambodia
SEN,2005,40.84484,WHO,Senegal
COD,2017,63.04961,WHO,Democratic Republic of Congo
COD,2017,46.43637,WHO,Democratic Republic of Congo
MLI,2001,91.18117,WHO,Mali
MKD,2011,,WHO,North Macedonia
COG,2005,83.36342,WHO,Congo
ZMB,2007,64.02384,WHO,Zambia
GUY,2009,,WHO,Guyana
LBR,2007,98.96061,WHO,Liberia
NGA,2016,65.43739,WHO,Nigeria
SEN,2018,19.59514,WHO,Senegal
GMB,2018,40.25746,WHO,Gambia
PER,2017,27.26422,WHO,Peru
GAB,2000,59.67031,WHO,Gabon
KGZ,2014,12.38568,WHO,Kyrgyzstan
SLV,2002,,WHO,El Salvador
AGO,2015,63.77935,WHO,Angola
ETH,2011,66.4017,WHO,Ethiopia
LBR,2007,97.17634,WHO,Liberia
GNB,2018,33.76402,WHO,Guinea-Bissau
MNG,2005,,WHO,Mongolia
GEO,2018,,WHO,Georgia
CAF,2006,,WHO,Central African Republic
CMR,2006,,WHO,Cameroon
PRY,2008,,WHO,Paraguay
MWI,2010,75.52465,WHO,Malawi
STP,2014,41.99279,WHO,Sao Tome and Principe
KAZ,1999,61.92598,WHO,Kazakhstan
CUB,2019,,WHO,Cuba
NGA,2013,64.575,WHO,Nigeria
LAO,2011,111.8305,WHO,Laos
EGY,2014,17.43766,WHO,Egypt
DOM,2007,26.04616,WHO,Dominican Republic
GTM,2002,,WHO,Guatemala
PER,2019,9.11372,WHO,Peru
NPL,1996,96.25938,WHO,Nepal
GTM,1998,45.95704,WHO,Guatemala
GHA,2003,63.77827,WHO,Ghana
PER,2013,0,WHO,Peru
UZB,1996,43.80311,WHO,Uzbekistan
PER,1996,37.05096,WHO,Peru
MDG,2003,43.64416,WHO,Madagascar
NPL,2011,56.89008,WHO,Nepal
MDG,2018,38.53806,WHO,Madagascar
SWZ,2010,76.49144,WHO,Eswatini
BDI,2016,45.52495,WHO,Burundi
NER,2006,113.9089,WHO,Niger
KHM,2014,33.49372,WHO,Cambodia
VUT,2007,,WHO,Vanuatu
SEN,2010,40.38614,WHO,Senegal
TZA,1996,104.89603,WHO,Tanzania
MLI,2006,66.16402,WHO,Mali
ARM,2000,36.17273,WHO,Armenia
BGD,1999,77.96358,WHO,Bangladesh
COD,2013,80.59129,WHO,Democratic Republic of Congo
SLE,2013,102.52892,WHO,Sierra Leone
ARM,2015,,WHO,Armenia
TZA,2004,65.89014,WHO,Tanzania
DOM,2002,22.44513,WHO,Dominican Republic
MEX,2015,,WHO,Mexico
GHA,2014,51.49884,WHO,Ghana
GIN,2018,62.47923,WHO,Guinea
GNB,2018,33.91054,WHO,Guinea-Bissau
TJK,2017,27.22054,WHO,Tajikistan
BGD,1993,101.98122,WHO,Bangladesh
JOR,2017,14.50652,WHO,Jordan
LBR,2007,60.82927,WHO,Liberia
BFA,2003,112.78973,WHO,Burkina Faso
SOM,2006,87.63183,WHO,Somalia
IDN,2002,52.84665,WHO,Indonesia
AZE,2006,36.9999,WHO,Azerbaijan
ECU,1994,,WHO,Ecuador
TLS,2016,34.90968,WHO,East Timor
CAF,1994,97.95776,WHO,Central African Republic
MEX,2015,,WHO,Mexico
PER,2020,13.75728,WHO,Peru
BIH,2006,,WHO,Bosnia and Herzegovina
CUB,2014,,WHO,Cuba
PHL,1998,21.06767,WHO,Philippines
UGA,1995,113.40405,WHO,Uganda
SRB,2014,,WHO,Serbia
KAZ,1995,33.63027,WHO,Kazakhstan
PER,2000,60.34694,WHO,Peru
BFA,1998,98.37439,WHO,Burkina Faso
BIH,2006,,WHO,Bosnia and Herzegovina
PER,2012,,WHO,Peru
COM,2012,36.69064,WHO,Comoros
SRB,2005,,WHO,Serbia
IDN,2012,29.94738,WHO,Indonesia
TZA,2010,58.92547,WHO,Tanzania
DOM,2002,50.17355,WHO,Dominican Republic
NGA,2007,,WHO,Nigeria
AZE,2006,,WHO,Azerbaijan
ECU,1994,,WHO,Ecuador
BFA,1998,76.98776,WHO,Burkina Faso
ARM,2005,46.45381,WHO,Armenia
MOZ,2003,125.59201,WHO,Mozambique
TUV,2019,24.86745,WHO,Tuvalu
NPL,2019,25.75067,WHO,Nepal
TCD,2014,,WHO,Chad
CUB,2014,,WHO,Cuba
LSO,2004,57.42892,WHO,Lesotho
TCD,2010,,WHO,Chad
TTO,2006,,WHO,Trinidad and Tobago
NGA,2007,,WHO,Nigeria
MDA,2012,0.02258,WHO,Moldova
GMB,2018,42.13033,WHO,Gambia
TJK,2017,28.56578,WHO,Tajikistan
AFG,2015,13.2885,WHO,Afghanistan
MKD,2018,27.40161,WHO,North Macedonia
ZWE,2015,45.36923,WHO,Zimbabwe
BRA,1996,34.66774,WHO,Brazil
KGZ,2014,20.49769,WHO,Kyrgyzstan
YEM,2013,40.68978,WHO,Yemen
MAR,2003,62.15274,WHO,Morocco
CIV,1994,72.03722,WHO,Cote d'Ivoire
CMR,2004,105.59892,WHO,Cameroon
HTI,2016,64.75213,WHO,Haiti
PER,2004,30.2515,WHO,Peru
DZA,2012,12.45333,WHO,Algeria
SUR,2006,,WHO,Suriname
TGO,2013,55.96413,WHO,Togo
TZA,2004,79.92754,WHO,Tanzania
HTI,2005,52.14715,WHO,Haiti
PHL,2003,22.15475,WHO,Philippines
SLV,1993,,WHO,El Salvador
BRB,2012,,WHO,Barbados
SRB,2010,,WHO,Serbia
LAO,2006,,WHO,Laos
GNB,2018,30.85546,WHO,Guinea-Bissau
LAO,2017,44.10889,WHO,Laos
STP,2019,13.03257,WHO,Sao Tome and Principe
CPV,1998,,WHO,Cape Verde
PER,2000,47.18262,WHO,Peru
BLZ,2011,,WHO,Belize
MNE,2005,,WHO,Montenegro
GHA,1993,82.19714,WHO,Ghana
PHL,2013,22.50139,WHO,Philippines
CIV,2016,54.62602,WHO,Cote d'Ivoire
MDV,2009,25.0717,WHO,Maldives
MLI,2015,51.37183,WHO,Mali
ARM,2000,49.98875,WHO,Armenia
MWI,2000,103.01948,WHO,Malawi
GHA,2006,,WHO,Ghana
NIC,2001,50.44176,WHO,Nicaragua
HND,2011,19.12854,WHO,Honduras
PER,2017,20.89358,WHO,Peru
LSO,2014,81.41479,WHO,Lesotho
MKD,2011,,WHO,North Macedonia
TON,2019,,WHO,Tonga
SEN,2005,83.87234,WHO,Senegal
ALB,2008,17.38934,WHO,Albania
KAZ,1999,65.33878,WHO,Kazakhstan
ZWE,2010,48.81423,WHO,Zimbabwe
MDG,1997,112.42715,WHO,Madagascar
PER,2013,19.49356,WHO,Peru
TKM,2019,27.3342,WHO,Turkmenistan
NER,2006,90.71339,WHO,Niger
MLI,2018,36.81192,WHO,Mali
GHA,2006,,WHO,Ghana
TCD,2004,107.66578,WHO,Chad
IRQ,2011,37.10839,WHO,Iraq
GAB,2000,57.32481,WHO,Gabon
NGA,2003,120.73623,WHO,Nigeria
ETH,2016,61.99701,WHO,Ethiopia
IDN,1994,61.2994,WHO,Indonesia
GIN,1999,91.58015,WHO,Guinea
ETH,2016,27.64345,WHO,Ethiopia
SEN,2005,69.26479,WHO,Senegal
PHL,2017,19.5302,WHO,Philippines
PER,1996,47.58107,WHO,Peru
COL,2000,28.6785,WHO,Colombia
MDA,2005,20.54569,WHO,Moldova
MDG,2008,32.15597,WHO,Madagascar
MWI,2004,94.22976,WHO,Malawi
ZAF,1998,52.77392,WHO,South Africa
MDA,2005,16.14825,WHO,Moldova
BTN,2010,,WHO,Bhutan
SEN,1997,81.64103,WHO,Senegal
GIN,2005,79.99429,WHO,Guinea
BDI,2005,,WHO,Burundi
KAZ,2010,,WHO,Kazakhstan
BOL,1998,38.61494,WHO,Bolivia
AFG,2015,53.83516,WHO,Afghanistan
MNG,2013,14.21718,WHO,Mongolia
GUY,2014,12.24661,WHO,Guyana
SLV,2014,23.98743,WHO,El Salvador
TGO,2013,29.32568,WHO,Togo
TGO,1998,102.59004,WHO,Togo
COG,2011,32.84899,WHO,Congo
MOZ,1997,172.76059,WHO,Mozambique
DOM,2007,26.27946,WHO,Dominican Republic
SUR,2018,19.66203,WHO,Suriname
BOL,2008,52.91068,WHO,Bolivia
GHA,2008,46.36706,WHO,Ghana
GIN,2016,43.93404,WHO,Guinea
UKR,2012,,WHO,Ukraine
PER,2016,11.83619,WHO,Peru
NER,1998,157.18704,WHO,Niger
ZMB,2007,81.95148,WHO,Zambia
PER,2006,12.95606,WHO,Peru
BFA,2006,,WHO,Burkina Faso
ZMB,1996,65.64967,WHO,Zambia
MRT,2007,,WHO,Mauritania
BOL,2008,63.25192,WHO,Bolivia
PER,2019,11.91427,WHO,Peru
CAF,2010,,WHO,Central African Republic
HTI,1994,93.74508,WHO,Haiti
SRB,2005,,WHO,Serbia
MRT,2007,,WHO,Mauritania
TUR,2003,63.19738,WHO,Turkey
SLE,2010,,WHO,Sierra Leone
MDA,1997,,WHO,Moldova
NGA,2007,,WHO,Nigeria
ETH,2016,52.57815,WHO,Ethiopia
ECU,1999,,WHO,Ecuador
SEN,2014,31.49687,WHO,Senegal
SWZ,2014,50.02682,WHO,Eswatini
TJK,2012,18.65346,WHO,Tajikistan
ETH,2005,75.0417,WHO,Ethiopia
PER,2006,20.7388,WHO,Peru
PER,2006,,WHO,Peru
MDV,2016,15.84424,WHO,Maldives
CUB,2006,,WHO,Cuba
AGO,2015,41.14717,WHO,Angola
MLI,2001,139.28769,WHO,Mali
CUB,2010,,WHO,Cuba
MRT,2007,,WHO,Mauritania
CRI,2011,,WHO,Costa Rica
PER,2007,22.38677,WHO,Peru
SEN,2012,39.30326,WHO,Senegal
GEO,2018,,WHO,Georgia
GTM,1998,50.91969,WHO,Guatemala
GUY,2009,32.00646,WHO,Guyana
DZA,2018,28.06188,WHO,Algeria
TZA,2015,55.35997,WHO,Tanzania
ARM,2015,,WHO,Armenia
TZA,2004,78.37331,WHO,Tanzania
TJK,2005,,WHO,Tajikistan
YEM,2013,47.50035,WHO,Yemen
CPV,1998,,WHO,Cape Verde
CMR,2018,60.19408,WHO,Cameroon
BDI,2005,,WHO,Burundi
CUB,2019,,WHO,Cuba
MDV,2009,28.80018,WHO,Maldives
YEM,2013,42.69398,WHO,Yemen
DOM,1996,62.83077,WHO,Dominican Republic
PER,2010,16.98203,WHO,Peru
BDI,2010,81.34343,WHO,Burundi
IDN,2007,,WHO,Indonesia
KEN,2008,57.06012,WHO,Kenya
BOL,1994,68.7637,WHO,Bolivia
HTI,2012,62.10879,WHO,Haiti
BFA,1998,112.24014,WHO,Burkina Faso
GHA,2006,,WHO,Ghana
ZAF,2016,44.26156,WHO,South Africa
GIN,2016,45.47585,WHO,Guinea
TZA,2015,53.74313,WHO,Tanzania
TUR,2003,30.7775,WHO,Turkey
TCD,2004,83.47088,WHO,Chad
PER,2015,18.106,WHO,Peru
PER,2016,9.86042,WHO,Peru
MDA,1997,,WHO,Moldova
THA,2019,,WHO,Thailand
GMB,2018,45.04935,WHO,Gambia
COM,1996,63.77625,WHO,Comoros
IDN,1994,45.76499,WHO,Indonesia
PER,2014,,WHO,Peru
KAZ,2015,,WHO,Kazakhstan
BIH,2006,,WHO,Bosnia and Herzegovina
CIV,2006,,WHO,Cote d'Ivoire
PRY,2008,,WHO,Paraguay
SEN,2019,38.93403,WHO,Senegal
ARM,2015,,WHO,Armenia
IDN,2012,,WHO,Indonesia
GHA,1998,42.60161,WHO,Ghana
PER,2013,34.24524,WHO,Peru
CMR,2014,58.24577,WHO,Cameroon
PER,2020,28.35107,WHO,Peru
NPL,2001,87.00885,WHO,Nepal
TUN,2011,14.23441,WHO,Tunisia
CAF,1994,122.20335,WHO,Central African Republic
CMR,1998,85.07561,WHO,Cameroon
ARM,2015,6.12764,WHO,Armenia
MDG,2008,48.49339,WHO,Madagascar
SWZ,2006,72.74749,WHO,Eswatini
IDN,2012,,WHO,Indonesia
TZA,1999,133.42355,WHO,Tanzania
DOM,2007,41.15002,WHO,Dominican Republic
SDN,2014,57.01743,WHO,Sudan
COM,1996,88.10178,WHO,Comoros
MWI,2004,63.0498,WHO,Malawi
PER,2017,11.8558,WHO,Peru
WSM,2019,,WHO,Samoa
TTO,2006,,WHO,Trinidad and Tobago
HTI,2000,67.54239,WHO,Haiti
VUT,2007,,WHO,Vanuatu
LSO,2018,63.94251,WHO,Lesotho
YEM,2006,67.11808,WHO,Yemen
TUN,2018,13.25867,WHO,Tunisia
ZWE,1999,52.61993,WHO,Zimbabwe
NGA,2013,93.79669,WHO,Nigeria
ETH,2005,69.51315,WHO,Ethiopia
PHL,2017,7.9807,WHO,Philippines
CIV,2011,74.93353,WHO,Cote d'Ivoire
TGO,2013,62.7946,WHO,Togo
CAF,1994,129.90585,WHO,Central African Republic
EGY,2008,40.1227,WHO,Egypt
SLE,2013,109.09123,WHO,Sierra Leone
PER,2018,11.11132,WHO,Peru
NER,2006,103.39743,WHO,Niger
IDN,2002,29.02901,WHO,Indonesia
PHL,2017,18.68326,WHO,Philippines
MOZ,2003,129.77292,WHO,Mozambique
HND,1991,,WHO,Honduras
SWZ,2014,84.97141,WHO,Eswatini
ALB,2005,,WHO,Albania
TJK,2017,8.52103,WHO,Tajikistan
GHA,2014,36.68005,WHO,Ghana
UZB,2006,,WHO,Uzbekistan
IRQ,2018,21.58888,WHO,Iraq
SOM,2006,79.02534,WHO,Somalia
MMR,2015,58.68257,WHO,Myanmar
MWI,2013,53.40078,WHO,Malawi
TUR,1993,63.57291,WHO,Turkey
UKR,2007,19.38162,WHO,Ukraine
THA,2019,,WHO,Thailand
KGZ,2018,23.39459,WHO,Kyrgyzstan
COD,2017,23.65722,WHO,Democratic Republic of Congo
SEN,2016,45.50498,WHO,Senegal
LBR,2019,64.1604,WHO,Liberia
ETH,2016,42.65487,WHO,Ethiopia
IDN,2012,28.98645,WHO,Indonesia
TZA,2010,76.48193,WHO,Tanzania
KHM,2000,107.938,WHO,Cambodia
CIV,2016,53.76175,WHO,Cote d'Ivoire
SEN,2015,50.68738,WHO,Senegal
ETH,2011,60.28487,WHO,Ethiopia
ARM,2010,20.47827,WHO,Armenia
SYR,2006,,WHO,Syria
PER,2007,,WHO,Peru
BGD,2011,59.94134,WHO,Bangladesh
IRQ,2006,43.93447,WHO,Iraq
PER,2017,17.20194,WHO,Peru
SDN,2010,71.14478,WHO,Sudan
MNG,2010,,WHO,Mongolia
PER,2005,,WHO,Peru
PHL,2013,21.53089,WHO,Philippines
JOR,2012,13.47236,WHO,Jordan
PAK,2012,44.0859,WHO,Pakistan
COG,2014,66.97337,WHO,Congo
TGO,2013,46.86887,WHO,Togo
GMB,2018,30.99498,WHO,Gambia
CMR,2014,64.67462,WHO,Cameroon
MKD,2018,,WHO,North Macedonia
GUY,2019,,WHO,Guyana
COL,2015,9.81012,WHO,Colombia
MRT,2015,36.93252,WHO,Mauritania
TLS,2016,29.5974,WHO,East Timor
BFA,2006,,WHO,Burkina Faso
GMB,2013,37.85274,WHO,Gambia
CIV,2011,42.78642,WHO,Cote d'Ivoire
NAM,2006,60.33773,WHO,Namibia
COG,2011,43.85908,WHO,Congo
STP,2014,26.56325,WHO,Sao Tome and Principe
ETH,2019,71.47224,WHO,Ethiopia
BEN,2001,110.9283,WHO,Benin
LCA,2012,,WHO,Saint Lucia
YEM,2006,58.54819,WHO,Yemen
DOM,2014,29.67033,WHO,Dominican Republic
PER,2018,15.98376,WHO,Peru
MRT,2007,,WHO,Mauritania
ECU,1994,,WHO,Ecuador
IDN,2017,15.24927,WHO,Indonesia
PER,2000,43.01661,WHO,Peru
SEN,2018,42.94649,WHO,Senegal
GNB,2018,39.23878,WHO,Guinea-Bissau
MWI,2006,87.64283,WHO,Malawi
SLE,2013,110.31664,WHO,Sierra Leone
PER,2008,0.19144,WHO,Peru
CIV,2011,85.31567,WHO,Cote d'Ivoire
MWI,2000,71.28119,WHO,Malawi
NIC,1997,18.60831,WHO,Nicaragua
SLE,2008,122.26308,WHO,Sierra Leone
AFG,2015,67.38205,WHO,Afghanistan
VNM,2013,14.21737,WHO,Vietnam
SLV,2002,,WHO,El Salvador
PER,2010,22.16371,WHO,Peru
RWA,2010,61.95306,WHO,Rwanda
GIN,1999,115.67002,WHO,Guinea
ZAF,2016,53.76839,WHO,South Africa
BLZ,2006,,WHO,Belize
MRT,2015,,WHO,Mauritania
BGD,2004,75.11189,WHO,Bangladesh
HTI,2016,58.96039,WHO,Haiti
NGA,2016,48.03911,WHO,Nigeria
BGD,2017,46.04176,WHO,Bangladesh
TJK,2005,,WHO,Tajikistan
MNG,2018,6.5102,WHO,Mongolia
BFA,2010,96.24889,WHO,Burkina Faso
BLR,2012,,WHO,Belarus
MWI,2015,41.92222,WHO,Malawi
HTI,2012,71.74252,WHO,Haiti
DZA,2018,12.62239,WHO,Algeria
KGZ,2014,23.40453,WHO,Kyrgyzstan
COD,2017,17.06569,WHO,Democratic Republic of Congo
IDN,2012,15.67563,WHO,Indonesia
BFA,2003,100.70369,WHO,Burkina Faso
NER,2006,89.82803,WHO,Niger
GMB,2013,52.87756,WHO,Gambia
RWA,2014,41.0906,WHO,Rwanda
MNG,2013,23.70463,WHO,Mongolia
TZA,2015,54.50015,WHO,Tanzania
IND,2015,47.19006,WHO,India
TZA,2015,63.66689,WHO,Tanzania
TON,2019,8.30823,WHO,Tonga
COD,2017,51.12999,WHO,Democratic Republic of Congo
TUR,1998,42.41366,WHO,Turkey
QAT,2012,,WHO,Qatar
SEN,2016,35.89702,WHO,Senegal
JAM,2005,,WHO,Jamaica
COD,2010,,WHO,Democratic Republic of Congo
PRY,1995,,WHO,Paraguay
TCD,1996,111.58392,WHO,Chad
CRI,1992,,WHO,Costa Rica
PRY,1998,,WHO,Paraguay
UZB,1996,39.03844,WHO,Uzbekistan
PER,2019,12.34985,WHO,Peru
IDN,1997,94.50752,WHO,Indonesia
CUB,2006,,WHO,Cuba
IND,2005,70.9118,WHO,India
YEM,2013,26.51066,WHO,Yemen
MNE,2018,,WHO,Montenegro
PRY,2016,18.96065,WHO,Paraguay
MLI,1995,83.9304,WHO,Mali
UKR,2012,,WHO,Ukraine
BOL,2003,82.6192,WHO,Bolivia
TKM,2015,,WHO,Turkmenistan
SLE,2017,56.74728,WHO,Sierra Leone
CMR,1998,83.12067,WHO,Cameroon
SRB,2010,,WHO,Serbia
JAM,2005,,WHO,Jamaica
SLE,2019,55.49693,WHO,Sierra Leone
SEN,2019,,WHO,Senegal
ECU,2004,,WHO,Ecuador
HND,2005,42.51793,WHO,Honduras
GIN,1999,111.78341,WHO,Guinea
SWZ,2014,35.28228,WHO,Eswatini
LBR,2019,59.75851,WHO,Liberia
IND,1998,45.70968,WHO,India
MDV,2009,15.30003,WHO,Maldives
RWA,2014,38.9565,WHO,Rwanda
SLV,2008,,WHO,El Salvador
HND,2005,34.48452,WHO,Honduras
COD,2010,,WHO,Democratic Republic of Congo
NAM,2000,51.44133,WHO,Namibia
ZMB,2018,37.27465,WHO,Zambia
ETH,2016,59.50901,WHO,Ethiopia
NGA,2007,,WHO,Nigeria
KAZ,1999,85.36289,WHO,Kazakhstan
HND,2001,,WHO,Honduras
CAF,1994,103.12924,WHO,Central African Republic
NAM,2006,45.61529,WHO,Namibia
SUR,2010,,WHO,Suriname
STP,2014,23.32724,WHO,Sao Tome and Principe
HND,2011,26.15401,WHO,Honduras
STP,2014,25.17741,WHO,Sao Tome and Principe
TCD,2019,71.66966,WHO,Chad
BGD,1999,52.45771,WHO,Bangladesh
ZWE,2009,46.02761,WHO,Zimbabwe
PER,2000,32.56383,WHO,Peru
YEM,2013,38.01429,WHO,Yemen
GHA,2011,54.74835,WHO,Ghana
MOZ,2008,95.37518,WHO,Mozambique
SLE,2008,133.77637,WHO,Sierra Leone
PRY,1995,,WHO,Paraguay
KHM,2014,43.46257,WHO,Cambodia
GIN,2005,100.46449,WHO,Guinea
PER,2013,0,WHO,Peru
COM,2012,33.98617,WHO,Comoros
STP,2014,27.80253,WHO,Sao Tome and Principe
KEN,2014,42.18958,WHO,Kenya
HTI,1994,82.83566,WHO,Haiti
MRT,2011,44.85455,WHO,Mauritania
KIR,2018,42.03141,WHO,Kiribati
MDG,2008,53.25504,WHO,Madagascar
PAK,2017,67.67588,WHO,Pakistan
UGA,2016,39.20293,WHO,Uganda
MLI,2015,57.75813,WHO,Mali
MDG,2018,40.89451,WHO,Madagascar
CMR,2018,38.22738,WHO,Cameroon
MDG,2008,58.85469,WHO,Madagascar
GTM,1998,53.17183,WHO,Guatemala
GHA,2011,43.66062,WHO,Ghana
ZAF,2016,55.01024,WHO,South Africa
JOR,2002,24.53928,WHO,Jordan
ETH,2019,62.16348,WHO,Ethiopia
TUR,2003,40.60098,WHO,Turkey
LAO,2006,,WHO,Laos
PHL,2013,22.89828,WHO,Philippines
SEN,2010,50.93347,WHO,Senegal
MLI,2018,70.57816,WHO,Mali
GHA,2008,46.25124,WHO,Ghana
HTI,2012,54.15184,WHO,Haiti
GMB,2018,32.86661,WHO,Gambia
CMR,2018,76.59494,WHO,Cameroon
MKD,2011,,WHO,North Macedonia
JOR,2017,17.00053,WHO,Jordan
ZMB,2013,49.25605,WHO,Zambia
MWI,2004,55.24028,WHO,Malawi
NPL,2019,43.63586,WHO,Nepal
CRI,1992,,WHO,Costa Rica
MKD,2005,,WHO,North Macedonia
IDN,1994,,WHO,Indonesia
TKM,2019,23.90348,WHO,Turkmenistan
NPL,2010,,WHO,Nepal
SEN,1997,28.72818,WHO,Senegal
TLS,2009,53.1765,WHO,East Timor
HTI,2012,89.58073,WHO,Haiti
KEN,2008,64.12401,WHO,Kenya
GHA,2008,46.8331,WHO,Ghana
JOR,1997,21.38341,WHO,Jordan
PER,2013,0,WHO,Peru
BGD,1996,56.56877,WHO,Bangladesh
PER,2005,,WHO,Peru
MOZ,2003,142.21443,WHO,Mozambique
LBR,2013,74.3904,WHO,Liberia
COL,1995,29.94743,WHO,Colombia
ARG,2011,,WHO,Argentina
BEN,2001,53.14358,WHO,Benin
COM,1996,83.21313,WHO,Comoros
GHA,1993,29.11028,WHO,Ghana
TUN,2018,12.33976,WHO,Tunisia
TZA,1996,96.79366,WHO,Tanzania
MRT,2011,63.01788,WHO,Mauritania
TZA,2015,56.00511,WHO,Tanzania
CAF,2018,43.82174,WHO,Central African Republic
PHL,2003,29.15537,WHO,Philippines
COL,2005,17.35054,WHO,Colombia
BEN,2011,36.19007,WHO,Benin
TCD,2019,65.617,WHO,Chad
MWI,2019,44.78555,WHO,Malawi
THA,2019,,WHO,Thailand
PAN,2013,,WHO,Panama
IDN,1997,70.74262,WHO,Indonesia
GHA,1998,81.14194,WHO,Ghana
KGZ,2018,,WHO,Kyrgyzstan
TZA,1999,,WHO,Tanzania
ETH,2011,84.06179,WHO,Ethiopia
CMR,1998,74.58743,WHO,Cameroon
TLS,2009,54.48216,WHO,East Timor
JOR,2012,19.58495,WHO,Jordan
CIV,2011,80.42384,WHO,Cote d'Ivoire
IDN,2012,65.85352,WHO,Indonesia
JAM,2005,,WHO,Jamaica
KIR,2018,46.55637,WHO,Kiribati
SEN,1997,86.38843,WHO,Senegal
IDN,2007,42.71445,WHO,Indonesia
BGD,2007,71.06248,WHO,Bangladesh
CRI,2018,,WHO,Costa Rica
UKR,2005,,WHO,Ukraine
MLI,1995,59.61805,WHO,Mali
KAZ,2006,,WHO,Kazakhstan
VNM,2002,13.77745,WHO,Vietnam
MOZ,2008,110.84356,WHO,Mozambique
LAO,2011,74.53239,WHO,Laos
GTM,1995,72.13545,WHO,Guatemala
COM,2012,37.3002,WHO,Comoros
EGY,2005,53.7254,WHO,Egypt
BGD,1999,86.21959,WHO,Bangladesh
DZA,2012,22.20061,WHO,Algeria
THA,2019,,WHO,Thailand
ALB,2005,,WHO,Albania
GMB,2013,46.51611,WHO,Gambia
ARM,2015,7.0176,WHO,Armenia
IND,1998,75.65696,WHO,India
MNG,2010,,WHO,Mongolia
TZA,2010,56.57766,WHO,Tanzania
TUR,1993,49.94345,WHO,Turkey
SYR,2006,,WHO,Syria
SLE,2013,116.90665,WHO,Sierra Leone
GIN,2012,79.27821,WHO,Guinea
IDN,1997,44.92157,WHO,Indonesia
ZWE,2015,40.92144,WHO,Zimbabwe
BOL,2008,24.41589,WHO,Bolivia
PRY,2008,,WHO,Paraguay
BOL,1994,53.42112,WHO,Bolivia
CIV,2016,81.64423,WHO,Cote d'Ivoire
TTO,2011,,WHO,Trinidad and Tobago
KGZ,2012,27.12659,WHO,Kyrgyzstan
COG,2005,77.16937,WHO,Congo
RWA,2019,44.5737,WHO,Rwanda
IDN,2017,39.33453,WHO,Indonesia
PNG,2016,40.60744,WHO,Papua New Guinea
SLE,2013,108.13538,WHO,Sierra Leone
PER,2006,,WHO,Peru
RWA,2014,51.7632,WHO,Rwanda
STP,2014,29.82052,WHO,Sao Tome and Principe
TCD,2010,,WHO,Chad
NPL,2010,,WHO,Nepal
IDN,2012,56.50809,WHO,Indonesia
HND,2005,23.25717,WHO,Honduras
PER,2007,10.53391,WHO,Peru
TZA,1999,107.4594,WHO,Tanzania
NER,2006,105.43039,WHO,Niger
PER,2020,12.44654,WHO,Peru
NGA,2007,,WHO,Nigeria
CRI,2011,,WHO,Costa Rica
SLE,2019,85.10374,WHO,Sierra Leone
MDV,2016,17.50922,WHO,Maldives
KEN,2014,44.05331,WHO,Kenya
MWI,2006,81.35092,WHO,Malawi
TCD,2010,,WHO,Chad
NER,2012,73.20131,WHO,Niger
TTO,2006,,WHO,Trinidad and Tobago
PER,2011,22.54518,WHO,Peru
RWA,2019,35.43022,WHO,Rwanda
LBR,2007,73.48355,WHO,Liberia
GNB,2018,53.97417,WHO,Guinea-Bissau
BEN,2006,93.40776,WHO,Benin
KGZ,2014,39.70377,WHO,Kyrgyzstan
COM,2012,38.35703,WHO,Comoros
COM,1996,108.54945,WHO,Comoros
PER,2006,31.20901,WHO,Peru
NPL,2006,97.19484,WHO,Nepal
IRQ,2006,,WHO,Iraq
CAF,1994,51.98031,WHO,Central African Republic
UGA,2006,87.72659,WHO,Uganda
BEN,2001,77.23313,WHO,Benin
MMR,2015,46.67181,WHO,Myanmar
COM,2012,32.30509,WHO,Comoros
ZWE,2009,54.28474,WHO,Zimbabwe
SRB,2019,,WHO,Serbia
IDN,2002,33.25609,WHO,Indonesia
COL,2000,31.0573,WHO,Colombia
TUR,2013,20.1812,WHO,Turkey
MOZ,2008,95.00679,WHO,Mozambique
IDN,2012,28.56488,WHO,Indonesia
TCD,2014,79.16631,WHO,Chad
GHA,2003,66.04766,WHO,Ghana
PAK,2017,51.49234,WHO,Pakistan
CPV,1998,,WHO,Cape Verde
MWI,2013,43.14357,WHO,Malawi
GMB,2018,49.91957,WHO,Gambia
SLE,2013,100.11829,WHO,Sierra Leone
SEN,2016,26.87045,WHO,Senegal
BGD,1999,63.02761,WHO,Bangladesh
ZWE,1994,53.05028,WHO,Zimbabwe
GAB,2012,30.61823,WHO,Gabon
UZB,2006,,WHO,Uzbekistan
ALB,2008,15.49688,WHO,Albania
DZA,2018,13.20199,WHO,Algeria
GHA,2006,,WHO,Ghana
MDG,2003,64.89165,WHO,Madagascar
GNB,2014,70.56836,WHO,Guinea-Bissau
PRY,2004,,WHO,Paraguay
NGA,2016,66.95224,WHO,Nigeria
BOL,2003,81.39831,WHO,Bolivia
KAZ,1995,46.57104,WHO,Kazakhstan
PER,2004,,WHO,Peru
ZWE,2015,64.26832,WHO,Zimbabwe
MLI,2006,130.93448,WHO,Mali
BEN,1996,97.59853,WHO,Benin
ZMB,1996,105.12652,WHO,Zambia
GEO,2018,,WHO,Georgia
COG,2011,44.8364,WHO,Congo
COL,2010,17.4823,WHO,Colombia
IND,2005,,WHO,India
TUR,1993,25.36497,WHO,Turkey
NPL,2019,15.96939,WHO,Nepal
ECU,1994,,WHO,Ecuador
GMB,2013,41.69514,WHO,Gambia
NGA,2016,39.86152,WHO,Nigeria
NPL,2011,34.5075,WHO,Nepal
COL,1995,16.21327,WHO,Colombia
TKM,2015,25.52922,WHO,Turkmenistan
COL,2015,15.25039,WHO,Colombia
SSD,2010,61.73499,WHO,South Sudan
IND,2015,42.20923,WHO,India
EGY,2014,18.79513,WHO,Egypt
LCA,2012,,WHO,Saint Lucia
TJK,2012,40.21935,WHO,Tajikistan
COM,2012,30.95024,WHO,Comoros
YEM,2006,91.54109,WHO,Yemen
PRY,2008,,WHO,Paraguay
PER,2013,,WHO,Peru
PER,2000,28.4261,WHO,Peru
CUB,2006,,WHO,Cuba
NPL,2011,52.63814,WHO,Nepal
TLS,2009,60.88344,WHO,East Timor
CMR,2018,62.56472,WHO,Cameroon
LSO,2014,68.29716,WHO,Lesotho
DOM,2019,22.98179,WHO,Dominican Republic
MDV,2016,22.75703,WHO,Maldives
TCD,2010,,WHO,Chad
NGA,1999,68.16295,WHO,Nigeria
UGA,2000,89.32684,WHO,Uganda
MLI,2018,48.99685,WHO,Mali
BEN,2006,69.09702,WHO,Benin
RWA,2014,50.58204,WHO,Rwanda
MDA,2005,,WHO,Moldova
CIV,1994,90.09952,WHO,Cote d'Ivoire
TUR,2003,37.14587,WHO,Turkey
LBR,2019,69.45411,WHO,Liberia
SRB,2014,,WHO,Serbia
JOR,1997,25.46918,WHO,Jordan
KAZ,2015,,WHO,Kazakhstan
ZWE,2019,45.95293,WHO,Zimbabwe
TJK,2005,,WHO,Tajikistan
TZA,1996,120.73738,WHO,Tanzania
TUV,2019,,WHO,Tuvalu
GUY,2009,31.99373,WHO,Guyana
JOR,2017,18.69028,WHO,Jordan
KIR,2018,37.10603,WHO,Kiribati
BLZ,2011,,WHO,Belize
PAK,2017,60.30979,WHO,Pakistan
ALB,2002,,WHO,Albania
MDG,2008,33.7657,WHO,Madagascar
PER,2007,,WHO,Peru
NGA,2016,45.74888,WHO,Nigeria
SEN,2010,48.607,WHO,Senegal
COM,1996,67.12732,WHO,Comoros
KEN,2003,74.64046,WHO,Kenya
ZWE,2019,56.53139,WHO,Zimbabwe
UGA,2011,63.27883,WHO,Uganda
UGA,1995,84.5477,WHO,Uganda
ETH,2016,59.72169,WHO,Ethiopia
MWI,2004,89.50818,WHO,Malawi
NPL,2001,84.18964,WHO,Nepal
BFA,2010,83.3052,WHO,Burkina Faso
LSO,2009,,WHO,Lesotho
KAZ,2006,,WHO,Kazakhstan
NAM,2006,43.42248,WHO,Namibia
GHA,1993,45.81405,WHO,Ghana
TKM,2006,,WHO,Turkmenistan
KEN,2003,43.88235,WHO,Kenya
GHA,2014,46.10815,WHO,Ghana
GIN,1999,128.54671,WHO,Guinea
SRB,2014,,WHO,Serbia
NGA,2018,53.30818,WHO,Nigeria
GHA,1993,95.78632,WHO,Ghana
CMR,2018,47.62957,WHO,Cameroon
NAM,2013,53.63834,WHO,Namibia
VNM,2010,,WHO,Vietnam
SLE,2005,,WHO,Sierra Leone
PER,2007,37.89631,WHO,Peru
ECU,1994,,WHO,Ecuador
JOR,2012,0.74218,WHO,Jordan
YEM,2006,50.38891,WHO,Yemen
ETH,2019,59.42678,WHO,Ethiopia
CUB,2019,,WHO,Cuba
SEN,2014,36.74811,WHO,Senegal
MNG,2013,7.79556,WHO,Mongolia
SUR,2010,,WHO,Suriname
TGO,1998,86.37045,WHO,Togo
NGA,2011,,WHO,Nigeria
ZWE,2005,53.15376,WHO,Zimbabwe
JOR,2002,34.41673,WHO,Jordan
LCA,2012,,WHO,Saint Lucia
TZA,2004,91.69168,WHO,Tanzania
ALB,2002,,WHO,Albania
NGA,2018,65.8576,WHO,Nigeria
PER,1996,55.50553,WHO,Peru
PER,2010,13.43622,WHO,Peru
BDI,2005,,WHO,Burundi
TGO,2010,,WHO,Togo
COM,2012,45.63426,WHO,Comoros
MWI,2019,33.83789,WHO,Malawi
MWI,2019,44.15812,WHO,Malawi
GHA,2003,63.98046,WHO,Ghana
SUR,2010,,WHO,Suriname
UKR,2005,,WHO,Ukraine
GTM,1998,44.29475,WHO,Guatemala
KGZ,2012,16.74889,WHO,Kyrgyzstan
PRY,1995,,WHO,Paraguay
KHM,2000,102.78529,WHO,Cambodia
ZWE,2014,82.29636,WHO,Zimbabwe
MDG,2008,54.35633,WHO,Madagascar
HND,2001,,WHO,Honduras
URY,2012,,WHO,Uruguay
IDN,1994,43.06137,WHO,Indonesia
GNB,2006,,WHO,Guinea-Bissau
VUT,2007,,WHO,Vanuatu
MLI,2012,72.5452,WHO,Mali
KEN,1998,79.68918,WHO,Kenya
PER,2004,18.83512,WHO,Peru
ARM,2000,27.27123,WHO,Armenia
CMR,2006,,WHO,Cameroon
PER,2010,9.10606,WHO,Peru
YEM,2013,67.54372,WHO,Yemen
SLE,2013,122.71894,WHO,Sierra Leone
DOM,2019,27.16069,WHO,Dominican Republic
TUV,2019,,WHO,Tuvalu
GHA,2008,36.33038,WHO,Ghana
MWI,2004,97.11594,WHO,Malawi
PER,2000,51.63948,WHO,Peru
NAM,2000,45.47678,WHO,Namibia
BEN,2014,40.62721,WHO,Benin
PER,2004,24.09158,WHO,Peru
JAM,2005,,WHO,Jamaica
PHL,2008,17.08129,WHO,Philippines
NPL,2001,80.16225,WHO,Nepal
SOM,2006,89.1935,WHO,Somalia
BGD,2019,37.52653,WHO,Bangladesh
CAF,2018,59.255,WHO,Central African Republic
SLV,2014,14.46786,WHO,El Salvador
MLI,2006,125.89613,WHO,Mali
CRI,1992,,WHO,Costa Rica
SRB,2019,,WHO,Serbia
MOZ,1997,123.40578,WHO,Mozambique
GIN,2016,31.80735,WHO,Guinea
KEN,1993,45.52493,WHO,Kenya
PER,2014,17.64542,WHO,Peru
ZWE,1999,51.47085,WHO,Zimbabwe
PER,2018,15.62241,WHO,Peru
BDI,2016,33.89706,WHO,Burundi
PER,2020,18.39458,WHO,Peru
SEN,2005,98.60925,WHO,Senegal
JOR,1997,34.54098,WHO,Jordan
THA,2005,,WHO,Thailand
NER,2006,99.47519,WHO,Niger
UGA,2000,102.90989,WHO,Uganda
MLI,2018,64.31526,WHO,Mali
JOR,2017,16.05177,WHO,Jordan
BGD,2007,66.58537,WHO,Bangladesh
BFA,2010,66.84788,WHO,Burkina Faso
JOR,2012,32.18838,WHO,Jordan
ARM,2000,42.93748,WHO,Armenia
BDI,2016,30.02986,WHO,Burundi
ETH,2005,82.29755,WHO,Ethiopia
MDA,1997,,WHO,Moldova
MLI,2009,,WHO,Mali
UGA,2011,65.73582,WHO,Uganda
SLV,1993,,WHO,El Salvador
ALB,2005,,WHO,Albania
DOM,2007,41.19227,WHO,Dominican Republic
NGA,2011,,WHO,Nigeria
BGD,2006,,WHO,Bangladesh
BOL,1994,98.24403,WHO,Bolivia
MNG,2010,,WHO,Mongolia
GEO,2018,,WHO,Georgia
KHM,2000,61.5081,WHO,Cambodia
ZAF,1998,21.04266,WHO,South Africa
TTO,2006,,WHO,Trinidad and Tobago
BGD,2011,53.36639,WHO,Bangladesh
BFA,2006,,WHO,Burkina Faso
MOZ,2008,131.99202,WHO,Mozambique
TJK,2017,47.28336,WHO,Tajikistan
PER,2017,22.29321,WHO,Peru
GNB,2006,,WHO,Guinea-Bissau
CUB,2014,,WHO,Cuba
SEN,2014,50.38522,WHO,Senegal
MLI,2015,58.40008,WHO,Mali
ZAF,2016,38.02336,WHO,South Africa
NGA,2018,41.47415,WHO,Nigeria
PER,2013,,WHO,Peru
ZWE,2019,56.16403,WHO,Zimbabwe
SEN,2005,44.40461,WHO,Senegal
RWA,2019,27.7324,WHO,Rwanda
GIN,1999,78.42677,WHO,Guinea
SEN,2017,46.86025,WHO,Senegal
BLR,2019,,WHO,Belarus
DOM,2013,20.56327,WHO,Dominican Republic
KAZ,2010,,WHO,Kazakhstan
PER,2004,,WHO,Peru
KGZ,2014,22.72865,WHO,Kyrgyzstan
SDN,2010,58.36423,WHO,Sudan
MDA,2012,,WHO,Moldova
PHL,2013,36.58307,WHO,Philippines
SLV,2002,,WHO,El Salvador
PRY,2004,,WHO,Paraguay
BOL,2008,44.45528,WHO,Bolivia
PER,2009,22.67545,WHO,Peru
JOR,2017,9.7552,WHO,Jordan
NIC,2006,,WHO,Nicaragua
DOM,2007,25.87352,WHO,Dominican Republic
PER,2007,,WHO,Peru
SLE,2013,127.02351,WHO,Sierra Leone
ECU,1994,,WHO,Ecuador
PER,2006,,WHO,Peru
IND,2015,21.16135,WHO,India
BDI,2016,46.36657,WHO,Burundi
HND,1991,,WHO,Honduras
LSO,2004,76.19987,WHO,Lesotho
COG,2005,86.01234,WHO,Congo
BLZ,2015,15.23713,WHO,Belize
GIN,2018,53.84185,WHO,Guinea
BEN,1996,81.20744,WHO,Benin
GHA,1998,70.73239,WHO,Ghana
NER,2012,60.15808,WHO,Niger
BGD,2019,35.91696,WHO,Bangladesh
SLV,2002,,WHO,El Salvador
TGO,2013,55.80123,WHO,Togo
ZWE,1999,38.83486,WHO,Zimbabwe
BIH,2011,,WHO,Bosnia and Herzegovina
SEN,2015,55.34472,WHO,Senegal
STP,2008,51.03427,WHO,Sao Tome and Principe
NIC,2006,,WHO,Nicaragua
KHM,2000,,WHO,Cambodia
CIV,1994,88.91675,WHO,Cote d'Ivoire
HTI,2016,66.48513,WHO,Haiti
MOZ,2008,80.61007,WHO,Mozambique
ZMB,2013,54.92308,WHO,Zambia
KAZ,1995,35.10659,WHO,Kazakhstan
SEN,2018,47.83297,WHO,Senegal
CAF,1994,132.34543,WHO,Central African Republic
UGA,2000,54.51972,WHO,Uganda
SOM,2006,95.73096,WHO,Somalia
PER,2015,0,WHO,Peru
TUN,2011,16.54822,WHO,Tunisia
TKM,2019,24.48924,WHO,Turkmenistan
LSO,2004,74.21412,WHO,Lesotho
PHL,2003,43.55342,WHO,Philippines
KHM,2000,111.19638,WHO,Cambodia
JOR,2002,26.63718,WHO,Jordan
GHA,1993,89.77122,WHO,Ghana
NGA,2016,64.94318,WHO,Nigeria
GTM,2008,,WHO,Guatemala
CIV,2006,,WHO,Cote d'Ivoire
NGA,2018,70.05201,WHO,Nigeria
NAM,2013,44.98728,WHO,Namibia
BGD,2012,,WHO,Bangladesh
SLE,2019,85.88815,WHO,Sierra Leone
ETH,2005,,WHO,Ethiopia
VNM,2010,,WHO,Vietnam
PER,1996,50.40877,WHO,Peru
NGA,2007,,WHO,Nigeria
GAB,2000,35.91649,WHO,Gabon
TCD,2004,119.88328,WHO,Chad
SEN,2016,52.97869,WHO,Senegal
SYR,2006,,WHO,Syria
COM,2012,47.70998,WHO,Comoros
VNM,1997,16.91717,WHO,Vietnam
MLI,2012,50.16175,WHO,Mali
THA,2019,,WHO,Thailand
NGA,2003,40.12797,WHO,Nigeria
EGY,2014,31.80352,WHO,Egypt
PRY,2004,,WHO,Paraguay
GUY,2009,41.45395,WHO,Guyana
SLV,1998,,WHO,El Salvador
SLE,2019,68.32812,WHO,Sierra Leone
PER,2010,8.65983,WHO,Peru
PER,2012,11.3177,WHO,Peru
PAN,2013,,WHO,Panama
TTO,2011,,WHO,Trinidad and Tobago
HTI,2016,52.74243,WHO,Haiti
RWA,2005,89.63866,WHO,Rwanda
TON,2019,,WHO,Tonga
TUR,2003,36.36224,WHO,Turkey
DOM,2014,22.56438,WHO,Dominican Republic
SDN,2014,53.80966,WHO,Sudan
KAZ,2010,,WHO,Kazakhstan
MWI,2004,82.15637,WHO,Malawi
MLI,2018,65.05807,WHO,Mali
BRB,2012,,WHO,Barbados
TGO,2010,,WHO,Togo
MRT,2015,40.28247,WHO,Mauritania
NER,1998,173.7318,WHO,Niger
SLV,1998,,WHO,El Salvador
MDG,2018,45.05065,WHO,Madagascar
CMR,1998,103.15957,WHO,Cameroon
MNE,2005,,WHO,Montenegro
KIR,2018,37.10603,WHO,Kiribati
PHL,2017,9.14902,WHO,Philippines
PER,2009,35.10396,WHO,Peru
GNB,2006,,WHO,Guinea-Bissau
NPL,2010,,WHO,Nepal
SEN,2012,50.29006,WHO,Senegal
TUN,2018,20.90797,WHO,Tunisia
DOM,2007,33.30072,WHO,Dominican Republic
GNB,2018,11.07076,WHO,Guinea-Bissau
KAZ,2010,,WHO,Kazakhstan
TKM,2006,,WHO,Turkmenistan
KHM,2005,84.4996,WHO,Cambodia
ARG,2011,,WHO,Argentina
KEN,2003,53.05927,WHO,Kenya
MNG,2018,12.73351,WHO,Mongolia
BFA,1998,130.02292,WHO,Burkina Faso
MDG,2018,27.22972,WHO,Madagascar
BEN,2011,47.6458,WHO,Benin
TKM,2019,36.4492,WHO,Turkmenistan
ARM,2000,45.88285,WHO,Armenia
NAM,2013,36.85188,WHO,Namibia
CMR,1998,77.90126,WHO,Cameroon
BGD,2007,66.80724,WHO,Bangladesh
TZA,2004,89.41827,WHO,Tanzania
UKR,1999,,WHO,Ukraine
NPL,2014,47.85152,WHO,Nepal
PER,2006,,WHO,Peru
LBR,2007,77.74143,WHO,Liberia
BLR,2005,,WHO,Belarus
IDN,1997,,WHO,Indonesia
GNB,2018,37.96986,WHO,Guinea-Bissau
PER,2013,17.96339,WHO,Peru
SLV,1993,,WHO,El Salvador
ZMB,2013,42.71892,WHO,Zambia
IDN,2007,,WHO,Indonesia
SUR,2006,,WHO,Suriname
DOM,2014,27.16174,WHO,Dominican Republic
HTI,2016,54.46206,WHO,Haiti
DOM,2007,35.25148,WHO,Dominican Republic
KHM,2010,81.32059,WHO,Cambodia
RWA,2019,33.89755,WHO,Rwanda
PER,2005,,WHO,Peru
UKR,2012,,WHO,Ukraine
CIV,1994,93.00057,WHO,Cote d'Ivoire
KEN,1993,44.38493,WHO,Kenya
PAK,2006,93.99412,WHO,Pakistan
ZWE,1999,60.63275,WHO,Zimbabwe
EGY,1995,104.44683,WHO,Egypt
NER,2012,61.96726,WHO,Niger
HTI,2000,104.85786,WHO,Haiti
MWI,2006,62.8538,WHO,Malawi
UGA,2000,106.49355,WHO,Uganda
HND,2019,14.84892,WHO,Honduras
PAN,2013,,WHO,Panama
VNM,2010,,WHO,Vietnam
UZB,2006,,WHO,Uzbekistan
HND,1991,,WHO,Honduras
QAT,2012,,WHO,Qatar
ARM,2005,31.46357,WHO,Armenia
COD,2010,,WHO,Democratic Republic of Congo
CIV,2011,79.84666,WHO,Cote d'Ivoire
NGA,2016,46.87199,WHO,Nigeria
PER,2008,21.21236,WHO,Peru
UZB,1996,48.11483,WHO,Uzbekistan
TTO,2011,,WHO,Trinidad and Tobago
LAO,2017,49.71586,WHO,Laos
NGA,2011,,WHO,Nigeria
SEN,2005,65.31533,WHO,Senegal
ZWE,2005,45.48183,WHO,Zimbabwe
MDG,2008,71.7867,WHO,Madagascar
PER,2017,14.5886,WHO,Peru
KGZ,2005,,WHO,Kyrgyzstan
IDN,2007,46.19993,WHO,Indonesia
PER,2011,19.07563,WHO,Peru
MRT,2007,,WHO,Mauritania
TGO,1998,88.29113,WHO,Togo
JAM,2005,,WHO,Jamaica
IDN,1994,58.4034,WHO,Indonesia
CMR,2014,54.97659,WHO,Cameroon
NPL,2011,48.76622,WHO,Nepal
ZMB,1996,126.65841,WHO,Zambia
MDV,2016,22.75703,WHO,Maldives
TGO,2013,53.79074,WHO,Togo
TKM,2019,30.30151,WHO,Turkmenistan
GIN,2012,48.63828,WHO,Guinea
PER,2016,,WHO,Peru
PER,2014,10.94618,WHO,Peru
MRT,2007,,WHO,Mauritania
TUR,2013,20.55366,WHO,Turkey
DOM,2014,33.49283,WHO,Dominican Republic
BFA,2006,,WHO,Burkina Faso
KAZ,2010,,WHO,Kazakhstan
MRT,2007,,WHO,Mauritania
YEM,2006,78.80352,WHO,Yemen
MKD,2018,,WHO,North Macedonia
BLR,2019,,WHO,Belarus
KEN,2014,38.04004,WHO,Kenya
BGD,2004,66.3951,WHO,Bangladesh
BFA,1998,107.79134,WHO,Burkina Faso
KEN,2008,71.08847,WHO,Kenya
PHL,2017,25.83435,WHO,Philippines
GMB,2019,58.55901,WHO,Gambia
DJI,2006,,WHO,Djibouti
NIC,1997,29.20409,WHO,Nicaragua
PER,2005,43.26276,WHO,Peru
CUB,2019,,WHO,Cuba
NPL,2010,,WHO,Nepal
HND,2001,,WHO,Honduras
PER,2019,21.61207,WHO,Peru
PHL,2013,12.55346,WHO,Philippines
KHM,2000,100.8805,WHO,Cambodia
BOL,1998,93.28422,WHO,Bolivia
ZMB,2013,43.88927,WHO,Zambia
IND,2005,51.28999,WHO,India
PER,2015,22.76446,WHO,Peru
SEN,2005,52.73505,WHO,Senegal
THA,2012,,WHO,Thailand
ZWE,2009,66.06924,WHO,Zimbabwe
KEN,2014,37.27953,WHO,Kenya
KHM,2005,89.52131,WHO,Cambodia
TZA,2015,73.48383,WHO,Tanzania
IRQ,2018,18.92534,WHO,Iraq
CPV,1998,,WHO,Cape Verde
COL,1995,33.44313,WHO,Colombia
COL,1995,40.77595,WHO,Colombia
HTI,2016,40.30536,WHO,Haiti
TON,2019,12.24394,WHO,Tonga
ZWE,2019,55.52319,WHO,Zimbabwe
TZA,2015,44.77274,WHO,Tanzania
GHA,2017,55.32619,WHO,Ghana
LAO,2017,20.99924,WHO,Laos
MWI,2004,97.5369,WHO,Malawi
TGO,1998,87.40313,WHO,Togo
NAM,2013,37.89896,WHO,Namibia
SLV,1998,,WHO,El Salvador
SRB,2014,,WHO,Serbia
VNM,2002,13.92284,WHO,Vietnam
TGO,2017,42.84419,WHO,Togo
PAK,2017,,WHO,Pakistan
MNG,2018,12.34138,WHO,Mongolia
PER,2010,16.67979,WHO,Peru
PER,2009,,WHO,Peru
SEN,2015,35.27964,WHO,Senegal
UGA,2016,60.8596,WHO,Uganda
SUR,2010,,WHO,Suriname
UGA,2016,49.01186,WHO,Uganda
EGY,1995,72.46163,WHO,Egypt
EGY,1995,76.11729,WHO,Egypt
BOL,2008,55.15598,WHO,Bolivia
SEN,2019,56.23808,WHO,Senegal
SLE,2005,,WHO,Sierra Leone
SEN,2012,40.60203,WHO,Senegal
GIN,1999,113.47646,WHO,Guinea
PER,1996,53.5799,WHO,Peru
MNG,2018,21.1264,WHO,Mongolia
BDI,2016,71.85107,WHO,Burundi
SSD,2010,75.42818,WHO,South Sudan
BLR,2019,,WHO,Belarus
BDI,2005,,WHO,Burundi
PRY,2016,0.02421,WHO,Paraguay
NAM,2013,47.96885,WHO,Namibia
LAO,2011,85.51478,WHO,Laos
TJK,2012,40.57409,WHO,Tajikistan
BEN,2017,75.58672,WHO,Benin
SUR,2006,,WHO,Suriname
LSO,2018,69.55476,WHO,Lesotho
TUR,1993,66.01401,WHO,Turkey
ARG,2019,,WHO,Argentina
PRY,1995,,WHO,Paraguay
MOZ,2015,22.96883,WHO,Mozambique
LBR,2019,67.18182,WHO,Liberia
PHL,1993,46.50142,WHO,Philippines
BLR,2012,,WHO,Belarus
AFG,2015,35.02188,WHO,Afghanistan
COL,2005,32.04226,WHO,Colombia
DOM,2007,33.05437,WHO,Dominican Republic
GTM,2014,17.44076,WHO,Guatemala
YEM,2013,49.30008,WHO,Yemen
UKR,2005,,WHO,Ukraine
MAR,2003,23.25109,WHO,Morocco
THA,2019,,WHO,Thailand
PER,2016,15.70731,WHO,Peru
SEN,2010,63.24688,WHO,Senegal
UKR,2005,,WHO,Ukraine
SLV,2014,0.01414,WHO,El Salvador
HTI,2005,75.36138,WHO,Haiti
GNB,2006,,WHO,Guinea-Bissau
MMR,2015,77.78799,WHO,Myanmar
SDN,2014,33.64752,WHO,Sudan
PRY,1998,,WHO,Paraguay
DOM,1999,,WHO,Dominican Republic
BEN,2006,78.83648,WHO,Benin
PHL,2017,37.73097,WHO,Philippines
PER,2009,33.62424,WHO,Peru
PER,2014,25.74262,WHO,Peru
KEN,2014,38.35729,WHO,Kenya
BGD,1993,107.26765,WHO,Bangladesh
JOR,2002,27.0873,WHO,Jordan
VUT,2007,,WHO,Vanuatu
MNE,2018,,WHO,Montenegro
KHM,2005,96.63847,WHO,Cambodia
MOZ,2008,114.26583,WHO,Mozambique
BFA,2010,67.19624,WHO,Burkina Faso
ETH,2000,119.05415,WHO,Ethiopia
VNM,2006,,WHO,Vietnam
GIN,2018,71.56635,WHO,Guinea
STP,2014,33.45219,WHO,Sao Tome and Principe
SUR,2018,6.23557,WHO,Suriname
BGD,2006,,WHO,Bangladesh
PER,2013,25.98313,WHO,Peru
LAO,2017,60.37613,WHO,Laos
IDN,2007,41.50735,WHO,Indonesia
HND,2019,15.95585,WHO,Honduras
MWI,2000,127.70781,WHO,Malawi
NGA,2011,,WHO,Nigeria
PER,2012,26.45534,WHO,Peru
KEN,1993,52.65755,WHO,Kenya
NGA,2018,76.69068,WHO,Nigeria
SLE,2010,,WHO,Sierra Leone
LAO,2017,46.50347,WHO,Laos
SWZ,2010,71.01745,WHO,Eswatini
ZWE,2019,32.92519,WHO,Zimbabwe
GHA,1993,71.8508,WHO,Ghana
BLZ,2011,,WHO,Belize
ECU,1994,,WHO,Ecuador
HTI,2005,45.01926,WHO,Haiti
SOM,2006,67.55716,WHO,Somalia
SLV,2014,26.23471,WHO,El Salvador
COD,2017,34.38688,WHO,Democratic Republic of Congo
CMR,2018,59.9179,WHO,Cameroon
SLE,2008,113.6945,WHO,Sierra Leone
THA,2019,,WHO,Thailand
BRA,1996,65.30154,WHO,Brazil
KAZ,1999,,WHO,Kazakhstan
RWA,2000,119.32906,WHO,Rwanda
SWZ,2010,57.29181,WHO,Eswatini
KAZ,2006,,WHO,Kazakhstan
JOR,2017,20.688,WHO,Jordan
PER,2013,15.81687,WHO,Peru
KAZ,1995,,WHO,Kazakhstan
ARM,2005,23.97772,WHO,Armenia
BGD,2004,74.58894,WHO,Bangladesh
SEN,2012,44.01517,WHO,Senegal
KGZ,2014,18.97161,WHO,Kyrgyzstan
MNE,2005,,WHO,Montenegro
LBR,2019,82.53236,WHO,Liberia
PER,2016,12.06074,WHO,Peru
BFA,2003,69.20027,WHO,Burkina Faso
GAB,2012,27.32155,WHO,Gabon
BGD,2011,45.91479,WHO,Bangladesh
MKD,2011,,WHO,North Macedonia
BLZ,2015,11.14754,WHO,Belize
KEN,1993,63.48883,WHO,Kenya
GEO,2005,,WHO,Georgia
GAB,2012,39.84607,WHO,Gabon
NGA,2003,125.49342,WHO,Nigeria
ECU,1999,,WHO,Ecuador
ECU,1999,,WHO,Ecuador
SEN,2017,27.26345,WHO,Senegal
UZB,2006,,WHO,Uzbekistan
UKR,2007,,WHO,Ukraine
KEN,1998,40.24213,WHO,Kenya
PER,2007,,WHO,Peru
JAM,2005,,WHO,Jamaica
JAM,2005,,WHO,Jamaica
KAZ,1995,43.60534,WHO,Kazakhstan
PER,2019,18.07842,WHO,Peru
MDG,2003,42.84833,WHO,Madagascar
ZWE,2014,53.71522,WHO,Zimbabwe
GMB,2010,,WHO,Gambia
IRQ,2006,35.50892,WHO,Iraq
IDN,2012,25.00075,WHO,Indonesia
ZAF,1998,16.97081,WHO,South Africa
DOM,1996,52.28698,WHO,Dominican Republic
STP,2008,31.00505,WHO,Sao Tome and Principe
NIC,2006,,WHO,Nicaragua
PHL,1998,23.65328,WHO,Philippines
NPL,2010,,WHO,Nepal
MDG,2003,75.12813,WHO,Madagascar
MOZ,1997,104.43313,WHO,Mozambique
NGA,2008,80.51286,WHO,Nigeria
ZMB,2001,92.495,WHO,Zambia
BGD,2012,,WHO,Bangladesh
CAF,2006,,WHO,Central African Republic
PER,2015,23.75485,WHO,Peru
TZA,1999,113.4483,WHO,Tanzania
MDA,2012,9.17831,WHO,Moldova
LSO,2009,70.99152,WHO,Lesotho
MRT,2007,,WHO,Mauritania
KGZ,2014,14.11693,WHO,Kyrgyzstan
BFA,2010,97.9058,WHO,Burkina Faso
TCD,2019,101.62874,WHO,Chad
VUT,2007,,WHO,Vanuatu
PER,2020,,WHO,Peru
TKM,2015,,WHO,Turkmenistan
MWI,2000,97.58503,WHO,Malawi
PER,2011,31.17231,WHO,Peru
JAM,2011,,WHO,Jamaica
RWA,2014,38.07198,WHO,Rwanda
PHL,2013,25.51726,WHO,Philippines
IND,1998,83.55608,WHO,India
COD,2007,60.4194,WHO,Democratic Republic of Congo
TZA,2015,,WHO,Tanzania
ZMB,2018,41.99945,WHO,Zambia
COD,2007,103.11091,WHO,Democratic Republic of Congo
NAM,2006,65.18579,WHO,Namibia
COL,2005,17.92763,WHO,Colombia
IDN,2002,30.47641,WHO,Indonesia
MKD,2005,,WHO,North Macedonia
TUR,1993,64.32335,WHO,Turkey
NER,1998,124.42486,WHO,Niger
GEO,2018,,WHO,Georgia
MEX,2015,,WHO,Mexico
LAO,2017,47.98202,WHO,Laos
AZE,2006,58.45361,WHO,Azerbaijan
DOM,1999,38.82199,WHO,Dominican Republic
BLZ,2011,,WHO,Belize
COL,2000,20.13898,WHO,Colombia
IDN,1997,37.37297,WHO,Indonesia
KGZ,2005,,WHO,Kyrgyzstan
ECU,2004,,WHO,Ecuador
TCD,2014,73.64654,WHO,Chad
EGY,2005,45.09585,WHO,Egypt
PER,2007,2.40909,WHO,Peru
CAF,2006,,WHO,Central African Republic
ARM,2010,,WHO,Armenia
ECU,2004,,WHO,Ecuador
NPL,2006,60.89754,WHO,Nepal
NGA,2016,77.9794,WHO,Nigeria
QAT,2012,,WHO,Qatar
TUR,1998,37.54836,WHO,Turkey
PER,2015,7.74371,WHO,Peru
TZA,2015,45.31082,WHO,Tanzania
LSO,2004,,WHO,Lesotho
BTN,2010,,WHO,Bhutan
ETH,2005,37.03109,WHO,Ethiopia
PER,1996,37.40716,WHO,Peru
BGD,2004,73.28728,WHO,Bangladesh
UZB,1996,45.01805,WHO,Uzbekistan
TUR,1998,29.78865,WHO,Turkey
PER,2016,28.20458,WHO,Peru
TZA,2015,43.36874,WHO,Tanzania
MNG,2010,,WHO,Mongolia
KHM,2005,95.62783,WHO,Cambodia
MOZ,1997,107.37521,WHO,Mozambique
VNM,1997,45.36898,WHO,Vietnam
HTI,2016,59.82601,WHO,Haiti
MWI,2006,84.11562,WHO,Malawi
ARM,2005,28.86431,WHO,Armenia
PER,2014,,WHO,Peru
PER,2004,39.15403,WHO,Peru
PER,2007,,WHO,Peru
DOM,2002,24.60281,WHO,Dominican Republic
MEX,2015,,WHO,Mexico
SWZ,2014,81.05394,WHO,Eswatini
RWA,2000,127.68176,WHO,Rwanda
HTI,2005,59.40041,WHO,Haiti
KAZ,1999,53.91271,WHO,Kazakhstan
TON,2019,6.01807,WHO,Tonga
SWZ,2006,78.00917,WHO,Eswatini
IND,1998,62.7795,WHO,India
SDN,2010,64.35417,WHO,Sudan
JAM,2005,,WHO,Jamaica
ALB,2008,8.62192,WHO,Albania
COG,2014,0.03266,WHO,Congo
HND,1996,,WHO,Honduras
GHA,2008,36.94099,WHO,Ghana
ZWE,1994,54.92055,WHO,Zimbabwe
MNG,2018,22.74962,WHO,Mongolia
CAF,2006,,WHO,Central African Republic
TLS,2016,12.73435,WHO,East Timor
MKD,2005,,WHO,North Macedonia
KAZ,2006,,WHO,Kazakhstan
BFA,2003,84.6574,WHO,Burkina Faso
NPL,1996,53.43512,WHO,Nepal
PRY,2004,,WHO,Paraguay
PRY,2008,,WHO,Paraguay
PAK,2017,35.36203,WHO,Pakistan
GMB,2010,,WHO,Gambia
BGD,2007,59.83984,WHO,Bangladesh
NPL,2006,61.22548,WHO,Nepal
BRB,2012,,WHO,Barbados
CIV,2011,51.80314,WHO,Cote d'Ivoire
UKR,2005,,WHO,Ukraine
MWI,2000,65.43443,WHO,Malawi
ETH,2019,74.15185,WHO,Ethiopia
CIV,2016,81.7627,WHO,Cote d'Ivoire
GTM,2008,,WHO,Guatemala
SLV,2008,,WHO,El Salvador
TZA,1996,117.22865,WHO,Tanzania
LBR,2007,95.43007,WHO,Liberia
PER,2016,9.11043,WHO,Peru
PRY,1995,,WHO,Paraguay
CIV,2011,65.59854,WHO,Cote d'Ivoire
DZA,2012,23.58751,WHO,Algeria
GUY,2006,,WHO,Guyana
CMR,2011,74.36833,WHO,Cameroon
TUN,2011,11.04838,WHO,Tunisia
TCD,2019,86.7016,WHO,Chad
GHA,2017,45.83431,WHO,Ghana
KGZ,2012,27.56477,WHO,Kyrgyzstan
KEN,2003,66.98426,WHO,Kenya
ETH,2000,124.39117,WHO,Ethiopia
KGZ,2014,41.80555,WHO,Kyrgyzstan
MKD,2011,,WHO,North Macedonia
GHA,2014,44.38978,WHO,Ghana
SEN,2015,31.75902,WHO,Senegal
JAM,2005,,WHO,Jamaica
JOR,2002,26.1304,WHO,Jordan
UGA,2011,87.98937,WHO,Uganda
TKM,2015,27.35054,WHO,Turkmenistan
PHL,2017,8.39487,WHO,Philippines
PHL,2003,25.79781,WHO,Philippines
ETH,2005,62.5003,WHO,Ethiopia
MOZ,2008,101.3086,WHO,Mozambique
CRI,2011,,WHO,Costa Rica
GTM,2008,,WHO,Guatemala
BTN,2010,,WHO,Bhutan
IDN,2017,20.28327,WHO,Indonesia
BEN,2014,83.11797,WHO,Benin
VNM,2006,,WHO,Vietnam
GEO,2005,,WHO,Georgia
PER,2010,28.18937,WHO,Peru
ARG,2011,,WHO,Argentina
CIV,2016,47.5135,WHO,Cote d'Ivoire
NPL,2010,,WHO,Nepal
PER,2015,31.83994,WHO,Peru
MOZ,1997,187.66272,WHO,Mozambique
GUY,2019,,WHO,Guyana
TCD,2010,,WHO,Chad
IDN,1997,23.39572,WHO,Indonesia
GHA,2003,69.49759,WHO,Ghana
CRI,2018,,WHO,Costa Rica
TCD,2014,88.99709,WHO,Chad
GEO,2005,,WHO,Georgia
AGO,2015,42.95509,WHO,Angola
PAK,2017,73.74789,WHO,Pakistan
TGO,2017,46.26333,WHO,Togo
DOM,2007,34.53684,WHO,Dominican Republic
HTI,2012,72.89441,WHO,Haiti
NPL,2016,42.17982,WHO,Nepal
GTM,2002,,WHO,Guatemala
THA,2019,,WHO,Thailand
NPL,2016,42.83622,WHO,Nepal
CMR,2006,,WHO,Cameroon
ETH,2000,115.1511,WHO,Ethiopia
ZMB,2007,79.74187,WHO,Zambia
ALB,2017,0,WHO,Albania
SEN,2015,32.15161,WHO,Senegal
ZWE,2015,43.84224,WHO,Zimbabwe
YEM,2006,21.71202,WHO,Yemen
SWZ,2014,61.95592,WHO,Eswatini
COD,2010,,WHO,Democratic Republic of Congo
GIN,2018,34.66903,WHO,Guinea
BGD,2014,49.77295,WHO,Bangladesh
HND,2011,17.20914,WHO,Honduras
SDN,2010,53.13972,WHO,Sudan
ECU,1994,,WHO,Ecuador
SEN,2019,29.62984,WHO,Senegal
CIV,2016,64.89974,WHO,Cote d'Ivoire
IND,2015,23.65481,WHO,India
NIC,1997,32.74943,WHO,Nicaragua
GTM,2014,37.54736,WHO,Guatemala
UKR,2012,,WHO,Ukraine
THA,2015,,WHO,Thailand
QAT,2012,,WHO,Qatar
NPL,2010,,WHO,Nepal
NPL,2006,63.7631,WHO,Nepal
PER,2015,0,WHO,Peru
TZA,1999,,WHO,Tanzania
IDN,2012,29.48554,WHO,Indonesia
MLI,2012,53.53596,WHO,Mali
ETH,2000,113.37479,WHO,Ethiopia
TZA,2015,56.4167,WHO,Tanzania
NIC,1997,62.12416,WHO,Nicaragua
GTM,2014,18.9931,WHO,Guatemala
LCA,2012,,WHO,Saint Lucia
SRB,2019,,WHO,Serbia
TCD,2010,,WHO,Chad
BTN,2010,,WHO,Bhutan
PRY,2008,,WHO,Paraguay
DOM,2002,33.20908,WHO,Dominican Republic
ETH,2016,61.64149,WHO,Ethiopia
KHM,2005,92.29144,WHO,Cambodia
SDN,2014,43.51818,WHO,Sudan
HTI,2000,99.79467,WHO,Haiti
UGA,1995,79.50205,WHO,Uganda
PHL,2008,32.48561,WHO,Philippines
ETH,2011,70.71175,WHO,Ethiopia
SRB,2014,,WHO,Serbia
HND,1991,,WHO,Honduras
TKM,2019,25.06751,WHO,Turkmenistan
ARM,2010,8.24288,WHO,Armenia
MWI,2010,93.97623,WHO,Malawi
SLV,1993,,WHO,El Salvador
ETH,2000,140.55844,WHO,Ethiopia
MWI,2019,50.55334,WHO,Malawi
KEN,2003,85.11565,WHO,Kenya
HND,2001,,WHO,Honduras
SEN,2014,41.3806,WHO,Senegal
HND,1991,,WHO,Honduras
MKD,2018,,WHO,North Macedonia
MLI,2001,131.92818,WHO,Mali
GAB,2000,35.08752,WHO,Gabon
GUY,2006,,WHO,Guyana
NPL,2006,45.4238,WHO,Nepal
NPL,2016,29.42195,WHO,Nepal
CRI,2011,,WHO,Costa Rica
SRB,2005,,WHO,Serbia
MDV,2016,37.20155,WHO,Maldives
NIC,2001,31.67509,WHO,Nicaragua
MLI,2018,42.54661,WHO,Mali
IDN,2017,32.70013,WHO,Indonesia
MMR,2015,48.42978,WHO,Myanmar
MDG,1997,72.90835,WHO,Madagascar
SLV,2008,,WHO,El Salvador
TCD,2019,52.57252,WHO,Chad
NIC,1997,42.738,WHO,Nicaragua
GMB,2019,38.18034,WHO,Gambia
GHA,2006,,WHO,Ghana
SEN,2019,24.31713,WHO,Senegal
MRT,2015,20.3371,WHO,Mauritania
PER,2005,15.18647,WHO,Peru
IND,1998,45.52792,WHO,India
MWI,2013,60.05526,WHO,Malawi
BRB,2012,,WHO,Barbados
LCA,2012,,WHO,Saint Lucia
PRY,2004,,WHO,Paraguay
TJK,2017,10.44263,WHO,Tajikistan
CIV,2011,89.95856,WHO,Cote d'Ivoire
PNG,2016,47.00027,WHO,Papua New Guinea
UGA,2011,67.85902,WHO,Uganda
NGA,2018,76.52536,WHO,Nigeria
NGA,2016,65.26624,WHO,Nigeria
SUR,2018,12.96192,WHO,Suriname
ZWE,2005,58.92426,WHO,Zimbabwe
PER,2005,,WHO,Peru
PER,2017,8.53746,WHO,Peru
PER,2015,0,WHO,Peru
TCD,2010,,WHO,Chad
ZMB,1996,138.44736,WHO,Zambia
MDG,2008,71.95903,WHO,Madagascar
AFG,2015,48.86304,WHO,Afghanistan
GTM,2002,,WHO,Guatemala
DOM,2014,33.2698,WHO,Dominican Republic
PER,2013,21.82923,WHO,Peru
AZE,2006,63.41322,WHO,Azerbaijan
TCD,2019,88.64236,WHO,Chad
SYR,2006,,WHO,Syria
PAK,2012,87.70277,WHO,Pakistan
HND,2001,,WHO,Honduras
KEN,1993,52.7828,WHO,Kenya
TCD,2004,93.87941,WHO,Chad
YEM,2013,54.79802,WHO,Yemen
IND,1998,64.36907,WHO,India
THA,2019,,WHO,Thailand
MNE,2018,,WHO,Montenegro
MLI,2015,58.05974,WHO,Mali
JOR,2002,26.26721,WHO,Jordan
CUB,2006,,WHO,Cuba
GHA,1998,54.30497,WHO,Ghana
ECU,1999,,WHO,Ecuador
KGZ,2018,21.71391,WHO,Kyrgyzstan
CMR,2004,74.29667,WHO,Cameroon
TKM,2019,28.09035,WHO,Turkmenistan
BEN,2011,44.60626,WHO,Benin
GMB,2005,,WHO,Gambia
DOM,1999,,WHO,Dominican Republic
RWA,2010,62.76678,WHO,Rwanda
BEN,2001,88.47391,WHO,Benin
ZAF,2016,52.64879,WHO,South Africa
DOM,1996,23.74611,WHO,Dominican Republic
PER,2012,9.76061,WHO,Peru
DOM,1996,65.25089,WHO,Dominican Republic
EGY,2014,28.29909,WHO,Egypt
SEN,2016,28.20432,WHO,Senegal
BTN,2010,,WHO,Bhutan
YEM,2013,34.55374,WHO,Yemen
SEN,2005,52.14354,WHO,Senegal
NGA,2011,,WHO,Nigeria
HTI,2005,50.72144,WHO,Haiti
NAM,2006,49.08148,WHO,Namibia
MWI,2010,65.34973,WHO,Malawi
TUN,2011,9.42459,WHO,Tunisia
EGY,2000,44.54408,WHO,Egypt
KEN,1998,53.12437,WHO,Kenya
BGD,2014,47.94223,WHO,Bangladesh
ZWE,2009,70.84531,WHO,Zimbabwe
PHL,1998,25.97989,WHO,Philippines
SLV,2002,,WHO,El Salvador
PER,2016,27.88935,WHO,Peru
BGD,2012,,WHO,Bangladesh
UKR,2005,,WHO,Ukraine
ETH,2011,84.2457,WHO,Ethiopia
PRY,2004,,WHO,Paraguay
ETH,2019,,WHO,Ethiopia
ZMB,2013,51.15703,WHO,Zambia
WSM,2019,10.99003,WHO,Samoa
ZWE,1999,61.93725,WHO,Zimbabwe
PER,2008,24.50697,WHO,Peru
GIN,2005,112.85913,WHO,Guinea
DOM,2013,31.63198,WHO,Dominican Republic
PER,2016,12.56132,WHO,Peru
DOM,2002,32.4899,WHO,Dominican Republic
ARG,2019,,WHO,Argentina
GUY,2006,,WHO,Guyana
RWA,2010,36.17498,WHO,Rwanda
TGO,2013,56.12204,WHO,Togo
PER,2013,,WHO,Peru
SEN,2012,26.24099,WHO,Senegal
NIC,2001,48.47717,WHO,Nicaragua
SWZ,2010,69.89449,WHO,Eswatini
PER,2013,15.77328,WHO,Peru
PER,2005,,WHO,Peru
BGD,1999,74.40556,WHO,Bangladesh
CMR,2004,90.64877,WHO,Cameroon
ETH,2019,,WHO,Ethiopia
IDN,2017,35.65734,WHO,Indonesia
PER,2012,25.7704,WHO,Peru
PRY,2004,,WHO,Paraguay
SLV,1993,,WHO,El Salvador
SWZ,2010,87.28679,WHO,Eswatini
COD,2013,41.10976,WHO,Democratic Republic of Congo
BLZ,2015,13.58012,WHO,Belize
PER,1996,78.34794,WHO,Peru
TUN,2011,5.84676,WHO,Tunisia
MDG,2018,40.32853,WHO,Madagascar
PRY,2004,,WHO,Paraguay
ETH,2019,34.7397,WHO,Ethiopia
VUT,2007,,WHO,Vanuatu
ALB,2008,12.30217,WHO,Albania
ARM,2015,12.63217,WHO,Armenia
PER,2019,14.28921,WHO,Peru
PHL,2008,21.77732,WHO,Philippines
ALB,2008,28.74125,WHO,Albania
BFA,1998,117.7151,WHO,Burkina Faso
KEN,2008,59.64717,WHO,Kenya
BGD,1996,76.78339,WHO,Bangladesh
TTO,2011,,WHO,Trinidad and Tobago
IRQ,2018,25.12582,WHO,Iraq
SLE,2008,85.08483,WHO,Sierra Leone
ECU,1994,,WHO,Ecuador
MAR,2003,32.11746,WHO,Morocco
TJK,2005,,WHO,Tajikistan
NPL,2019,18.90724,WHO,Nepal
PHL,2017,19.3326,WHO,Philippines
NAM,2000,27.87545,WHO,Namibia
UGA,2016,38.65496,WHO,Uganda
THA,2015,,WHO,Thailand
NPL,2001,69.77649,WHO,Nepal
TZA,2010,22.50374,WHO,Tanzania
MDA,2005,30.01389,WHO,Moldova
IND,1998,96.47893,WHO,India
IRQ,2006,34.9581,WHO,Iraq
MRT,2015,36.13887,WHO,Mauritania
NIC,1992,,WHO,Nicaragua
BTN,2010,,WHO,Bhutan
BEN,2001,45.3331,WHO,Benin
ECU,2004,,WHO,Ecuador
TUN,2018,14.18051,WHO,Tunisia
TJK,2017,45.44797,WHO,Tajikistan
PER,2015,17.69536,WHO,Peru
DZA,2018,19.14415,WHO,Algeria
KHM,2014,39.46561,WHO,Cambodia
TKM,2006,,WHO,Turkmenistan
SRB,2005,,WHO,Serbia
PHL,1998,35.3488,WHO,Philippines
HTI,2005,76.00499,WHO,Haiti
ARM,2005,46.66544,WHO,Armenia
NAM,2013,22.34221,WHO,Namibia
COM,1996,60.7175,WHO,Comoros
BGD,1993,115.37976,WHO,Bangladesh
NGA,1999,,WHO,Nigeria
NPL,2019,32.4841,WHO,Nepal
TTO,2011,,WHO,Trinidad and Tobago
ARM,2005,,WHO,Armenia
NGA,2011,,WHO,Nigeria
COL,1995,35.16874,WHO,Colombia
ZMB,2007,94.32463,WHO,Zambia
ARM,2005,26.63353,WHO,Armenia
SRB,2010,,WHO,Serbia
BLR,2012,,WHO,Belarus
TZA,2004,85.76722,WHO,Tanzania
BGD,1999,93.90197,WHO,Bangladesh
GHA,1998,58.68822,WHO,Ghana
TUR,2013,14.21363,WHO,Turkey
CAF,2006,,WHO,Central African Republic
GIN,1999,126.28116,WHO,Guinea
CAF,2018,70.6237,WHO,Central African Republic
ARM,2005,34.51517,WHO,Armenia
HND,2019,18.91697,WHO,Honduras
BGD,2007,66.02227,WHO,Bangladesh
KHM,2014,30.20559,WHO,Cambodia
GNB,2014,72.62808,WHO,Guinea-Bissau
TCD,2004,126.12274,WHO,Chad
GMB,2005,,WHO,Gambia
PER,2006,8.58641,WHO,Peru
NPL,2016,42.61838,WHO,Nepal
MLI,2009,,WHO,Mali
GIN,2018,74.01124,WHO,Guinea
CAF,2006,,WHO,Central African Republic
GEO,2018,,WHO,Georgia
GEO,2005,,WHO,Georgia
DZA,2012,21.81627,WHO,Algeria
MWI,2006,74.32073,WHO,Malawi
MLI,2015,27.38036,WHO,Mali
KGZ,1997,58.91023,WHO,Kyrgyzstan
BOL,1998,29.45501,WHO,Bolivia
ZWE,2009,66.06415,WHO,Zimbabwe
GIN,2018,73.43349,WHO,Guinea
PER,2020,15.69817,WHO,Peru
PHL,1998,34.51071,WHO,Philippines
NER,2012,60.745,WHO,Niger
JAM,2005,,WHO,Jamaica
TCD,1996,98.42767,WHO,Chad
SUR,2010,,WHO,Suriname
HND,2011,24.09987,WHO,Honduras
PHL,1998,36.42296,WHO,Philippines
WSM,2019,17.82062,WHO,Samoa
SLE,2005,,WHO,Sierra Leone
SEN,2019,48.9112,WHO,Senegal
GUY,2019,10.9589,WHO,Guyana
GAB,2012,42.14484,WHO,Gabon
BOL,2008,39.48497,WHO,Bolivia
KGZ,2018,17.08775,WHO,Kyrgyzstan
MNE,2005,,WHO,Montenegro
MDA,1997,,WHO,Moldova
LCA,2012,,WHO,Saint Lucia
CPV,1998,,WHO,Cape Verde
COL,2010,22.24364,WHO,Colombia
GTM,2008,,WHO,Guatemala
JAM,2005,,WHO,Jamaica
PAN,2013,,WHO,Panama
GHA,2014,58.13957,WHO,Ghana
PER,2018,20.52946,WHO,Peru
DOM,2002,47.83175,WHO,Dominican Republic
CRI,2018,,WHO,Costa Rica
NGA,2007,,WHO,Nigeria
MLI,1995,,WHO,Mali
TGO,2006,,WHO,Togo
ZWE,2014,50.14655,WHO,Zimbabwe
KHM,2010,76.67287,WHO,Cambodia
ZWE,2009,56.86456,WHO,Zimbabwe
PER,2005,,WHO,Peru
MOZ,2011,70.37383,WHO,Mozambique
MWI,2013,57.75725,WHO,Malawi
UZB,2006,,WHO,Uzbekistan
PHL,2017,5.77629,WHO,Philippines
PHL,1998,35.45857,WHO,Philippines
SEN,2018,44.61338,WHO,Senegal
TUN,2011,32.26461,WHO,Tunisia
ARG,2019,,WHO,Argentina
MWI,2004,84.11083,WHO,Malawi
UGA,2011,75.69024,WHO,Uganda
BIH,2011,,WHO,Bosnia and Herzegovina
MOZ,2003,61.1897,WHO,Mozambique
NPL,2011,54.9811,WHO,Nepal
SRB,2005,,WHO,Serbia
PNG,2016,31.3121,WHO,Papua New Guinea
BRB,2012,,WHO,Barbados
GAB,2000,81.59315,WHO,Gabon
COG,2014,35.84913,WHO,Congo
PER,2006,13.98981,WHO,Peru
MKD,2005,,WHO,North Macedonia
VNM,2013,10.02465,WHO,Vietnam
KHM,2010,62.01696,WHO,Cambodia
PER,2005,20.26267,WHO,Peru
MWI,2015,50.41677,WHO,Malawi
KEN,2008,41.83625,WHO,Kenya
MWI,2000,110.78416,WHO,Malawi
THA,2005,,WHO,Thailand
IND,1998,,WHO,India
PER,2016,27.43027,WHO,Peru
UGA,2011,74.4268,WHO,Uganda
CUB,2006,,WHO,Cuba
EGY,1995,31.77594,WHO,Egypt
HTI,2016,45.23446,WHO,Haiti
ALB,2002,,WHO,Albania
ZWE,2010,39.61226,WHO,Zimbabwe
NGA,1999,,WHO,Nigeria
CAF,2018,36.07837,WHO,Central African Republic
PER,2013,18.3205,WHO,Peru
HTI,2000,91.45005,WHO,Haiti
TGO,2006,,WHO,Togo
MDA,2005,20.63529,WHO,Moldova
PER,2005,,WHO,Peru
GNB,2006,,WHO,Guinea-Bissau
TUR,2013,15.01821,WHO,Turkey
SEN,2018,39.17871,WHO,Senegal
PER,2020,11.71227,WHO,Peru
SWZ,2010,79.42982,WHO,Eswatini
ARG,2011,,WHO,Argentina
PER,2019,,WHO,Peru
KAZ,1995,34.59695,WHO,Kazakhstan
ZMB,2001,102.55337,WHO,Zambia
LAO,2011,29.32613,WHO,Laos
SWZ,2006,91.41124,WHO,Eswatini
PER,2011,34.80845,WHO,Peru
DOM,2013,14.37801,WHO,Dominican Republic
TUV,2019,,WHO,Tuvalu
VNM,2010,,WHO,Vietnam
ETH,2016,56.6547,WHO,Ethiopia
TTO,2006,,WHO,Trinidad and Tobago
LAO,2011,111.24239,WHO,Laos
SUR,2018,18.08706,WHO,Suriname
NAM,2013,47.09703,WHO,Namibia
PER,2017,12.37352,WHO,Peru
LSO,2014,92.98502,WHO,Lesotho
AGO,2015,23.32748,WHO,Angola
COD,2017,53.93853,WHO,Democratic Republic of Congo
HTI,1994,83.42921,WHO,Haiti
TCD,2004,123.42691,WHO,Chad
GAB,2012,35.95993,WHO,Gabon
CMR,1998,74.14214,WHO,Cameroon
NGA,2018,77.34654,WHO,Nigeria
MLI,1995,128.99261,WHO,Mali
TUR,2003,28.06105,WHO,Turkey
ZMB,1996,105.73476,WHO,Zambia
KAZ,2010,,WHO,Kazakhstan
BGD,2017,39.26614,WHO,Bangladesh
RWA,2014,41.61981,WHO,Rwanda
KHM,2000,96.34572,WHO,Cambodia
LAO,2011,52.04509,WHO,Laos
PHL,1998,20.96175,WHO,Philippines
BLZ,2011,,WHO,Belize
SLE,2008,100.00097,WHO,Sierra Leone
TZA,1996,88.34209,WHO,Tanzania
SEN,2014,56.45739,WHO,Senegal
MDV,2016,13.38269,WHO,Maldives
UZB,1996,39.75807,WHO,Uzbekistan
RWA,2000,,WHO,Rwanda
GTM,2014,28.99628,WHO,Guatemala
ALB,2002,,WHO,Albania
SEN,2016,79.66179,WHO,Senegal
TCD,2014,60.09195,WHO,Chad
SEN,2012,21.99171,WHO,Senegal
BIH,2006,,WHO,Bosnia and Herzegovina
GHA,2006,,WHO,Ghana
KAZ,2010,,WHO,Kazakhstan
CIV,1998,67.39229,WHO,Cote d'Ivoire
GHA,1998,50.15202,WHO,Ghana
PHL,1993,33.81124,WHO,Philippines
LCA,2012,,WHO,Saint Lucia
ARM,2015,1.86424,WHO,Armenia
JAM,2005,,WHO,Jamaica
PER,2005,,WHO,Peru
SEN,2018,37.87157,WHO,Senegal
ZWE,1999,69.15533,WHO,Zimbabwe
MDG,2003,83.02819,WHO,Madagascar
HND,1996,,WHO,Honduras
TUR,1998,68.26381,WHO,Turkey
UKR,2005,,WHO,Ukraine
PER,2006,,WHO,Peru
LSO,2004,92.73007,WHO,Lesotho
CIV,1994,83.1939,WHO,Cote d'Ivoire
NGA,2018,80.24675,WHO,Nigeria
TUR,1993,92.15005,WHO,Turkey
KAZ,2006,,WHO,Kazakhstan
DZA,2012,18.99504,WHO,Algeria
HND,1996,,WHO,Honduras
TGO,2013,62.70733,WHO,Togo
TKM,2006,,WHO,Turkmenistan
GHA,2011,66.83372,WHO,Ghana
BGD,2019,41.1228,WHO,Bangladesh
LAO,2006,,WHO,Laos
GTM,2014,42.06394,WHO,Guatemala
UKR,2005,,WHO,Ukraine
LBR,2013,61.39853,WHO,Liberia
COM,2012,34.50758,WHO,Comoros
NER,2006,100.38547,WHO,Niger
DZA,2018,13.34021,WHO,Algeria
MDG,2018,30.5633,WHO,Madagascar
BLZ,2011,,WHO,Belize
PRY,2016,13.79756,WHO,Paraguay
MKD,2018,,WHO,North Macedonia
ZWE,2010,,WHO,Zimbabwe
CMR,2006,,WHO,Cameroon
RWA,2010,58.70723,WHO,Rwanda
ZWE,2014,56.28445,WHO,Zimbabwe
PHL,2008,45.33438,WHO,Philippines
IDN,2012,44.02983,WHO,Indonesia
BLR,2012,,WHO,Belarus
ECU,1999,,WHO,Ecuador
COL,2015,5.13165,WHO,Colombia
MNG,2010,,WHO,Mongolia
LCA,2012,,WHO,Saint Lucia
SEN,2005,79.41512,WHO,Senegal
BLZ,1991,,WHO,Belize
ZMB,2018,46.51125,WHO,Zambia
GMB,2019,45.47751,WHO,Gambia
BGD,2014,24.56306,WHO,Bangladesh
IRQ,2018,25.59761,WHO,Iraq
SOM,2006,84.18544,WHO,Somalia
SEN,2015,48.63211,WHO,Senegal
PER,2016,14.94884,WHO,Peru
PER,2005,,WHO,Peru
CAF,2010,,WHO,Central African Republic
MWI,2019,32.99714,WHO,Malawi
COG,2014,45.72932,WHO,Congo
IRQ,2011,23.09659,WHO,Iraq
GUY,2006,,WHO,Guyana
PHL,1993,44.25879,WHO,Philippines
SWZ,2010,69.15672,WHO,Eswatini
MWI,2013,52.40162,WHO,Malawi
TZA,1999,,WHO,Tanzania
GTM,2014,30.35065,WHO,Guatemala
IRQ,2018,19.86473,WHO,Iraq
TCD,2004,117.17501,WHO,Chad
ARM,2000,33.62407,WHO,Armenia
BRB,2012,,WHO,Barbados
ECU,2004,,WHO,Ecuador
UGA,2000,81.00986,WHO,Uganda
HTI,1994,101.30816,WHO,Haiti
AFG,2010,,WHO,Afghanistan
ALB,2002,,WHO,Albania
CMR,2014,50.62437,WHO,Cameroon
GIN,2016,44.68203,WHO,Guinea
UKR,2007,6.62452,WHO,Ukraine
GIN,2005,126.52655,WHO,Guinea
STP,2008,52.69373,WHO,Sao Tome and Principe
MNE,2005,,WHO,Montenegro
MNG,2010,,WHO,Mongolia
MKD,2005,,WHO,North Macedonia
SEN,2014,34.6027,WHO,Senegal
IDN,1994,,WHO,Indonesia
PER,2000,27.3809,WHO,Peru
IDN,1994,96.83188,WHO,Indonesia
PAK,2012,91.80479,WHO,Pakistan
MDA,2005,20.30255,WHO,Moldova
CIV,2006,,WHO,Cote d'Ivoire
DJI,2006,,WHO,Djibouti
TCD,2019,27.73243,WHO,Chad
NGA,1999,73.24203,WHO,Nigeria
ETH,2011,69.34795,WHO,Ethiopia
PRY,2004,,WHO,Paraguay
MLI,2006,122.64753,WHO,Mali
MWI,2013,59.89508,WHO,Malawi
PER,2016,6.41245,WHO,Peru
HND,2019,21.22466,WHO,Honduras
GHA,1998,63.29092,WHO,Ghana
DOM,1996,52.56598,WHO,Dominican Republic
TCD,2019,48.66496,WHO,Chad
GTM,2002,,WHO,Guatemala
ZMB,2013,57.98733,WHO,Zambia
CMR,2018,59.90291,WHO,Cameroon
GAB,2012,49.65231,WHO,Gabon
BGD,2006,,WHO,Bangladesh
DOM,2002,22.65369,WHO,Dominican Republic
DOM,1999,,WHO,Dominican Republic
SEN,2017,31.29269,WHO,Senegal
UKR,2012,,WHO,Ukraine
IND,2005,37.66746,WHO,India
IDN,2002,50.54547,WHO,Indonesia
CPV,1998,,WHO,Cape Verde
BGD,2007,55.47763,WHO,Bangladesh
MDG,2008,52.31546,WHO,Madagascar
MEX,2015,,WHO,Mexico
MKD,2018,11.24268,WHO,North Macedonia
IDN,2012,30.70266,WHO,Indonesia
CIV,1998,119.09434,WHO,Cote d'Ivoire
TJK,2012,30.26259,WHO,Tajikistan
UGA,2011,61.8726,WHO,Uganda
DOM,2002,29.98425,WHO,Dominican Republic
PNG,2016,33.51805,WHO,Papua New Guinea
ZWE,2005,51.60847,WHO,Zimbabwe
ZAF,1998,32.55553,WHO,South Africa
ZMB,2018,52.25639,WHO,Zambia
DOM,2002,26.23503,WHO,Dominican Republic
HTI,1994,88.91451,WHO,Haiti
PER,2015,13.61822,WHO,Peru
MWI,2013,53.19148,WHO,Malawi
PER,2018,20.3155,WHO,Peru
SLE,2013,105.25813,WHO,Sierra Leone
TUV,2019,,WHO,Tuvalu
ZMB,2007,89.53767,WHO,Zambia
KHM,2014,26.82306,WHO,Cambodia
SLV,1993,,WHO,El Salvador
GTM,1998,49.13676,WHO,Guatemala
UGA,2011,57.48826,WHO,Uganda
PER,2012,27.20709,WHO,Peru
BDI,2005,,WHO,Burundi
CMR,2004,84.51112,WHO,Cameroon
GMB,2013,35.55589,WHO,Gambia
SLV,2014,13.19201,WHO,El Salvador
SRB,2014,,WHO,Serbia
NGA,2011,,WHO,Nigeria
TGO,2013,53.44563,WHO,Togo
UGA,2016,53.22869,WHO,Uganda
TCD,2004,80.9471,WHO,Chad
UKR,2005,,WHO,Ukraine
TCD,2010,,WHO,Chad
KGZ,2005,,WHO,Kyrgyzstan
DOM,2019,26.52018,WHO,Dominican Republic
CAF,2018,77.26327,WHO,Central African Republic
LSO,2014,62.63999,WHO,Lesotho
ZMB,2013,59.34617,WHO,Zambia
PER,2020,,WHO,Peru
NPL,2014,55.95156,WHO,Nepal
EGY,1995,105.17325,WHO,Egypt
BFA,2010,77.34203,WHO,Burkina Faso
BGD,1996,88.70635,WHO,Bangladesh
COM,2012,20.76134,WHO,Comoros
JOR,2017,14.08643,WHO,Jordan
SEN,2012,62.62498,WHO,Senegal
SWZ,2014,59.97655,WHO,Eswatini
BDI,2005,,WHO,Burundi
EGY,2008,27.29352,WHO,Egypt
PER,2005,32.12355,WHO,Peru
MOZ,1997,151.34743,WHO,Mozambique
IDN,2012,36.01268,WHO,Indonesia
GUY,2006,,WHO,Guyana
NGA,2003,86.80136,WHO,Nigeria
EGY,2008,25.01142,WHO,Egypt
TGO,2013,59.94098,WHO,Togo
PER,2012,30.06034,WHO,Peru
EGY,2005,29.95996,WHO,Egypt
COM,1996,45.51209,WHO,Comoros
NAM,2006,49.25418,WHO,Namibia
SEN,2017,47.09817,WHO,Senegal
COL,2000,31.64353,WHO,Colombia
NGA,2011,,WHO,Nigeria
EGY,2014,20.523,WHO,Egypt
MOZ,2011,71.92043,WHO,Mozambique
BGD,1993,92.31356,WHO,Bangladesh
TUN,2018,10.31032,WHO,Tunisia
UKR,1999,,WHO,Ukraine
BGD,2012,,WHO,Bangladesh
LBR,2019,66.83407,WHO,Liberia
JOR,2002,23.40874,WHO,Jordan
PER,2007,,WHO,Peru
JAM,2005,,WHO,Jamaica
YEM,2013,,WHO,Yemen
BEN,2011,47.05798,WHO,Benin
PNG,2016,47.6431,WHO,Papua New Guinea
SEN,2010,71.79865,WHO,Senegal
TZA,1996,116.7548,WHO,Tanzania
TTO,2011,,WHO,Trinidad and Tobago
GHA,2011,51.9965,WHO,Ghana
COD,2010,,WHO,Democratic Republic of Congo
BDI,2005,,WHO,Burundi
KGZ,2012,44.96156,WHO,Kyrgyzstan
LBR,2013,72.83038,WHO,Liberia
LAO,2011,96.81301,WHO,Laos
QAT,2012,,WHO,Qatar
TGO,2013,55.10562,WHO,Togo
BGD,1999,76.22054,WHO,Bangladesh
UKR,2007,16.55722,WHO,Ukraine
CIV,1998,146.91083,WHO,Cote d'Ivoire
HTI,2005,82.07915,WHO,Haiti
BFA,2010,78.99743,WHO,Burkina Faso
PER,2018,21.87713,WHO,Peru
BGD,2006,,WHO,Bangladesh
PER,2007,50.7038,WHO,Peru
BLZ,2011,,WHO,Belize
DOM,2014,39.08711,WHO,Dominican Republic
GTM,2014,33.01627,WHO,Guatemala
GEO,2005,,WHO,Georgia
DOM,1999,36.08235,WHO,Dominican Republic
HND,2011,30.46684,WHO,Honduras
ETH,2005,80.47801,WHO,Ethiopia
GUY,2019,24.75163,WHO,Guyana
SLV,2008,,WHO,El Salvador
KHM,2000,139.41167,WHO,Cambodia
KHM,2010,94.51857,WHO,Cambodia
NIC,2001,42.84871,WHO,Nicaragua
DZA,2012,0.01864,WHO,Algeria
MWI,2006,82.74165,WHO,Malawi
TON,2019,7.24152,WHO,Tonga
COD,2007,58.15943,WHO,Democratic Republic of Congo
EGY,1995,94.58773,WHO,Egypt
MMR,2015,34.75026,WHO,Myanmar
AFG,2015,49.08095,WHO,Afghanistan
BOL,2003,32.30961,WHO,Bolivia
PER,2008,21.00664,WHO,Peru
PER,2010,16.52301,WHO,Peru
UGA,1995,79.13634,WHO,Uganda
TUR,1998,46.20797,WHO,Turkey
KAZ,2006,,WHO,Kazakhstan
KGZ,1997,63.85412,WHO,Kyrgyzstan
DJI,2006,,WHO,Djibouti
MLI,2018,37.10303,WHO,Mali
COL,2015,24.83191,WHO,Colombia
NIC,1992,,WHO,Nicaragua
THA,2005,,WHO,Thailand
GHA,2006,,WHO,Ghana
PHL,2008,30.05915,WHO,Philippines
MWI,2019,34.31159,WHO,Malawi
ARM,2015,8.34585,WHO,Armenia
BGD,2012,,WHO,Bangladesh
THA,2012,,WHO,Thailand
CMR,2006,,WHO,Cameroon
GTM,1998,48.44032,WHO,Guatemala
HND,2019,20.69318,WHO,Honduras
PAK,2006,80.87875,WHO,Pakistan
NIC,2001,40.61069,WHO,Nicaragua
TJK,2012,29.63495,WHO,Tajikistan
JAM,2005,,WHO,Jamaica
STP,2019,7.0278,WHO,Sao Tome and Principe
BOL,1994,98.1744,WHO,Bolivia
SLE,2005,,WHO,Sierra Leone
PER,2020,16.49424,WHO,Peru
SEN,1997,83.09028,WHO,Senegal
MRT,2015,44.56132,WHO,Mauritania
PRY,1995,,WHO,Paraguay
BLR,2005,,WHO,Belarus
KAZ,2010,,WHO,Kazakhstan
TZA,2015,44.24252,WHO,Tanzania
MWI,2013,61.20417,WHO,Malawi
DZA,2018,15.8237,WHO,Algeria
ZMB,2007,97.08228,WHO,Zambia
BGD,1999,92.91367,WHO,Bangladesh
IRQ,2018,21.63062,WHO,Iraq
TZA,2015,69.83379,WHO,Tanzania
SEN,2012,53.86273,WHO,Senegal
BRA,1996,39.23902,WHO,Brazil
THA,2015,,WHO,Thailand
NER,2006,56.80749,WHO,Niger
PER,2005,,WHO,Peru
PER,2009,20.5777,WHO,Peru
LSO,2014,72.79982,WHO,Lesotho
PER,2012,22.64903,WHO,Peru
MWI,2015,43.49208,WHO,Malawi
TZA,2004,72.53771,WHO,Tanzania
PER,2004,,WHO,Peru
MLI,2012,37.78107,WHO,Mali
CAF,2006,,WHO,Central African Republic
COG,2011,52.37467,WHO,Congo
TCD,2010,,WHO,Chad
GHA,2011,58.8364,WHO,Ghana
PER,2005,,WHO,Peru
BFA,1998,,WHO,Burkina Faso
MLI,2006,70.81554,WHO,Mali
GMB,2005,,WHO,Gambia
TZA,1996,,WHO,Tanzania
COG,2014,55.01652,WHO,Congo
JOR,1997,54.18946,WHO,Jordan
TCD,2019,54.45456,WHO,Chad
UKR,2012,,WHO,Ukraine
LSO,2009,56.22488,WHO,Lesotho
KEN,1993,58.59039,WHO,Kenya
SEN,2018,27.10299,WHO,Senegal
KEN,1993,39.06884,WHO,Kenya
MDG,2018,47.62251,WHO,Madagascar
GHA,2011,45.33163,WHO,Ghana
ZMB,2007,84.35744,WHO,Zambia
BGD,2019,38.73619,WHO,Bangladesh
PRY,2016,17.12145,WHO,Paraguay
UGA,2006,95.34309,WHO,Uganda
AZE,2006,46.25328,WHO,Azerbaijan
GAB,2000,66.62459,WHO,Gabon
MKD,2005,,WHO,North Macedonia
THA,2012,,WHO,Thailand
UZB,2006,,WHO,Uzbekistan
IDN,2002,56.18064,WHO,Indonesia
ZWE,2010,64.41871,WHO,Zimbabwe
NGA,1999,,WHO,Nigeria
CRI,2018,,WHO,Costa Rica
KHM,2010,76.49468,WHO,Cambodia
UGA,2011,75.56252,WHO,Uganda
TUN,2018,13.30099,WHO,Tunisia
IDN,2007,25.95438,WHO,Indonesia
CUB,2006,,WHO,Cuba
MAR,2003,,WHO,Morocco
ECU,2004,,WHO,Ecuador
PER,2005,23.40333,WHO,Peru
GTM,1995,73.22716,WHO,Guatemala
EGY,2005,52.05772,WHO,Egypt
TZA,1999,114.81746,WHO,Tanzania
LAO,2011,27.52752,WHO,Laos
THA,2019,,WHO,Thailand
MLI,2018,38.2633,WHO,Mali
BGD,2004,75.2061,WHO,Bangladesh
UZB,1996,34.74821,WHO,Uzbekistan
UZB,2006,,WHO,Uzbekistan
PRY,1995,,WHO,Paraguay
ARM,2010,,WHO,Armenia
GTM,2008,,WHO,Guatemala
CUB,2006,,WHO,Cuba
GIN,2016,42.27158,WHO,Guinea
SDN,2010,57.8124,WHO,Sudan
TZA,2004,76.7474,WHO,Tanzania
ETH,2011,101.18279,WHO,Ethiopia
SEN,2012,35.6456,WHO,Senegal
BRB,2012,,WHO,Barbados
LAO,2011,0.10848,WHO,Laos
NGA,2016,61.60496,WHO,Nigeria
UGA,2011,69.95599,WHO,Uganda
IND,2015,25.34639,WHO,India
BRA,1996,48.67004,WHO,Brazil
NAM,2013,22.42672,WHO,Namibia
IDN,1994,67.56899,WHO,Indonesia
SEN,2015,41.28079,WHO,Senegal
JAM,2011,,WHO,Jamaica
MRT,2011,63.52329,WHO,Mauritania
KEN,2008,62.75674,WHO,Kenya
NGA,2011,,WHO,Nigeria
THA,2019,,WHO,Thailand
DOM,2013,36.99841,WHO,Dominican Republic
MOZ,2003,111.42816,WHO,Mozambique
MOZ,2015,23.34522,WHO,Mozambique
MDA,1997,,WHO,Moldova
MKD,2018,,WHO,North Macedonia
TCD,2014,88.85355,WHO,Chad
UKR,1999,,WHO,Ukraine
AFG,2010,,WHO,Afghanistan
GTM,2014,19.1408,WHO,Guatemala
SEN,1997,91.69616,WHO,Senegal
BIH,2011,,WHO,Bosnia and Herzegovina
ARM,2000,52.49504,WHO,Armenia
CIV,1994,137.98476,WHO,Cote d'Ivoire
NPL,2010,,WHO,Nepal
BFA,1998,116.07823,WHO,Burkina Faso
LAO,2006,,WHO,Laos
PER,2014,21.91919,WHO,Peru
IND,2015,29.81009,WHO,India
MDV,2016,10.83805,WHO,Maldives
SLE,2010,,WHO,Sierra Leone
GHA,2003,54.2545,WHO,Ghana
SLV,1998,,WHO,El Salvador
ETH,2005,89.06403,WHO,Ethiopia
KAZ,2015,,WHO,Kazakhstan
IDN,2017,23.6951,WHO,Indonesia
BEN,2006,71.73026,WHO,Benin
ALB,2017,12.90162,WHO,Albania
ZWE,2005,45.85504,WHO,Zimbabwe
MAR,2003,43.67221,WHO,Morocco
LAO,2011,66.45953,WHO,Laos
LAO,2006,,WHO,Laos
SLV,1993,,WHO,El Salvador
MWI,2013,57.41477,WHO,Malawi
BOL,2003,67.51744,WHO,Bolivia
DJI,2006,,WHO,Djibouti
UZB,1996,54.43108,WHO,Uzbekistan
KHM,2014,15.59177,WHO,Cambodia
MLI,2018,57.05865,WHO,Mali
MLI,2012,72.72574,WHO,Mali
TUR,2003,30.61375,WHO,Turkey
ALB,2005,,WHO,Albania
PER,2016,17.48795,WHO,Peru
LAO,2006,,WHO,Laos
ALB,2017,2.45517,WHO,Albania
GEO,2005,,WHO,Georgia
TUN,2018,10.54329,WHO,Tunisia
GUY,2014,26.36114,WHO,Guyana
PER,2009,7.57042,WHO,Peru
ARM,2005,,WHO,Armenia
TON,2019,14.85853,WHO,Tonga
CIV,2006,,WHO,Cote d'Ivoire
UGA,2006,88.95843,WHO,Uganda
SEN,2018,35.51021,WHO,Senegal
KAZ,2010,,WHO,Kazakhstan
UGA,2000,114.00092,WHO,Uganda
PHL,2003,34.54768,WHO,Philippines
QAT,2012,,WHO,Qatar
IRQ,2006,0.0439,WHO,Iraq
TUN,2011,26.85443,WHO,Tunisia
CAF,2018,83.61681,WHO,Central African Republic
EGY,2014,17.57894,WHO,Egypt
MNG,2005,,WHO,Mongolia
SEN,2015,33.715,WHO,Senegal
COD,2013,50.36209,WHO,Democratic Republic of Congo
VUT,2007,,WHO,Vanuatu
KGZ,2018,32.12051,WHO,Kyrgyzstan
CIV,2006,,WHO,Cote d'Ivoire
CRI,1992,,WHO,Costa Rica
SEN,2015,36.38459,WHO,Senegal
EGY,2005,31.70353,WHO,Egypt
JOR,2007,19.40111,WHO,Jordan
JAM,2011,,WHO,Jamaica
YEM,2013,33.00893,WHO,Yemen
COL,2000,37.56686,WHO,Colombia
GHA,1993,54.89256,WHO,Ghana
JAM,2005,,WHO,Jamaica
GAB,2012,48.95804,WHO,Gabon
SLV,2002,,WHO,El Salvador
ZAF,1998,36.78599,WHO,South Africa
PER,1996,78.94908,WHO,Peru
CUB,2014,,WHO,Cuba
CPV,1998,,WHO,Cape Verde
BLR,2005,,WHO,Belarus
MNG,2018,,WHO,Mongolia
IND,2005,28.20055,WHO,India
CRI,2018,,WHO,Costa Rica
MOZ,2011,74.65928,WHO,Mozambique
TGO,2017,55.34726,WHO,Togo
CIV,2006,,WHO,Cote d'Ivoire
BEN,1996,94.20527,WHO,Benin
PER,2006,30.87873,WHO,Peru
BDI,2016,59.75478,WHO,Burundi
IND,2015,22.84282,WHO,India
ECU,1999,,WHO,Ecuador
MLI,2001,136.38506,WHO,Mali
CMR,2018,46.05093,WHO,Cameroon
SLE,2008,110.62698,WHO,Sierra Leone
DOM,2019,14.01323,WHO,Dominican Republic
ARM,2010,8.38105,WHO,Armenia
VUT,2007,,WHO,Vanuatu
IDN,2012,37.27451,WHO,Indonesia
GMB,2013,40.49466,WHO,Gambia
NGA,2007,,WHO,Nigeria
JOR,2007,13.29823,WHO,Jordan
MOZ,2015,19.37102,WHO,Mozambique
MWI,2004,108.71828,WHO,Malawi
THA,2005,,WHO,Thailand
SEN,2010,45.80591,WHO,Senegal
TZA,2015,61.57664,WHO,Tanzania
KGZ,2005,,WHO,Kyrgyzstan
ZWE,1999,62.32093,WHO,Zimbabwe
DOM,2014,27.41604,WHO,Dominican Republic
COD,2007,89.13494,WHO,Democratic Republic of Congo
AFG,2010,,WHO,Afghanistan
PER,2017,16.51044,WHO,Peru
RWA,2005,105.69118,WHO,Rwanda
CIV,2016,0.0845,WHO,Cote d'Ivoire
COG,2011,49.92235,WHO,Congo
BGD,2004,66.39513,WHO,Bangladesh
TGO,2017,40.84553,WHO,Togo
PER,2006,33.80874,WHO,Peru
IDN,2012,24.80861,WHO,Indonesia
PER,2008,27.63761,WHO,Peru
SDN,2010,59.32453,WHO,Sudan
JOR,2012,12.9615,WHO,Jordan
BGD,2012,,WHO,Bangladesh
CUB,2006,,WHO,Cuba
ARG,2011,,WHO,Argentina
AFG,2010,,WHO,Afghanistan
KEN,1993,64.85307,WHO,Kenya
MNG,2005,,WHO,Mongolia
GTM,1998,70.15663,WHO,Guatemala
RWA,2019,23.19831,WHO,Rwanda
PER,2013,18.50151,WHO,Peru
SEN,2016,45.94548,WHO,Senegal
NPL,2016,41.50835,WHO,Nepal
MNE,2013,,WHO,Montenegro
ECU,1999,,WHO,Ecuador
BOL,1998,25.53965,WHO,Bolivia
BGD,2017,41.41574,WHO,Bangladesh
COD,2017,46.64639,WHO,Democratic Republic of Congo
SOM,2006,90.40456,WHO,Somalia
TZA,2004,,WHO,Tanzania
SUR,2010,,WHO,Suriname
ARG,2011,,WHO,Argentina
GHA,2017,29.85891,WHO,Ghana
GNB,2006,,WHO,Guinea-Bissau
KGZ,2018,18.09914,WHO,Kyrgyzstan
MLI,2015,69.60313,WHO,Mali
GTM,1995,79.67126,WHO,Guatemala
MAR,2003,31.91699,WHO,Morocco
KEN,1993,86.54614,WHO,Kenya
BOL,2008,26.26029,WHO,Bolivia
MLI,1995,131.80617,WHO,Mali
NAM,2000,45.13163,WHO,Namibia
DOM,2019,28.15894,WHO,Dominican Republic
IND,2005,38.30202,WHO,India
NPL,2019,35.19176,WHO,Nepal
IRQ,2011,34.32744,WHO,Iraq
ZWE,2010,47.73964,WHO,Zimbabwe
ECU,2004,,WHO,Ecuador
GNB,2014,61.02372,WHO,Guinea-Bissau
KEN,2003,53.10661,WHO,Kenya
SEN,2010,57.22169,WHO,Senegal
ZMB,2013,47.97405,WHO,Zambia
CIV,2011,72.96406,WHO,Cote d'Ivoire
SYR,2006,,WHO,Syria
HND,1991,,WHO,Honduras
PHL,2008,25.10186,WHO,Philippines
HTI,2016,48.08077,WHO,Haiti
PHL,2008,22.61756,WHO,Philippines
GTM,1995,55.71792,WHO,Guatemala
VNM,1997,48.84127,WHO,Vietnam
TCD,2010,,WHO,Chad
NPL,2016,52.79623,WHO,Nepal
NGA,2011,,WHO,Nigeria
GMB,2013,22.14842,WHO,Gambia
DOM,2019,31.09546,WHO,Dominican Republic
JOR,2007,11.52596,WHO,Jordan
MKD,2011,,WHO,North Macedonia
BLR,2005,,WHO,Belarus
PER,2010,22.87972,WHO,Peru
SYR,2006,,WHO,Syria
ALB,2017,4.64054,WHO,Albania
ZWE,2019,38.79944,WHO,Zimbabwe
GHA,2011,57.64688,WHO,Ghana
GMB,2005,,WHO,Gambia
BDI,2005,,WHO,Burundi
PER,2010,29.77798,WHO,Peru
PER,2006,12.53874,WHO,Peru
SDN,2010,0.06903,WHO,Sudan
MNE,2013,,WHO,Montenegro
DOM,2013,36.73443,WHO,Dominican Republic
MOZ,2015,24.50691,WHO,Mozambique
LAO,2011,96.36973,WHO,Laos
GEO,2018,,WHO,Georgia
BDI,2010,76.98836,WHO,Burundi
NER,1998,175.29033,WHO,Niger
VNM,1997,23.21454,WHO,Vietnam
TZA,2010,52.21883,WHO,Tanzania
YEM,2006,77.74992,WHO,Yemen
TUR,1998,29.30558,WHO,Turkey
ETH,2016,64.64166,WHO,Ethiopia
SOM,2006,88.79534,WHO,Somalia
GNB,2006,,WHO,Guinea-Bissau
TKM,2006,,WHO,Turkmenistan
BFA,2006,,WHO,Burkina Faso
IDN,2012,40.4961,WHO,Indonesia
UGA,2011,53.88133,WHO,Uganda
TUR,1993,76.74544,WHO,Turkey
HND,1991,,WHO,Honduras
GIN,2018,34.3312,WHO,Guinea
UZB,1996,43.9615,WHO,Uzbekistan
GUY,2006,,WHO,Guyana
COL,2000,,WHO,Colombia
BGD,2004,56.89265,WHO,Bangladesh
GTM,1995,53.12688,WHO,Guatemala
PER,2011,16.7568,WHO,Peru
NGA,2003,102.37168,WHO,Nigeria
RWA,2019,43.50599,WHO,Rwanda
BFA,2006,,WHO,Burkina Faso
TZA,1996,73.39907,WHO,Tanzania
NGA,2016,86.35016,WHO,Nigeria
RWA,2005,118.70943,WHO,Rwanda
NPL,2014,25.20673,WHO,Nepal
PER,2006,,WHO,Peru
NER,2006,110.41984,WHO,Niger
VNM,2010,,WHO,Vietnam
BEN,2017,77.97927,WHO,Benin
LBR,2013,77.83632,WHO,Liberia
ZWE,2015,,WHO,Zimbabwe
CUB,2010,,WHO,Cuba
GNB,2018,43.66976,WHO,Guinea-Bissau
ALB,2005,,WHO,Albania
PER,2006,,WHO,Peru
PER,2015,0,WHO,Peru
ZWE,2019,57.48219,WHO,Zimbabwe
NGA,2016,68.74777,WHO,Nigeria
RWA,2019,28.84628,WHO,Rwanda
SEN,2012,,WHO,Senegal
PRY,2016,16.61622,WHO,Paraguay
IRQ,2011,0.03691,WHO,Iraq
KEN,2003,85.41624,WHO,Kenya
HND,2019,23.7586,WHO,Honduras
SSD,2010,60.21715,WHO,South Sudan
PER,2005,,WHO,Peru
TTO,2006,,WHO,Trinidad and Tobago
PER,2000,21.36187,WHO,Peru
THA,2015,,WHO,Thailand
KGZ,1997,24.02068,WHO,Kyrgyzstan
KHM,2010,31.05006,WHO,Cambodia
NIC,2001,16.30164,WHO,Nicaragua
CAF,2010,,WHO,Central African Republic
TUV,2019,11.08033,WHO,Tuvalu
TZA,2010,51.54158,WHO,Tanzania
TLS,2009,49.98378,WHO,East Timor
SLE,2013,109.9669,WHO,Sierra Leone
UGA,2000,84.82862,WHO,Uganda
KAZ,2006,,WHO,Kazakhstan
PER,2015,17.55514,WHO,Peru
MDG,1997,108.74786,WHO,Madagascar
PER,2006,10.83987,WHO,Peru
CMR,2004,90.94261,WHO,Cameroon
HTI,2000,92.66085,WHO,Haiti
IDN,1994,61.40488,WHO,Indonesia
COL,1995,39.76656,WHO,Colombia
SRB,2019,,WHO,Serbia
CIV,1998,61.75063,WHO,Cote d'Ivoire
ZWE,2005,47.73734,WHO,Zimbabwe
SLV,1993,,WHO,El Salvador
SLE,2008,113.21558,WHO,Sierra Leone
BDI,2016,57.97196,WHO,Burundi
GHA,2003,75.47939,WHO,Ghana
GHA,1993,79.16339,WHO,Ghana
BLZ,1991,,WHO,Belize
GTM,2002,,WHO,Guatemala
NIC,2001,44.24691,WHO,Nicaragua
ARG,2019,,WHO,Argentina
MRT,2011,53.03292,WHO,Mauritania
THA,2012,,WHO,Thailand
KHM,2014,64.39942,WHO,Cambodia
GNB,2006,,WHO,Guinea-Bissau
MRT,2015,45.18117,WHO,Mauritania
YEM,2006,29.84181,WHO,Yemen
VNM,1997,27.22106,WHO,Vietnam
LAO,2017,40.39603,WHO,Laos
HND,2019,20.6765,WHO,Honduras
TON,2019,15.69055,WHO,Tonga
IDN,2007,35.0166,WHO,Indonesia
MOZ,2011,63.42575,WHO,Mozambique
BFA,2003,95.27218,WHO,Burkina Faso
GAB,2012,44.32928,WHO,Gabon
HND,2019,21.63545,WHO,Honduras
PER,1996,78.41862,WHO,Peru
ZMB,2001,84.25728,WHO,Zambia
TGO,1998,81.66189,WHO,Togo
BLR,2019,,WHO,Belarus
SEN,2016,38.15623,WHO,Senegal
MRT,2007,,WHO,Mauritania
TCD,1996,143.90154,WHO,Chad
BOL,1998,99.88581,WHO,Bolivia
NGA,2013,57.56855,WHO,Nigeria
PER,2012,16.32276,WHO,Peru
PER,2008,36.90414,WHO,Peru
COL,2005,26.13473,WHO,Colombia
BGD,2006,,WHO,Bangladesh
CAF,2006,,WHO,Central African Republic
SEN,2018,42.53698,WHO,Senegal
TUR,2003,28.20124,WHO,Turkey
TKM,2015,12.23335,WHO,Turkmenistan
NIC,1997,75.23994,WHO,Nicaragua
MOZ,1997,134.21896,WHO,Mozambique
MDG,1997,118.33228,WHO,Madagascar
SEN,2018,43.38553,WHO,Senegal
SLE,2013,117.25007,WHO,Sierra Leone
ZMB,2013,42.36496,WHO,Zambia
TUR,2013,24.44622,WHO,Turkey
BTN,2010,,WHO,Bhutan
KAZ,2015,,WHO,Kazakhstan
GIN,2016,21.68773,WHO,Guinea
THA,2019,,WHO,Thailand
TUR,1993,25.39579,WHO,Turkey
IND,1998,74.81142,WHO,India
PER,2020,18.10651,WHO,Peru
IRQ,2011,32.42724,WHO,Iraq
SLV,2002,,WHO,El Salvador
BLZ,2015,5.33859,WHO,Belize
IDN,2012,30.34768,WHO,Indonesia
AGO,2015,52.20296,WHO,Angola
MNG,2018,23.40485,WHO,Mongolia
ZWE,1999,52.69699,WHO,Zimbabwe
NPL,2001,79.31903,WHO,Nepal
TLS,2016,48.07724,WHO,East Timor
HTI,2000,96.51851,WHO,Haiti
IDN,2017,19.24904,WHO,Indonesia
BLZ,2011,,WHO,Belize
SEN,2005,45.0031,WHO,Senegal
KGZ,2018,20.84931,WHO,Kyrgyzstan
CRI,2018,,WHO,Costa Rica
GMB,2010,,WHO,Gambia
ZWE,2005,50.33589,WHO,Zimbabwe
UGA,2016,50.12748,WHO,Uganda
PER,2009,25.44134,WHO,Peru
SEN,2010,50.23302,WHO,Senegal
MNG,2013,26.17293,WHO,Mongolia
MNG,2018,10.02747,WHO,Mongolia
ARM,2005,29.45368,WHO,Armenia
COG,2005,92.89645,WHO,Congo
PHL,2017,29.1058,WHO,Philippines
PER,2008,,WHO,Peru
GNB,2014,39.54755,WHO,Guinea-Bissau
CIV,1994,79.67211,WHO,Cote d'Ivoire
SLV,2014,16.54734,WHO,El Salvador
JOR,2007,20.97591,WHO,Jordan
NGA,2003,139.66684,WHO,Nigeria
MOZ,2003,79.52703,WHO,Mozambique
GUY,2009,36.65165,WHO,Guyana
TJK,2012,37.91608,WHO,Tajikistan
BGD,2011,53.66808,WHO,Bangladesh
MOZ,2011,85.7739,WHO,Mozambique
BGD,1999,80.65389,WHO,Bangladesh
GTM,2008,,WHO,Guatemala
IND,1998,50.97384,WHO,India
BRA,1996,25.02601,WHO,Brazil
MWI,2013,65.86844,WHO,Malawi
IRQ,2006,29.81314,WHO,Iraq
IRQ,2006,38.97654,WHO,Iraq
LSO,2004,84.81046,WHO,Lesotho
ZWE,2009,60.62313,WHO,Zimbabwe
EGY,1995,46.43154,WHO,Egypt
AFG,2010,,WHO,Afghanistan
BOL,2008,36.97316,WHO,Bolivia
MOZ,2003,128.2083,WHO,Mozambique
TZA,2015,,WHO,Tanzania
GIN,2012,53.92846,WHO,Guinea
ALB,2017,,WHO,Albania
GHA,1998,51.25855,WHO,Ghana
HTI,2005,65.21721,WHO,Haiti
CIV,2016,81.85927,WHO,Cote d'Ivoire
BFA,2010,106.74302,WHO,Burkina Faso
SEN,2014,17.57223,WHO,Senegal
UGA,2006,85.41698,WHO,Uganda
TCD,1996,155.06459,WHO,Chad
TUR,2003,66.05515,WHO,Turkey
BOL,1998,75.5005,WHO,Bolivia
NGA,1999,74.99566,WHO,Nigeria
PER,2020,8.37343,WHO,Peru
KGZ,2012,,WHO,Kyrgyzstan
THA,2012,,WHO,Thailand
BDI,2005,,WHO,Burundi
JOR,1997,28.79746,WHO,Jordan
SEN,2014,47.28452,WHO,Senegal
IND,1998,53.21581,WHO,India
CAF,2010,,WHO,Central African Republic
CAF,1994,116.82861,WHO,Central African Republic
KHM,2000,104.51155,WHO,Cambodia
PAK,2017,52.63962,WHO,Pakistan
ZMB,2001,76.71406,WHO,Zambia
PER,2014,0,WHO,Peru
TTO,2006,,WHO,Trinidad and Tobago
NIC,1992,,WHO,Nicaragua
CIV,2016,70.44775,WHO,Cote d'Ivoire
THA,2015,,WHO,Thailand
ECU,1994,,WHO,Ecuador
ZWE,2014,0.05974,WHO,Zimbabwe
UGA,2016,48.23275,WHO,Uganda
ZWE,2019,55.18455,WHO,Zimbabwe
ZWE,2019,46.67603,WHO,Zimbabwe
STP,2008,44.19831,WHO,Sao Tome and Principe
SEN,2015,48.624,WHO,Senegal
IDN,2017,17.47685,WHO,Indonesia
JOR,2017,18.49072,WHO,Jordan
JOR,2017,16.46911,WHO,Jordan
TZA,2004,118.21251,WHO,Tanzania
KEN,2008,94.68846,WHO,Kenya
KAZ,2015,,WHO,Kazakhstan
ARG,2011,,WHO,Argentina
BTN,2010,,WHO,Bhutan
PER,2006,40.94017,WHO,Peru
KEN,2014,36.47982,WHO,Kenya
SYR,2006,,WHO,Syria
UKR,2005,,WHO,Ukraine
TGO,2013,64.80616,WHO,Togo
ECU,1994,,WHO,Ecuador
COL,2010,18.23447,WHO,Colombia
BGD,2011,65.91024,WHO,Bangladesh
GUY,2006,,WHO,Guyana
BEN,1996,67.17104,WHO,Benin
GNB,2014,65.41941,WHO,Guinea-Bissau
TLS,2016,36.16308,WHO,East Timor
PRY,2004,,WHO,Paraguay
ZWE,2005,47.35686,WHO,Zimbabwe
SEN,2016,43.10656,WHO,Senegal
CIV,1998,89.76093,WHO,Cote d'Ivoire
MKD,2005,,WHO,North Macedonia
GTM,1995,39.57115,WHO,Guatemala
DZA,2018,13.72906,WHO,Algeria
MOZ,1997,144.27286,WHO,Mozambique
PER,2007,25.52697,WHO,Peru
CMR,2011,65.85738,WHO,Cameroon
YEM,2013,42.67916,WHO,Yemen
MRT,2015,,WHO,Mauritania
SYR,2006,,WHO,Syria
UKR,2012,,WHO,Ukraine
COG,2011,59.72846,WHO,Congo
CAF,2010,,WHO,Central African Republic
TJK,2005,,WHO,Tajikistan
KIR,2018,30.10223,WHO,Kiribati
VNM,2006,,WHO,Vietnam
NPL,2001,53.23099,WHO,Nepal
SUR,2010,,WHO,Suriname
BDI,2010,72.17134,WHO,Burundi
CUB,2010,,WHO,Cuba
BGD,1993,92.38655,WHO,Bangladesh
BLZ,2011,,WHO,Belize
IDN,2012,40.2474,WHO,Indonesia
GMB,2013,21.78509,WHO,Gambia
BLR,2005,,WHO,Belarus
TCD,2010,,WHO,Chad
SEN,2014,36.85616,WHO,Senegal
CRI,2011,,WHO,Costa Rica
BFA,2006,,WHO,Burkina Faso
SEN,2016,47.03494,WHO,Senegal
SWZ,2010,56.31129,WHO,Eswatini
MLI,2006,118.76847,WHO,Mali
JOR,2017,15.12449,WHO,Jordan
SRB,2014,,WHO,Serbia
CRI,2018,,WHO,Costa Rica
PER,2009,30.05335,WHO,Peru
MKD,2005,,WHO,North Macedonia
COG,2014,45.55872,WHO,Congo
LBR,2013,69.42462,WHO,Liberia
LBR,2007,70.35939,WHO,Liberia
NIC,1997,61.64322,WHO,Nicaragua
HND,2011,20.12743,WHO,Honduras
LAO,2017,43.01485,WHO,Laos
ARM,2000,26.12267,WHO,Armenia
TCD,2019,72.94159,WHO,Chad
AFG,2010,,WHO,Afghanistan
MDG,2018,35.04375,WHO,Madagascar
AZE,2006,24.58987,WHO,Azerbaijan
NGA,2008,89.37695,WHO,Nigeria
CMR,2006,,WHO,Cameroon
HND,2001,,WHO,Honduras
ARM,2010,,WHO,Armenia
TLS,2009,63.52168,WHO,East Timor
NIC,2006,,WHO,Nicaragua
PHL,1998,28.67826,WHO,Philippines
BOL,2003,64.22712,WHO,Bolivia
COL,2015,11.80412,WHO,Colombia
CMR,1998,52.73491,WHO,Cameroon
BFA,2003,103.64423,WHO,Burkina Faso
TTO,2011,,WHO,Trinidad and Tobago
MWI,2019,40.93747,WHO,Malawi
PER,2018,15.00536,WHO,Peru
QAT,2012,,WHO,Qatar
BGD,2019,28.53576,WHO,Bangladesh
PHL,2013,33.25612,WHO,Philippines
KAZ,2010,,WHO,Kazakhstan
PRY,2008,,WHO,Paraguay
ALB,2017,,WHO,Albania
PER,2009,16.89367,WHO,Peru
UGA,2000,71.94813,WHO,Uganda
TZA,2004,70.53539,WHO,Tanzania
PER,2008,11.69114,WHO,Peru
URY,2012,,WHO,Uruguay
KGZ,2012,35.15178,WHO,Kyrgyzstan
NAM,2000,27.42861,WHO,Namibia
HND,2019,23.50466,WHO,Honduras
PER,2004,50.74212,WHO,Peru
PHL,2013,37.33984,WHO,Philippines
MNE,2005,,WHO,Montenegro
MAR,2003,32.91314,WHO,Morocco
COD,2017,47.01652,WHO,Democratic Republic of Congo
YEM,2006,,WHO,Yemen
SLE,2010,,WHO,Sierra Leone
UGA,2000,104.27951,WHO,Uganda
SLE,2013,96.36285,WHO,Sierra Leone
LAO,2006,,WHO,Laos
PRY,2004,,WHO,Paraguay
GHA,2006,,WHO,Ghana
CIV,1994,90.73801,WHO,Cote d'Ivoire
JOR,1997,29.2186,WHO,Jordan
KEN,1998,82.89851,WHO,Kenya
KAZ,2006,,WHO,Kazakhstan
COL,2010,19.94663,WHO,Colombia
MAR,2003,32.89047,WHO,Morocco
CAF,2018,56.7016,WHO,Central African Republic
NPL,2016,31.68562,WHO,Nepal
PER,2019,11.84815,WHO,Peru
CIV,1998,84.69035,WHO,Cote d'Ivoire
ARG,2011,,WHO,Argentina
IRQ,2018,15.84472,WHO,Iraq
SDN,2014,51.73817,WHO,Sudan
KAZ,2015,,WHO,Kazakhstan
MDG,2003,66.15619,WHO,Madagascar
EGY,1995,70.00274,WHO,Egypt
TCD,2004,101.03619,WHO,Chad
CUB,2006,,WHO,Cuba
BOL,1998,49.97781,WHO,Bolivia
HND,2005,30.25846,WHO,Honduras
ETH,2011,60.03587,WHO,Ethiopia
EGY,2000,46.86182,WHO,Egypt
GNB,2006,,WHO,Guinea-Bissau
PER,2020,,WHO,Peru
VNM,2006,,WHO,Vietnam
BGD,2014,44.10315,WHO,Bangladesh
PER,2020,15.78332,WHO,Peru
PER,2007,,WHO,Peru
TZA,2010,72.70137,WHO,Tanzania
TUN,2011,28.72613,WHO,Tunisia
BGD,2012,,WHO,Bangladesh
MMR,2015,77.90768,WHO,Myanmar
IDN,2007,35.45802,WHO,Indonesia
LAO,2006,,WHO,Laos
GHA,2008,46.49349,WHO,Ghana
PER,2004,,WHO,Peru
NAM,2006,52.46381,WHO,Namibia
ZMB,2001,139.20807,WHO,Zambia
IDN,1997,77.53622,WHO,Indonesia
KAZ,1995,42.09655,WHO,Kazakhstan
SLV,1998,,WHO,El Salvador
CUB,2006,,WHO,Cuba
NAM,2013,49.50165,WHO,Namibia
LAO,2017,39.73079,WHO,Laos
CMR,2004,53.00559,WHO,Cameroon
SEN,2014,36.88621,WHO,Senegal
LSO,2018,80.71934,WHO,Lesotho
TKM,2006,,WHO,Turkmenistan
TCD,2014,93.8903,WHO,Chad
BRA,1996,78.64543,WHO,Brazil
TGO,2017,50.15203,WHO,Togo
HTI,2005,75.1909,WHO,Haiti
TLS,2016,36.15831,WHO,East Timor
TKM,2006,,WHO,Turkmenistan
THA,2015,,WHO,Thailand
TUN,2011,16.03645,WHO,Tunisia
BLZ,2015,,WHO,Belize
BEN,2006,53.96462,WHO,Benin
GHA,2003,66.14196,WHO,Ghana
MDG,1997,60.34488,WHO,Madagascar
SUR,2018,28.61964,WHO,Suriname
COM,1996,82.67664,WHO,Comoros
IDN,2017,31.56054,WHO,Indonesia
ZMB,1996,91.92908,WHO,Zambia
ARG,2011,,WHO,Argentina
IND,2015,15.51683,WHO,India
PER,2011,5.77619,WHO,Peru
SWZ,2014,63.95125,WHO,Eswatini
PHL,1998,41.91784,WHO,Philippines
NPL,1996,84.32118,WHO,Nepal
SEN,2019,37.57291,WHO,Senegal
MDV,2009,18.18423,WHO,Maldives
BOL,1998,82.44637,WHO,Bolivia
SEN,2005,89.00947,WHO,Senegal
PAK,2006,73.77063,WHO,Pakistan
DOM,1999,,WHO,Dominican Republic
NPL,2011,50.21805,WHO,Nepal
MOZ,2008,94.62427,WHO,Mozambique
URY,2012,,WHO,Uruguay
NGA,2013,83.63004,WHO,Nigeria
JOR,2007,22.42164,WHO,Jordan
NAM,2013,37.15235,WHO,Namibia
KHM,2010,29.95931,WHO,Cambodia
CRI,2011,,WHO,Costa Rica
COD,2010,,WHO,Democratic Republic of Congo
COD,2013,72.17445,WHO,Democratic Republic of Congo
MDG,2018,44.93925,WHO,Madagascar
MOZ,2003,150.98024,WHO,Mozambique
EGY,2008,23.40838,WHO,Egypt
CUB,2010,,WHO,Cuba
MDV,2016,16.61448,WHO,Maldives
DJI,2006,,WHO,Djibouti
CIV,1994,112.23206,WHO,Cote d'Ivoire
PAK,2017,52.28635,WHO,Pakistan
DOM,2013,41.61933,WHO,Dominican Republic
VNM,2013,9.56487,WHO,Vietnam
CIV,2016,57.93531,WHO,Cote d'Ivoire
ZWE,2010,60.05969,WHO,Zimbabwe
GMB,2018,36.32502,WHO,Gambia
LAO,2006,,WHO,Laos
MOZ,2008,114.6488,WHO,Mozambique
DOM,2002,19.98918,WHO,Dominican Republic
KGZ,2018,16.05228,WHO,Kyrgyzstan
CRI,1992,,WHO,Costa Rica
BDI,2005,,WHO,Burundi
PRY,1998,,WHO,Paraguay
MOZ,2011,59.23314,WHO,Mozambique
PER,1996,82.64417,WHO,Peru
GAB,2012,30.16958,WHO,Gabon
NPL,2001,79.19567,WHO,Nepal
SLV,1998,,WHO,El Salvador
COD,2010,,WHO,Democratic Republic of Congo
TLS,2009,75.51263,WHO,East Timor
TJK,2005,,WHO,Tajikistan
ZWE,1999,47.18763,WHO,Zimbabwe
TJK,2012,35.29784,WHO,Tajikistan
TKM,2015,30.50188,WHO,Turkmenistan
SLE,2019,89.4256,WHO,Sierra Leone
IND,1998,38.09162,WHO,India
BOL,2003,56.28746,WHO,Bolivia
NIC,2006,,WHO,Nicaragua
ARM,2010,21.2169,WHO,Armenia
TUV,2019,21.70196,WHO,Tuvalu
HND,2005,22.42453,WHO,Honduras
HTI,2000,100.19343,WHO,Haiti
URY,2012,,WHO,Uruguay
COD,2010,,WHO,Democratic Republic of Congo
LSO,2004,104.8486,WHO,Lesotho
BEN,1996,117.64988,WHO,Benin
KAZ,1999,50.24694,WHO,Kazakhstan
SUR,2006,,WHO,Suriname
SEN,2012,35.0139,WHO,Senegal
GHA,1998,67.48128,WHO,Ghana
UGA,2011,51.36563,WHO,Uganda
BLZ,2006,,WHO,Belize
GMB,2019,,WHO,Gambia
NER,1998,70.08688,WHO,Niger
GMB,2019,48.35452,WHO,Gambia
JOR,2012,17.29964,WHO,Jordan
TCD,2004,118.30269,WHO,Chad
JAM,2005,,WHO,Jamaica
NGA,2011,,WHO,Nigeria
CUB,2010,,WHO,Cuba
KEN,2014,41.50885,WHO,Kenya
PER,2004,48.68606,WHO,Peru
CIV,1994,97.43025,WHO,Cote d'Ivoire
BEN,2014,66.44026,WHO,Benin
NIC,1997,53.73661,WHO,Nicaragua
PHL,2017,23.00628,WHO,Philippines
MLI,2001,136.42712,WHO,Mali
MOZ,2011,74.4372,WHO,Mozambique
MNG,2018,15.64507,WHO,Mongolia
MOZ,2015,16.02064,WHO,Mozambique
IDN,2002,15.25614,WHO,Indonesia
HND,1996,,WHO,Honduras
ARG,2019,,WHO,Argentina
PER,2019,,WHO,Peru
TUN,2018,4.5969,WHO,Tunisia
ZWE,2019,57.38781,WHO,Zimbabwe
NAM,2000,52.9241,WHO,Namibia
THA,2015,,WHO,Thailand
SLE,2017,50.70419,WHO,Sierra Leone
BGD,2019,35.35353,WHO,Bangladesh
BLR,2005,,WHO,Belarus
PER,2012,38.02245,WHO,Peru
PER,2009,12.98671,WHO,Peru
STP,2008,48.81898,WHO,Sao Tome and Principe
RWA,2005,99.48979,WHO,Rwanda
ALB,2005,,WHO,Albania
CIV,2006,,WHO,Cote d'Ivoire
TUN,2011,14.55416,WHO,Tunisia
KAZ,2006,,WHO,Kazakhstan
TTO,2006,,WHO,Trinidad and Tobago
MNG,2005,,WHO,Mongolia
BDI,2016,55.60759,WHO,Burundi
LSO,2009,65.22926,WHO,Lesotho
MLI,2001,137.21724,WHO,Mali
PAK,2012,82.12881,WHO,Pakistan
PAN,2013,,WHO,Panama
PER,2007,22.41447,WHO,Peru
GHA,2014,54.79607,WHO,Ghana
GMB,2019,40.90189,WHO,Gambia
TZA,2015,58.64781,WHO,Tanzania
GNB,2018,33.94429,WHO,Guinea-Bissau
SEN,2015,27.16512,WHO,Senegal
KGZ,1997,56.75328,WHO,Kyrgyzstan
EGY,2014,28.93852,WHO,Egypt
SLE,2017,52.93761,WHO,Sierra Leone
TCD,1996,136.73802,WHO,Chad
BDI,2016,54.48554,WHO,Burundi
KHM,2000,72.33878,WHO,Cambodia
NIC,2006,,WHO,Nicaragua
STP,2008,42.49341,WHO,Sao Tome and Principe
GMB,2010,,WHO,Gambia
NPL,2014,52.43389,WHO,Nepal
GHA,2006,,WHO,Ghana
NGA,1999,,WHO,Nigeria
THA,2012,,WHO,Thailand
ZWE,2009,60.37318,WHO,Zimbabwe
TZA,2010,62.10332,WHO,Tanzania
JOR,2012,15.54401,WHO,Jordan
MWI,2006,81.99218,WHO,Malawi
NGA,2008,92.9398,WHO,Nigeria
MDV,2016,27.79465,WHO,Maldives
MDG,2008,54.57312,WHO,Madagascar
COD,2017,41.75264,WHO,Democratic Republic of Congo
SEN,2017,42.86864,WHO,Senegal
BDI,2005,,WHO,Burundi
PER,2014,0,WHO,Peru
NPL,2006,71.36489,WHO,Nepal
MDA,1997,,WHO,Moldova
CMR,2018,38.936,WHO,Cameroon
LAO,2006,,WHO,Laos
PRY,2004,,WHO,Paraguay
GMB,2013,43.45213,WHO,Gambia
PER,2016,0,WHO,Peru
PRY,1995,,WHO,Paraguay
HND,2019,23.06314,WHO,Honduras
COG,2011,63.22843,WHO,Congo
SEN,2014,26.64379,WHO,Senegal
UGA,1995,87.63176,WHO,Uganda
NER,1998,130.52931,WHO,Niger
NIC,1992,,WHO,Nicaragua
PER,2020,11.61737,WHO,Peru
GUY,2009,35.82717,WHO,Guyana
DOM,2007,40.32651,WHO,Dominican Republic
SLE,2013,102.46951,WHO,Sierra Leone
BEN,2017,49.19785,WHO,Benin
KEN,2003,79.71907,WHO,Kenya
IDN,2017,19.6973,WHO,Indonesia
COL,2010,19.73363,WHO,Colombia
DZA,2012,25.06809,WHO,Algeria
MRT,2007,,WHO,Mauritania
PER,2004,26.92113,WHO,Peru
SEN,2010,67.98763,WHO,Senegal
NGA,2007,,WHO,Nigeria
PAN,2013,,WHO,Panama
NGA,2007,,WHO,Nigeria
PHL,2003,41.1409,WHO,Philippines
IDN,1997,80.79205,WHO,Indonesia
UKR,2005,,WHO,Ukraine
ETH,2011,63.03006,WHO,Ethiopia
IND,2005,45.25499,WHO,India
MOZ,2015,21.40108,WHO,Mozambique
ZMB,2018,46.54662,WHO,Zambia
PER,2007,29.23078,WHO,Peru
BOL,1998,76.19371,WHO,Bolivia
ARM,2010,20.0714,WHO,Armenia
PER,2019,22.69943,WHO,Peru
TCD,1996,136.28323,WHO,Chad
JOR,2002,23.89457,WHO,Jordan
GIN,2016,36.62001,WHO,Guinea
TZA,2004,58.10284,WHO,Tanzania
KAZ,2015,,WHO,Kazakhstan
TGO,2010,,WHO,Togo
TKM,2019,30.80226,WHO,Turkmenistan
ECU,2004,,WHO,Ecuador
MAR,2003,31.75276,WHO,Morocco
TZA,1996,76.937,WHO,Tanzania
COM,2012,35.76604,WHO,Comoros
MWI,2006,81.12283,WHO,Malawi
GUY,2009,45.07265,WHO,Guyana
SLV,2014,18.94253,WHO,El Salvador
PER,1996,46.6801,WHO,Peru
GIN,2005,119.3254,WHO,Guinea
BDI,2010,73.92614,WHO,Burundi
LSO,2009,98.80986,WHO,Lesotho
GEO,2005,,WHO,Georgia
AFG,2015,56.71095,WHO,Afghanistan
UKR,2005,,WHO,Ukraine
PER,2007,15.23063,WHO,Peru
BEN,2014,62.15531,WHO,Benin
PER,1996,57.99067,WHO,Peru
ZWE,2005,39.72374,WHO,Zimbabwe
PER,2009,9.28207,WHO,Peru
SLV,2014,16.65753,WHO,El Salvador
NGA,2007,,WHO,Nigeria
CMR,2011,96.43451,WHO,Cameroon
BTN,2010,,WHO,Bhutan
SEN,2019,28.85508,WHO,Senegal
JAM,2005,,WHO,Jamaica
PHL,2017,17.00352,WHO,Philippines
TGO,1998,75.97301,WHO,Togo
TUR,2013,12.89375,WHO,Turkey
GMB,2005,,WHO,Gambia
STP,2014,29.46331,WHO,Sao Tome and Principe
COG,2005,61.81364,WHO,Congo
SEN,2017,31.69073,WHO,Senegal
MLI,2012,60.16795,WHO,Mali
GHA,2006,,WHO,Ghana
TTO,2006,,WHO,Trinidad and Tobago
MWI,2015,44.57927,WHO,Malawi
NER,2006,60.88099,WHO,Niger
SOM,2006,84.50212,WHO,Somalia
BFA,1998,119.6455,WHO,Burkina Faso
ETH,2019,49.7849,WHO,Ethiopia
MNE,2013,,WHO,Montenegro
MOZ,1997,133.05128,WHO,Mozambique
GUY,2019,25.09636,WHO,Guyana
SLV,1998,,WHO,El Salvador
GMB,2005,,WHO,Gambia
IND,2015,31.52803,WHO,India
VUT,2007,,WHO,Vanuatu
GTM,2008,,WHO,Guatemala
NPL,2001,82.84921,WHO,Nepal
PER,1996,57.21701,WHO,Peru
SEN,2005,99.77947,WHO,Senegal
BEN,2001,81.76051,WHO,Benin
PHL,2017,26.43843,WHO,Philippines
MNE,2013,,WHO,Montenegro
GNB,2018,33.38219,WHO,Guinea-Bissau
UGA,2000,42.71621,WHO,Uganda
UKR,1999,,WHO,Ukraine
AFG,2010,,WHO,Afghanistan
BGD,2014,43.38091,WHO,Bangladesh
PER,2013,0,WHO,Peru
YEM,2013,48.66762,WHO,Yemen
ETH,2005,85.80552,WHO,Ethiopia
PER,2010,,WHO,Peru
PER,2016,25.13918,WHO,Peru
TUR,1993,85.80742,WHO,Turkey
BTN,2010,,WHO,Bhutan
LAO,2017,26.51592,WHO,Laos
HND,2001,,WHO,Honduras
ARG,2019,,WHO,Argentina
ETH,2016,40.24902,WHO,Ethiopia
ZWE,1994,49.45424,WHO,Zimbabwe
TUN,2018,1.38646,WHO,Tunisia
GHA,2008,,WHO,Ghana
TJK,2005,,WHO,Tajikistan
COG,2014,30.66209,WHO,Congo
SWZ,2014,59.75441,WHO,Eswatini
SRB,2019,,WHO,Serbia
PAK,2017,,WHO,Pakistan
SRB,2010,,WHO,Serbia
NGA,2007,,WHO,Nigeria
PER,2012,,WHO,Peru
MOZ,2015,9.61043,WHO,Mozambique
LBR,2019,64.11978,WHO,Liberia
BOL,1994,96.02477,WHO,Bolivia
IND,2005,81.86829,WHO,India
KAZ,1995,,WHO,Kazakhstan
IDN,1997,45.22561,WHO,Indonesia
QAT,2012,,WHO,Qatar
IDN,2002,41.37576,WHO,Indonesia
DZA,2012,21.20511,WHO,Algeria
IRQ,2006,41.82554,WHO,Iraq
MOZ,2015,,WHO,Mozambique
MLI,2006,114.2969,WHO,Mali
UKR,2012,,WHO,Ukraine
NPL,2001,62.73142,WHO,Nepal
CUB,2019,,WHO,Cuba
PHL,1998,39.35048,WHO,Philippines
KGZ,2005,,WHO,Kyrgyzstan
MMR,2015,75.69837,WHO,Myanmar
GEO,2018,,WHO,Georgia
LAO,2011,72.41608,WHO,Laos
MOZ,2015,28.19256,WHO,Mozambique
IND,1998,39.40501,WHO,India
CMR,2004,90.84988,WHO,Cameroon
ARM,2015,7.3199,WHO,Armenia
AFG,2015,60.02661,WHO,Afghanistan
TUR,1993,54.35426,WHO,Turkey
AZE,2006,24.42655,WHO,Azerbaijan
CMR,2006,,WHO,Cameroon
SUR,2018,7.61055,WHO,Suriname
LBR,2013,79.3653,WHO,Liberia
TZA,1999,65.98798,WHO,Tanzania
SUR,2018,,WHO,Suriname
SLV,1998,,WHO,El Salvador
VUT,2007,,WHO,Vanuatu
MKD,2005,,WHO,North Macedonia
SEN,2017,46.01849,WHO,Senegal
IRQ,2011,32.52317,WHO,Iraq
ZAF,2016,46.09411,WHO,South Africa
ARG,2011,,WHO,Argentina
CIV,2006,,WHO,Cote d'Ivoire
SUR,2010,,WHO,Suriname
NPL,2010,,WHO,Nepal
COL,2010,17.57622,WHO,Colombia
ZAF,2016,49.65693,WHO,South Africa
KEN,2014,43.55594,WHO,Kenya
THA,2019,,WHO,Thailand
PRY,1998,,WHO,Paraguay
MDA,2005,16.82172,WHO,Moldova
VNM,1997,36.96518,WHO,Vietnam
SEN,2012,53.54951,WHO,Senegal
TZA,2004,87.75975,WHO,Tanzania
MOZ,2011,38.80949,WHO,Mozambique
MRT,2007,,WHO,Mauritania
DOM,2013,13.35044,WHO,Dominican Republic
IDN,2017,32.6342,WHO,Indonesia
PER,2020,13.14177,WHO,Peru
ALB,2002,,WHO,Albania
UKR,2007,,WHO,Ukraine
NER,1998,141.95894,WHO,Niger
HND,2001,,WHO,Honduras
UGA,2006,94.59268,WHO,Uganda
NGA,2011,,WHO,Nigeria
KHM,2010,65.18366,WHO,Cambodia
VNM,2002,15.53231,WHO,Vietnam
HTI,2005,77.07907,WHO,Haiti
TKM,2015,45.29768,WHO,Turkmenistan
DOM,2002,43.97432,WHO,Dominican Republic
MNG,2010,,WHO,Mongolia
GMB,2013,41.46012,WHO,Gambia
BEN,2006,69.27374,WHO,Benin
GTM,2014,31.563,WHO,Guatemala
PER,2000,50.55774,WHO,Peru
PER,2015,12.65504,WHO,Peru
MDA,1997,,WHO,Moldova
PHL,2008,24.32858,WHO,Philippines
SLV,2014,18.646,WHO,El Salvador
NGA,2008,109.48274,WHO,Nigeria
DZA,2012,31.55402,WHO,Algeria
SSD,2010,24.11308,WHO,South Sudan
MWI,2019,28.80439,WHO,Malawi
UGA,2006,101.40433,WHO,Uganda
TLS,2016,35.67294,WHO,East Timor
GIN,2005,90.86696,WHO,Guinea
GAB,2000,56.99228,WHO,Gabon
ALB,2017,5.4663,WHO,Albania
TZA,2010,52.461,WHO,Tanzania
IND,1998,77.99341,WHO,India
SRB,2010,,WHO,Serbia
SLE,2010,,WHO,Sierra Leone
MWI,2015,41.69553,WHO,Malawi
LAO,2017,39.27787,WHO,Laos
TKM,2019,18.39231,WHO,Turkmenistan
NAM,2006,56.38631,WHO,Namibia
NGA,2016,43.0914,WHO,Nigeria
SEN,2019,36.2699,WHO,Senegal
UZB,1996,35.41401,WHO,Uzbekistan
LCA,2012,,WHO,Saint Lucia
MNE,2013,,WHO,Montenegro
ALB,2008,23.56196,WHO,Albania
BRA,1996,51.63407,WHO,Brazil
SDN,2014,55.80902,WHO,Sudan
DOM,1999,65.80347,WHO,Dominican Republic
GEO,2005,,WHO,Georgia
MWI,2004,89.6309,WHO,Malawi
PRY,2008,,WHO,Paraguay
NGA,2018,50.67213,WHO,Nigeria
BEN,2006,80.05876,WHO,Benin
TLS,2016,25.87734,WHO,East Timor
BRA,1996,87.14172,WHO,Brazil
MKD,2005,,WHO,North Macedonia
KGZ,2018,9.94929,WHO,Kyrgyzstan
TZA,1996,,WHO,Tanzania
URY,2012,,WHO,Uruguay
IDN,1997,64.69379,WHO,Indonesia
UKR,2005,,WHO,Ukraine
DOM,2007,45.29667,WHO,Dominican Republic
HND,2019,16.62549,WHO,Honduras
PER,2006,,WHO,Peru
KEN,2008,64.23164,WHO,Kenya
BEN,2014,65.04696,WHO,Benin
PER,2000,,WHO,Peru
HTI,2016,59.26779,WHO,Haiti
MOZ,2015,20.38571,WHO,Mozambique
GIN,2005,121.16203,WHO,Guinea
BLR,2019,,WHO,Belarus
ECU,1999,,WHO,Ecuador
SUR,2006,,WHO,Suriname
COL,1995,26.88502,WHO,Colombia
LBR,2013,80.99437,WHO,Liberia
COD,2007,56.29811,WHO,Democratic Republic of Congo
SLV,2008,,WHO,El Salvador
NGA,2003,120.22448,WHO,Nigeria
GIN,2005,100.46416,WHO,Guinea
COL,2015,19.15156,WHO,Colombia
ZWE,1999,86.60686,WHO,Zimbabwe
BLR,2012,,WHO,Belarus
SLV,2008,,WHO,El Salvador
IRQ,2011,34.70607,WHO,Iraq
BGD,2012,,WHO,Bangladesh
ALB,2017,2.74804,WHO,Albania
URY,2012,,WHO,Uruguay
MRT,2011,63.374,WHO,Mauritania
ZAF,1998,34.71148,WHO,South Africa
CUB,2010,,WHO,Cuba
PAK,2012,75.86539,WHO,Pakistan
PER,2010,40.34363,WHO,Peru
BOL,1994,92.78083,WHO,Bolivia
SEN,2017,38.78747,WHO,Senegal
LAO,2017,47.5777,WHO,Laos
MRT,2015,36.99459,WHO,Mauritania
ZMB,1996,71.96346,WHO,Zambia
ETH,2005,87.71169,WHO,Ethiopia
UKR,2007,23.39826,WHO,Ukraine
JOR,2007,28.31769,WHO,Jordan
IDN,1997,62.78249,WHO,Indonesia
COM,1996,38.15485,WHO,Comoros
TUV,2019,20.03495,WHO,Tuvalu
VNM,2002,26.93416,WHO,Vietnam
BGD,2006,,WHO,Bangladesh
PHL,2013,16.30112,WHO,Philippines
NGA,2008,78.19806,WHO,Nigeria
PAN,2013,,WHO,Panama
AGO,2015,56.67225,WHO,Angola
PER,2017,,WHO,Peru
MAR,2003,,WHO,Morocco
COD,2017,52.88374,WHO,Democratic Republic of Congo
SWZ,2006,69.8607,WHO,Eswatini
NPL,2016,23.47399,WHO,Nepal
MRT,2007,,WHO,Mauritania
PER,2018,17.65722,WHO,Peru
RWA,2005,63.64892,WHO,Rwanda
UGA,1995,67.54774,WHO,Uganda
YEM,2013,35.02474,WHO,Yemen
MLI,2001,128.90869,WHO,Mali
CUB,2019,,WHO,Cuba
KHM,2010,70.63948,WHO,Cambodia
CMR,2014,44.94212,WHO,Cameroon
ARG,2019,,WHO,Argentina
GHA,2011,54.07347,WHO,Ghana
PER,2015,8.56452,WHO,Peru
IND,1998,,WHO,India
SEN,2010,62.89849,WHO,Senegal
COL,2000,22.79749,WHO,Colombia
YEM,2013,53.46233,WHO,Yemen
SRB,2005,,WHO,Serbia
MNG,2010,,WHO,Mongolia
TTO,2011,,WHO,Trinidad and Tobago
LBR,2007,90.65543,WHO,Liberia
CUB,2019,,WHO,Cuba
MWI,2010,78.77142,WHO,Malawi
ECU,1994,,WHO,Ecuador
PHL,2008,24.09581,WHO,Philippines
MEX,2015,,WHO,Mexico
MDV,2009,22.16911,WHO,Maldives
BLZ,2015,15.77303,WHO,Belize
COL,2000,42.26513,WHO,Colombia
ZMB,1996,120.74063,WHO,Zambia
PER,2016,12.64242,WHO,Peru
NGA,2003,105.90073,WHO,Nigeria
BLR,2019,,WHO,Belarus
KAZ,1995,39.19136,WHO,Kazakhstan
SEN,2014,25.61707,WHO,Senegal
IND,2015,48.53366,WHO,India
ARG,2019,,WHO,Argentina
BGD,2014,40.56435,WHO,Bangladesh
PER,2004,,WHO,Peru
UKR,1999,,WHO,Ukraine
PER,2018,13.552,WHO,Peru
LCA,2012,,WHO,Saint Lucia
NPL,2011,53.13725,WHO,Nepal
MLI,2006,97.26524,WHO,Mali
GEO,2005,,WHO,Georgia
RWA,2005,116.71954,WHO,Rwanda
KAZ,1999,36.33303,WHO,Kazakhstan
ALB,2017,7.75124,WHO,Albania
ZAF,1998,35.33286,WHO,South Africa
RWA,2000,123.13471,WHO,Rwanda
CRI,2011,,WHO,Costa Rica
IND,2015,33.71041,WHO,India
CAF,1994,53.69849,WHO,Central African Republic
ZMB,2001,113.81116,WHO,Zambia
MDV,2016,20.66992,WHO,Maldives
LBR,2019,82.78491,WHO,Liberia
KGZ,2018,17.64607,WHO,Kyrgyzstan
LAO,2017,61.67605,WHO,Laos
MNG,2005,,WHO,Mongolia
BLZ,1991,,WHO,Belize
GMB,2013,50.21758,WHO,Gambia
DOM,1999,50.59282,WHO,Dominican Republic
GHA,2017,37.33799,WHO,Ghana
BGD,2006,,WHO,Bangladesh
BGD,1996,98.71922,WHO,Bangladesh
SRB,2005,,WHO,Serbia
SDN,2010,51.73502,WHO,Sudan
MLI,2009,,WHO,Mali
PER,2007,5.26413,WHO,Peru
CAF,2010,,WHO,Central African Republic
TZA,2004,92.04742,WHO,Tanzania
NAM,2013,34.24434,WHO,Namibia
LBR,2007,107.37139,WHO,Liberia
GEO,2018,,WHO,Georgia
SUR,2006,,WHO,Suriname
ZAF,1998,83.69975,WHO,South Africa
SUR,2018,16.17693,WHO,Suriname
ARG,2011,,WHO,Argentina
CIV,2006,,WHO,Cote d'Ivoire
IRQ,2011,31.25876,WHO,Iraq
SEN,2014,40.65502,WHO,Senegal
TUN,2018,7.61069,WHO,Tunisia
BGD,2014,40.37234,WHO,Bangladesh
ETH,2011,58.03668,WHO,Ethiopia
TCD,1996,111.33022,WHO,Chad
KHM,2000,,WHO,Cambodia
NPL,2011,55.78416,WHO,Nepal
MMR,2015,63.6252,WHO,Myanmar
NPL,2016,26.10573,WHO,Nepal
COG,2005,95.06387,WHO,Congo
ALB,2005,,WHO,Albania
SLE,2005,,WHO,Sierra Leone
ETH,2019,37.58754,WHO,Ethiopia
KGZ,2005,,WHO,Kyrgyzstan
MKD,2011,,WHO,North Macedonia
KHM,2010,61.68759,WHO,Cambodia
SDN,2014,35.21087,WHO,Sudan
PER,2008,8.5475,WHO,Peru
MDA,1997,,WHO,Moldova
COD,2017,39.58259,WHO,Democratic Republic of Congo
SRB,2010,,WHO,Serbia
NGA,1999,74.32798,WHO,Nigeria
TLS,2009,54.67859,WHO,East Timor
ETH,2019,,WHO,Ethiopia
PRY,1995,,WHO,Paraguay
GTM,1998,41.14656,WHO,Guatemala
PAK,2017,43.97144,WHO,Pakistan
PER,2011,13.44072,WHO,Peru
LAO,2017,0.06061,WHO,Laos
PRY,2004,,WHO,Paraguay
HND,2005,20.25579,WHO,Honduras
UKR,2005,,WHO,Ukraine
IND,2015,,WHO,India
SLV,1993,,WHO,El Salvador
IND,2015,,WHO,India
MDG,1997,112.6687,WHO,Madagascar
SEN,2019,33.23547,WHO,Senegal
THA,2015,,WHO,Thailand
ARG,2019,,WHO,Argentina
HND,1996,,WHO,Honduras
MWI,2019,36.04565,WHO,Malawi
MLI,2006,131.80708,WHO,Mali
NAM,2000,23.80522,WHO,Namibia
PER,2013,,WHO,Peru
IND,2015,47.80721,WHO,India
KAZ,1995,32.27624,WHO,Kazakhstan
TGO,1998,73.60086,WHO,Togo
PER,2014,0,WHO,Peru
ETH,2011,,WHO,Ethiopia
ZWE,2009,66.00395,WHO,Zimbabwe
JAM,2011,,WHO,Jamaica
BGD,2019,45.45348,WHO,Bangladesh
TUR,2003,51.77803,WHO,Turkey
ZAF,1998,36.2999,WHO,South Africa
BLZ,2015,4.90174,WHO,Belize
IDN,2007,40.70162,WHO,Indonesia
MWI,2013,0.07409,WHO,Malawi
SLV,1998,,WHO,El Salvador
LAO,2017,59.66853,WHO,Laos
LBR,2013,68.07851,WHO,Liberia
PER,2006,31.64993,WHO,Peru
KHM,2014,59.81841,WHO,Cambodia
BGD,2006,,WHO,Bangladesh
GEO,2005,,WHO,Georgia
GMB,2005,,WHO,Gambia
PER,2006,,WHO,Peru
IDN,2017,,WHO,Indonesia
SWZ,2014,0.05464,WHO,Eswatini
DZA,2018,13.76049,WHO,Algeria
PHL,2003,13.04383,WHO,Philippines
TCD,2014,109.14079,WHO,Chad
GAB,2012,56.33404,WHO,Gabon
HTI,2005,53.3578,WHO,Haiti
MKD,2018,7.86286,WHO,North Macedonia
AFG,2015,20.65839,WHO,Afghanistan
GTM,1998,48.09488,WHO,Guatemala
DZA,2018,16.71407,WHO,Algeria
DJI,2006,,WHO,Djibouti
NAM,2000,53.43137,WHO,Namibia
BLR,2005,,WHO,Belarus
MDG,1997,77.8812,WHO,Madagascar
IRQ,2011,31.01942,WHO,Iraq
DOM,2019,27.3149,WHO,Dominican Republic
MOZ,2011,64.4437,WHO,Mozambique
BGD,1999,92.81614,WHO,Bangladesh
NGA,2016,61.86366,WHO,Nigeria
SWZ,2006,77.33871,WHO,Eswatini
NGA,2013,60.61937,WHO,Nigeria
GAB,2012,43.57279,WHO,Gabon
BEN,1996,119.39654,WHO,Benin
NPL,2019,33.61782,WHO,Nepal
ZMB,2018,57.71752,WHO,Zambia
NGA,2016,85.0001,WHO,Nigeria
ZWE,2010,54.98725,WHO,Zimbabwe
JOR,1997,38.15983,WHO,Jordan
ARM,2005,,WHO,Armenia
ZAF,1998,61.22942,WHO,South Africa
PER,1996,36.01612,WHO,Peru
TCD,2010,,WHO,Chad
NIC,1992,,WHO,Nicaragua
NPL,2019,29.8963,WHO,Nepal
MKD,2018,,WHO,North Macedonia
TUN,2011,23.47425,WHO,Tunisia
EGY,2008,20.10516,WHO,Egypt
BDI,2016,34.42196,WHO,Burundi
UGA,1995,74.37196,WHO,Uganda
KAZ,1999,43.71792,WHO,Kazakhstan
PER,2005,27.53773,WHO,Peru
SWZ,2010,73.37002,WHO,Eswatini
ETH,2000,114.46889,WHO,Ethiopia
MRT,2007,,WHO,Mauritania
YEM,2006,63.18657,WHO,Yemen
TUN,2011,4.82472,WHO,Tunisia
CMR,2014,45.61868,WHO,Cameroon
PHL,1993,27.10923,WHO,Philippines
VUT,2007,,WHO,Vanuatu
IND,1998,55.29395,WHO,India
EGY,1995,,WHO,Egypt
ARG,2011,,WHO,Argentina
PRY,1998,,WHO,Paraguay
HND,2011,14.84443,WHO,Honduras
SEN,2016,21.09909,WHO,Senegal
NGA,2003,63.96212,WHO,Nigeria
NGA,2007,,WHO,Nigeria
GHA,2008,53.13828,WHO,Ghana
PER,2008,,WHO,Peru
ARM,2005,,WHO,Armenia
HTI,2005,62.59982,WHO,Haiti
MWI,2013,53.84224,WHO,Malawi
BEN,2014,61.01762,WHO,Benin
IND,2005,54.81161,WHO,India
ZMB,1996,125.28232,WHO,Zambia
PRY,2004,,WHO,Paraguay
BDI,2010,84.56095,WHO,Burundi
UGA,2016,44.71458,WHO,Uganda
ARM,2015,10.47255,WHO,Armenia
BTN,2010,,WHO,Bhutan
UGA,1995,84.9038,WHO,Uganda
MDG,2008,32.80693,WHO,Madagascar
BDI,2005,,WHO,Burundi
SUR,2010,,WHO,Suriname
ECU,1994,,WHO,Ecuador
SEN,2019,26.67675,WHO,Senegal
PER,2017,8.59424,WHO,Peru
LSO,2014,62.85952,WHO,Lesotho
GIN,2012,102.55388,WHO,Guinea
BGD,2004,83.32406,WHO,Bangladesh
NGA,2008,97.24585,WHO,Nigeria
KEN,1998,66.75489,WHO,Kenya
CAF,1994,94.1014,WHO,Central African Republic
SRB,2010,,WHO,Serbia
BIH,2006,,WHO,Bosnia and Herzegovina
MDG,2008,34.42365,WHO,Madagascar
UKR,2005,,WHO,Ukraine
JOR,2017,8.78845,WHO,Jordan
YEM,2006,,WHO,Yemen
JAM,2005,,WHO,Jamaica
CRI,1992,,WHO,Costa Rica
MLI,2012,67.96355,WHO,Mali
PHL,2017,26.77137,WHO,Philippines
IRQ,2006,,WHO,Iraq
CMR,2014,27.13711,WHO,Cameroon
SSD,2010,82.17377,WHO,South Sudan
MLI,2018,34.12743,WHO,Mali
PHL,2003,25.08839,WHO,Philippines
CUB,2014,,WHO,Cuba
KAZ,2015,,WHO,Kazakhstan
GEO,2005,,WHO,Georgia
BEN,2006,72.96101,WHO,Benin
AZE,2006,,WHO,Azerbaijan
KGZ,2014,10.25794,WHO,Kyrgyzstan
KIR,2018,49.73037,WHO,Kiribati
SEN,2012,37.08089,WHO,Senegal
TCD,1996,74.90099,WHO,Chad
BGD,2006,,WHO,Bangladesh
ARM,2010,26.06565,WHO,Armenia
ZMB,2007,69.29338,WHO,Zambia
MRT,2011,47.67318,WHO,Mauritania
GUY,2009,33.77278,WHO,Guyana
GMB,2010,,WHO,Gambia
CRI,2018,,WHO,Costa Rica
BGD,1999,73.28809,WHO,Bangladesh
VNM,2002,20.53725,WHO,Vietnam
SLV,1993,,WHO,El Salvador
IND,1998,79.00137,WHO,India
SUR,2018,29.9374,WHO,Suriname
VNM,1997,51.26831,WHO,Vietnam
BFA,1998,112.77264,WHO,Burkina Faso
DOM,2019,24.26794,WHO,Dominican Republic
UGA,2006,93.92351,WHO,Uganda
EGY,1995,88.65486,WHO,Egypt
RWA,2000,77.89552,WHO,Rwanda
MMR,2015,53.2532,WHO,Myanmar
CUB,2006,,WHO,Cuba
KEN,1993,59.83561,WHO,Kenya
BIH,2011,,WHO,Bosnia and Herzegovina
MDG,2008,40.31645,WHO,Madagascar
CMR,2018,52.51099,WHO,Cameroon
COG,2014,31.10711,WHO,Congo
SEN,2019,25.44887,WHO,Senegal
MDG,2008,47.16823,WHO,Madagascar
PAN,2013,,WHO,Panama
JAM,2005,,WHO,Jamaica
MWI,2013,49.95538,WHO,Malawi
CIV,1998,97.73197,WHO,Cote d'Ivoire
AFG,2015,54.33676,WHO,Afghanistan
TGO,2006,,WHO,Togo
PHL,1998,30.89012,WHO,Philippines
SEN,2017,51.95098,WHO,Senegal
PNG,2016,43.15931,WHO,Papua New Guinea
ZWE,1994,51.97763,WHO,Zimbabwe
CAF,2018,88.29053,WHO,Central African Republic
MOZ,2003,148.77768,WHO,Mozambique
SEN,2012,41.98418,WHO,Senegal
NGA,2008,99.85028,WHO,Nigeria
CMR,2014,39.78601,WHO,Cameroon
STP,2019,13.8137,WHO,Sao Tome and Principe
NPL,2019,33.25917,WHO,Nepal
MNE,2005,,WHO,Montenegro
RWA,2000,148.7968,WHO,Rwanda
ZMB,2007,61.16877,WHO,Zambia
ZWE,1994,38.32189,WHO,Zimbabwe
JAM,2011,,WHO,Jamaica
CPV,1998,,WHO,Cape Verde
TKM,2015,21.19122,WHO,Turkmenistan
WSM,2019,20.14533,WHO,Samoa
KHM,2014,37.72811,WHO,Cambodia
TLS,2016,25.52741,WHO,East Timor
HTI,2016,62.84167,WHO,Haiti
TZA,2015,47.37334,WHO,Tanzania
ZAF,2016,40.33056,WHO,South Africa
HND,1996,,WHO,Honduras
NGA,2007,,WHO,Nigeria
COD,2017,46.38372,WHO,Democratic Republic of Congo
LSO,2014,80.27717,WHO,Lesotho
MKD,2011,,WHO,North Macedonia
LAO,2011,90.44741,WHO,Laos
SLV,2008,,WHO,El Salvador
BRB,2012,,WHO,Barbados
HND,2019,23.73666,WHO,Honduras
SYR,2006,,WHO,Syria
UKR,2012,,WHO,Ukraine
MOZ,2008,78.5764,WHO,Mozambique
TON,2019,22.28069,WHO,Tonga
MDV,2009,22.94755,WHO,Maldives
TCD,2019,,WHO,Chad
ECU,1999,,WHO,Ecuador
ZWE,2005,34.37213,WHO,Zimbabwe
IND,2005,77.72641,WHO,India
DZA,2018,17.26908,WHO,Algeria
EGY,2000,53.92539,WHO,Egypt
NGA,1999,59.30214,WHO,Nigeria
GMB,2018,30.51587,WHO,Gambia
BEN,2006,84.10914,WHO,Benin
NPL,2014,29.86878,WHO,Nepal
LSO,2009,73.9185,WHO,Lesotho
LBR,2007,81.44962,WHO,Liberia
GHA,2003,32.52661,WHO,Ghana
KEN,1998,64.86057,WHO,Kenya
ZWE,2005,42.85485,WHO,Zimbabwe
SDN,2014,33.83593,WHO,Sudan
MDV,2009,40.63335,WHO,Maldives
ZWE,2015,45.71587,WHO,Zimbabwe
PER,2008,10.17482,WHO,Peru
TZA,1996,90.04156,WHO,Tanzania
PER,2019,15.19352,WHO,Peru
PER,2006,1.1597,WHO,Peru
NPL,2019,7.88646,WHO,Nepal
COM,2012,38.98373,WHO,Comoros
MLI,2006,137.23154,WHO,Mali
NGA,2007,,WHO,Nigeria
BFA,2010,80.86417,WHO,Burkina Faso
KAZ,2010,,WHO,Kazakhstan
NIC,2001,41.83812,WHO,Nicaragua
NGA,2011,,WHO,Nigeria
BLZ,2011,,WHO,Belize
ZMB,2013,45.97727,WHO,Zambia
HND,2019,26.3062,WHO,Honduras
COL,2010,15.32166,WHO,Colombia
KHM,2000,68.30495,WHO,Cambodia
PER,2006,,WHO,Peru
KHM,2014,32.21205,WHO,Cambodia
GIN,2005,122.4912,WHO,Guinea
GAB,2012,30.03068,WHO,Gabon
MKD,2011,,WHO,North Macedonia
TTO,2011,,WHO,Trinidad and Tobago
ARM,2010,11.84323,WHO,Armenia
GTM,2008,,WHO,Guatemala
LSO,2014,59.80929,WHO,Lesotho
EGY,2008,37.6041,WHO,Egypt
ECU,1999,,WHO,Ecuador
CUB,2019,,WHO,Cuba
KGZ,2012,25.07671,WHO,Kyrgyzstan
SUR,2006,,WHO,Suriname
LAO,2017,64.87646,WHO,Laos
GTM,2008,,WHO,Guatemala
STP,2014,0.02985,WHO,Sao Tome and Principe
SDN,2010,56.69371,WHO,Sudan
DOM,2013,29.72318,WHO,Dominican Republic
THA,2012,,WHO,Thailand
RWA,2019,23.48426,WHO,Rwanda
ZWE,2019,52.90201,WHO,Zimbabwe
VUT,2007,,WHO,Vanuatu
COG,2011,41.92454,WHO,Congo
BGD,2004,64.31188,WHO,Bangladesh
DOM,2007,26.61821,WHO,Dominican Republic
HND,2011,30.02348,WHO,Honduras
BLR,2005,,WHO,Belarus
PHL,1998,44.57005,WHO,Philippines
GMB,2018,40.11544,WHO,Gambia
TUR,2003,18.70712,WHO,Turkey
SYR,2006,,WHO,Syria
PER,2014,12.82805,WHO,Peru
BFA,2010,44.73732,WHO,Burkina Faso
GIN,2005,125.12065,WHO,Guinea
MNG,2005,,WHO,Mongolia
JOR,1997,39.06994,WHO,Jordan
GMB,2018,36.29411,WHO,Gambia
GMB,2013,44.74546,WHO,Gambia
MNG,2013,34.57204,WHO,Mongolia
GMB,2019,54.9207,WHO,Gambia
JOR,2017,15.34679,WHO,Jordan
PER,2018,23.22167,WHO,Peru
UGA,2016,49.69743,WHO,Uganda
MKD,2018,,WHO,North Macedonia
BGD,2014,42.63269,WHO,Bangladesh
ZMB,2001,90.10742,WHO,Zambia
LSO,2009,83.60401,WHO,Lesotho
SWZ,2014,77.46024,WHO,Eswatini
LCA,2012,,WHO,Saint Lucia
IDN,2012,24.10049,WHO,Indonesia
AFG,2015,60.82829,WHO,Afghanistan
SUR,2006,,WHO,Suriname
TLS,2016,37.20863,WHO,East Timor
PER,2020,15.84744,WHO,Peru
MRT,2011,62.35926,WHO,Mauritania
KGZ,1997,55.18913,WHO,Kyrgyzstan
VUT,2007,,WHO,Vanuatu
IDN,2017,22.64276,WHO,Indonesia
MEX,2015,,WHO,Mexico
CAF,2010,,WHO,Central African Republic
MKD,2018,,WHO,North Macedonia
TKM,2015,32.74033,WHO,Turkmenistan
BGD,1999,93.40221,WHO,Bangladesh
CMR,2006,,WHO,Cameroon
BOL,2003,50.934,WHO,Bolivia
COL,2005,27.45867,WHO,Colombia
TZA,2010,61.6352,WHO,Tanzania
RWA,2014,49.75505,WHO,Rwanda
CMR,2018,51.03352,WHO,Cameroon
NIC,1992,,WHO,Nicaragua
GTM,2014,26.19109,WHO,Guatemala
SLE,2005,,WHO,Sierra Leone
EGY,2005,38.87239,WHO,Egypt
PER,2008,7.90128,WHO,Peru
ZMB,2007,64.62843,WHO,Zambia
UGA,1995,105.37961,WHO,Uganda
TKM,2019,33.62361,WHO,Turkmenistan
BFA,2003,67.38948,WHO,Burkina Faso
UGA,2000,97.84472,WHO,Uganda
DOM,2007,38.52787,WHO,Dominican Republic
MWI,2015,58.73652,WHO,Malawi
MWI,2019,23.13132,WHO,Malawi
DOM,2007,26.91187,WHO,Dominican Republic
BDI,2005,,WHO,Burundi
BLZ,2015,6.21209,WHO,Belize
CUB,2006,,WHO,Cuba
KHM,2000,,WHO,Cambodia
MOZ,2008,69.09179,WHO,Mozambique
PRY,2016,25.974,WHO,Paraguay
TUR,2003,20.58153,WHO,Turkey
PHL,2008,26.1732,WHO,Philippines
GHA,2006,,WHO,Ghana
MMR,2015,36.71943,WHO,Myanmar
IDN,1997,59.06117,WHO,Indonesia
MNG,2005,,WHO,Mongolia
ZWE,2005,31.99315,WHO,Zimbabwe
NGA,2011,,WHO,Nigeria
GNB,2014,61.85344,WHO,Guinea-Bissau
PER,2019,3.84869,WHO,Peru
NGA,2016,40.22408,WHO,Nigeria
NPL,2006,55.96859,WHO,Nepal
VNM,2006,,WHO,Vietnam
MNG,2013,29.80764,WHO,Mongolia
ALB,2017,7.00182,WHO,Albania
TKM,2019,35.451,WHO,Turkmenistan
TZA,2010,60.34186,WHO,Tanzania
SLE,2008,105.62277,WHO,Sierra Leone
GIN,2005,120.54179,WHO,Guinea
TUR,1998,46.17258,WHO,Turkey
CMR,2018,64.29962,WHO,Cameroon
HND,2019,15.96579,WHO,Honduras
TUN,2018,24.04921,WHO,Tunisia
IRQ,2018,17.84598,WHO,Iraq
MOZ,1997,140.17287,WHO,Mozambique
LAO,2011,117.35938,WHO,Laos
TGO,1998,78.12909,WHO,Togo
GHA,2017,42.43719,WHO,Ghana
MLI,2018,54.01452,WHO,Mali
BLZ,2011,,WHO,Belize
RWA,2010,62.52322,WHO,Rwanda
ALB,2008,8.17971,WHO,Albania
SUR,2010,,WHO,Suriname
MRT,2011,37.4618,WHO,Mauritania
IND,1998,,WHO,India
MKD,2018,,WHO,North Macedonia
MOZ,2008,98.66523,WHO,Mozambique
COL,1995,36.48838,WHO,Colombia
BDI,2010,72.87513,WHO,Burundi
ECU,2004,,WHO,Ecuador
SSD,2010,71.67268,WHO,South Sudan
BEN,2006,72.41531,WHO,Benin
PHL,1993,39.90412,WHO,Philippines
KHM,2010,71.89892,WHO,Cambodia
NIC,2001,19.01514,WHO,Nicaragua
ALB,2008,12.41997,WHO,Albania
TCD,2019,67.65525,WHO,Chad
BOL,1994,115.30069,WHO,Bolivia
RWA,2010,69.53386,WHO,Rwanda
RWA,2014,39.04631,WHO,Rwanda
WSM,2019,7.25004,WHO,Samoa
KEN,1998,39.88408,WHO,Kenya
CUB,2014,,WHO,Cuba
KAZ,1995,36.56344,WHO,Kazakhstan
SLE,2010,,WHO,Sierra Leone
BGD,2011,38.3756,WHO,Bangladesh
MNE,2005,,WHO,Montenegro
TUN,2011,15.82978,WHO,Tunisia
BEN,2017,47.58749,WHO,Benin
GIN,2016,43.06324,WHO,Guinea
HTI,1994,83.60193,WHO,Haiti
PER,2010,22.17236,WHO,Peru
SEN,2005,94.30072,WHO,Senegal
BRB,2012,,WHO,Barbados
VNM,2006,,WHO,Vietnam
PER,2019,13.32158,WHO,Peru
GHA,2017,69.5148,WHO,Ghana
GUY,2006,,WHO,Guyana
COD,2010,,WHO,Democratic Republic of Congo
PAK,2006,80.17517,WHO,Pakistan
DZA,2012,19.97341,WHO,Algeria
GTM,2002,,WHO,Guatemala
MLI,2009,,WHO,Mali
MWI,2000,116.64262,WHO,Malawi
MWI,2013,56.07581,WHO,Malawi
HND,2019,10.43763,WHO,Honduras
KAZ,1995,,WHO,Kazakhstan
KHM,2005,110.73392,WHO,Cambodia
SLV,1993,,WHO,El Salvador
CAF,2006,,WHO,Central African Republic
PER,1996,67.0208,WHO,Peru
MDA,2012,10.85344,WHO,Moldova
BGD,1993,113.25162,WHO,Bangladesh
SEN,2017,42.98117,WHO,Senegal
SWZ,2010,78.08141,WHO,Eswatini
TZA,1999,100.84067,WHO,Tanzania
CAF,2006,,WHO,Central African Republic
PHL,2013,22.37471,WHO,Philippines
MAR,2003,34.9362,WHO,Morocco
KAZ,2006,,WHO,Kazakhstan
LAO,2006,,WHO,Laos
GEO,2018,,WHO,Georgia
COD,2013,67.18581,WHO,Democratic Republic of Congo
TKM,2019,34.05828,WHO,Turkmenistan
GTM,2014,32.07026,WHO,Guatemala
GTM,2002,,WHO,Guatemala
BOL,2008,106.98397,WHO,Bolivia
VNM,1997,19.43321,WHO,Vietnam
KAZ,2015,,WHO,Kazakhstan
MEX,2015,,WHO,Mexico
BOL,1994,100.77143,WHO,Bolivia
MRT,2015,36.0442,WHO,Mauritania
COD,2010,,WHO,Democratic Republic of Congo
BEN,2017,65.78504,WHO,Benin
BFA,2003,90.69304,WHO,Burkina Faso
AFG,2010,,WHO,Afghanistan
THA,2015,,WHO,Thailand
LSO,2014,67.54823,WHO,Lesotho
NAM,2006,44.53633,WHO,Namibia
KIR,2018,42.88947,WHO,Kiribati
SRB,2019,,WHO,Serbia
CPV,1998,,WHO,Cape Verde
CAF,1994,93.10753,WHO,Central African Republic
IDN,2012,24.0461,WHO,Indonesia
GMB,2018,,WHO,Gambia
PER,2017,17.47076,WHO,Peru
PER,1996,72.91387,WHO,Peru
BFA,2003,88.03275,WHO,Burkina Faso
MOZ,2015,42.8466,WHO,Mozambique
URY,2012,,WHO,Uruguay
BGD,2019,35.58907,WHO,Bangladesh
BGD,2019,29.81001,WHO,Bangladesh
PER,2008,28.35345,WHO,Peru
MLI,1995,93.16383,WHO,Mali
DJI,2006,,WHO,Djibouti
BLR,2005,,WHO,Belarus
DOM,2002,,WHO,Dominican Republic
TJK,2012,48.50173,WHO,Tajikistan
CIV,2006,,WHO,Cote d'Ivoire
KGZ,2018,23.64595,WHO,Kyrgyzstan
SDN,2014,32.55783,WHO,Sudan
CIV,2011,100.66996,WHO,Cote d'Ivoire
COL,1995,34.90102,WHO,Colombia
BLR,2012,,WHO,Belarus
UGA,2006,73.98234,WHO,Uganda
GHA,2017,33.97691,WHO,Ghana
PAK,2017,61.9626,WHO,Pakistan
MNG,2018,12.03423,WHO,Mongolia
NGA,2007,,WHO,Nigeria
BEN,2006,81.25286,WHO,Benin
LSO,2014,49.15602,WHO,Lesotho
BLZ,1991,,WHO,Belize
COL,2015,11.10462,WHO,Colombia
MLI,1995,146.01398,WHO,Mali
PER,2004,34.8701,WHO,Peru
GTM,2008,,WHO,Guatemala
ETH,2005,44.84973,WHO,Ethiopia
UGA,2000,85.02,WHO,Uganda
NGA,2008,66.2119,WHO,Nigeria
COL,2015,5.57604,WHO,Colombia
RWA,2010,60.75197,WHO,Rwanda
ALB,2005,,WHO,Albania
GHA,2006,,WHO,Ghana
PER,2011,14.4168,WHO,Peru
EGY,2008,18.81527,WHO,Egypt
NGA,2007,,WHO,Nigeria
NGA,2011,,WHO,Nigeria
SEN,2015,27.20001,WHO,Senegal
ZWE,1999,75.5821,WHO,Zimbabwe
IRQ,2006,,WHO,Iraq
TKM,2019,35.83381,WHO,Turkmenistan
NIC,2001,47.18393,WHO,Nicaragua
THA,2005,,WHO,Thailand
SRB,2005,,WHO,Serbia
LSO,2009,66.05942,WHO,Lesotho
BLR,2019,,WHO,Belarus
PAK,2006,81.62367,WHO,Pakistan
GTM,2008,,WHO,Guatemala
PER,2016,0,WHO,Peru
YEM,2013,58.08559,WHO,Yemen
ECU,2004,,WHO,Ecuador
NIC,1992,,WHO,Nicaragua
EGY,1995,64.57829,WHO,Egypt
SWZ,2014,72.79671,WHO,Eswatini
PRY,2008,,WHO,Paraguay
PER,2007,38.78906,WHO,Peru
GUY,2019,17.09402,WHO,Guyana
PER,2012,21.90924,WHO,Peru
LSO,2018,69.9108,WHO,Lesotho
NGA,2011,,WHO,Nigeria
ZWE,2019,58.70173,WHO,Zimbabwe
PER,2014,0,WHO,Peru
MAR,2003,34.16097,WHO,Morocco
UZB,1996,50.47266,WHO,Uzbekistan
PER,2000,65.56332,WHO,Peru
GHA,2017,40.59669,WHO,Ghana
ARM,2005,41.48157,WHO,Armenia
MWI,2013,48.44559,WHO,Malawi
PHL,1993,31.47893,WHO,Philippines
BGD,2006,,WHO,Bangladesh
THA,2015,,WHO,Thailand
COD,2013,76.8551,WHO,Democratic Republic of Congo
GAB,2012,36.36425,WHO,Gabon
MKD,2005,,WHO,North Macedonia
GHA,2003,44.1114,WHO,Ghana
SEN,2018,4.58112,WHO,Senegal
GUY,2009,,WHO,Guyana
PER,2018,10.11516,WHO,Peru
CMR,2011,53.15807,WHO,Cameroon
BDI,2005,,WHO,Burundi
MMR,2015,23.99787,WHO,Myanmar
BFA,2010,59.47773,WHO,Burkina Faso
DZA,2018,22.12307,WHO,Algeria
MLI,2009,,WHO,Mali
PER,2011,12.76853,WHO,Peru
CRI,1992,,WHO,Costa Rica
GIN,1999,70.20258,WHO,Guinea
GMB,2005,,WHO,Gambia
RWA,2019,40.38433,WHO,Rwanda
SEN,2005,78.9556,WHO,Senegal
VNM,2006,,WHO,Vietnam
SLV,1998,,WHO,El Salvador
NGA,2013,74.49847,WHO,Nigeria
BGD,2017,42.53713,WHO,Bangladesh
GIN,1999,74.13708,WHO,Guinea
IDN,2007,36.74176,WHO,Indonesia
GMB,2005,,WHO,Gambia
TJK,2012,36.14027,WHO,Tajikistan
TCD,2014,85.45736,WHO,Chad
COL,2015,12.04624,WHO,Colombia
IDN,2012,33.03563,WHO,Indonesia
SDN,2014,62.86848,WHO,Sudan
MDG,2018,29.65874,WHO,Madagascar
HTI,1994,113.69189,WHO,Haiti
ARM,2000,28.37268,WHO,Armenia
ARM,2015,9.9701,WHO,Armenia
GTM,2014,28.22641,WHO,Guatemala
PER,2005,29.38681,WHO,Peru
HND,2001,,WHO,Honduras
TGO,2006,,WHO,Togo
IRQ,2006,43.44012,WHO,Iraq
NPL,2019,21.51406,WHO,Nepal
SUR,2018,22.90207,WHO,Suriname
IDN,2012,54.19349,WHO,Indonesia
MAR,2003,37.07092,WHO,Morocco
PHL,2013,31.8578,WHO,Philippines
AFG,2010,,WHO,Afghanistan
PHL,2003,65.44659,WHO,Philippines
GUY,2014,26.70146,WHO,Guyana
BEN,2014,70.28365,WHO,Benin
NGA,2016,80.46759,WHO,Nigeria
PER,2019,12.25728,WHO,Peru
COL,2005,19.89418,WHO,Colombia
GTM,2002,,WHO,Guatemala
CIV,1998,121.59308,WHO,Cote d'Ivoire
NER,2012,70.78135,WHO,Niger
KEN,2014,36.18645,WHO,Kenya
JAM,2005,,WHO,Jamaica
STP,2019,14.86288,WHO,Sao Tome and Principe
STP,2019,11.48005,WHO,Sao Tome and Principe
MMR,2015,65.595,WHO,Myanmar
BGD,2012,,WHO,Bangladesh
GIN,2016,32.84694,WHO,Guinea
HTI,2012,67.68522,WHO,Haiti
SWZ,2010,71.04994,WHO,Eswatini
ECU,1994,,WHO,Ecuador
MNG,2005,,WHO,Mongolia
MDV,2009,11.63483,WHO,Maldives
TON,2019,,WHO,Tonga
BFA,2010,94.52939,WHO,Burkina Faso
EGY,2014,24.63747,WHO,Egypt
ECU,1999,,WHO,Ecuador
ALB,2008,15.44536,WHO,Albania
HTI,2016,55.36143,WHO,Haiti
BGD,2017,41.3927,WHO,Bangladesh
PER,2011,,WHO,Peru
TZA,1996,136.20795,WHO,Tanzania
SEN,2018,55.63772,WHO,Senegal
PAN,2013,,WHO,Panama
PER,2010,23.5586,WHO,Peru
GTM,2002,,WHO,Guatemala
CIV,2011,51.04087,WHO,Cote d'Ivoire
COG,2014,52.40112,WHO,Congo
CRI,2011,,WHO,Costa Rica
CAF,2018,52.10311,WHO,Central African Republic
SEN,2012,30.54502,WHO,Senegal
BGD,2017,42.90738,WHO,Bangladesh
CUB,2006,,WHO,Cuba
PAK,2017,53.16187,WHO,Pakistan
SLV,2002,,WHO,El Salvador
UZB,1996,42.23607,WHO,Uzbekistan
LAO,2006,,WHO,Laos
TZA,2010,29.71486,WHO,Tanzania
TUN,2011,13.15431,WHO,Tunisia
CIV,1994,77.72469,WHO,Cote d'Ivoire
TGO,2006,,WHO,Togo
JOR,1997,27.17724,WHO,Jordan
PER,2017,16.8762,WHO,Peru
UGA,2011,75.00462,WHO,Uganda
BLZ,2015,23.57091,WHO,Belize
TLS,2016,29.4597,WHO,East Timor
KAZ,2006,,WHO,Kazakhstan
SLE,2005,,WHO,Sierra Leone
ETH,2016,61.24803,WHO,Ethiopia
GMB,2019,50.20152,WHO,Gambia
PER,2010,21.26225,WHO,Peru
SUR,2010,,WHO,Suriname
TTO,2006,,WHO,Trinidad and Tobago
ARG,2019,,WHO,Argentina
HND,2011,16.82909,WHO,Honduras
ETH,2019,,WHO,Ethiopia
GUY,2009,34.04713,WHO,Guyana
CUB,2010,,WHO,Cuba
KEN,2008,54.31694,WHO,Kenya
UGA,2000,85.22172,WHO,Uganda
MDG,2003,90.67845,WHO,Madagascar
MOZ,2015,28.75635,WHO,Mozambique
GHA,1998,64.43848,WHO,Ghana
VNM,2002,40.86,WHO,Vietnam
DOM,1999,17.90104,WHO,Dominican Republic
NGA,2016,78.8288,WHO,Nigeria
SRB,2005,,WHO,Serbia
URY,2012,,WHO,Uruguay
CRI,2011,,WHO,Costa Rica
BEN,2001,85.02605,WHO,Benin
NIC,1992,,WHO,Nicaragua
TLS,2016,32.67028,WHO,East Timor
ZWE,1994,38.62472,WHO,Zimbabwe
BTN,2010,,WHO,Bhutan
JOR,2012,21.89055,WHO,Jordan
NPL,2014,19.9335,WHO,Nepal
NPL,2001,72.7767,WHO,Nepal
MDG,1997,124.18983,WHO,Madagascar
NER,2012,66.7058,WHO,Niger
NAM,2000,34.65943,WHO,Namibia
COL,2010,11.92539,WHO,Colombia
TTO,2006,,WHO,Trinidad and Tobago
MKD,2018,2.8834,WHO,North Macedonia
TZA,1999,161.25909,WHO,Tanzania
BLZ,2011,,WHO,Belize
KHM,2005,34.33076,WHO,Cambodia
IDN,1997,39.49416,WHO,Indonesia
NGA,2003,102.6384,WHO,Nigeria
TUR,1993,43.49308,WHO,Turkey
KIR,2018,46.01769,WHO,Kiribati
PER,1996,30.64377,WHO,Peru
PER,2018,9.24555,WHO,Peru
GUY,2019,16.0022,WHO,Guyana
MOZ,2011,68.85555,WHO,Mozambique
MNE,2005,,WHO,Montenegro
NPL,2014,38.93397,WHO,Nepal
TUR,1993,72.7478,WHO,Turkey
SEN,2017,45.32869,WHO,Senegal
NPL,2010,,WHO,Nepal
NGA,2016,43.29889,WHO,Nigeria
COL,2005,23.46491,WHO,Colombia
SLV,2002,,WHO,El Salvador
CMR,2004,110.60744,WHO,Cameroon
GEO,2005,,WHO,Georgia
NPL,2010,,WHO,Nepal
YEM,2006,100.48019,WHO,Yemen
HTI,2005,78.16637,WHO,Haiti
SEN,2005,67.99091,WHO,Senegal
MDA,2005,19.10079,WHO,Moldova
LSO,2009,62.69488,WHO,Lesotho
UGA,2000,105.68755,WHO,Uganda
IDN,1994,58.03601,WHO,Indonesia
ZWE,2005,46.19804,WHO,Zimbabwe
MKD,2011,,WHO,North Macedonia
PER,1996,49.80271,WHO,Peru
TZA,2015,36.83606,WHO,Tanzania
IND,2015,60.16953,WHO,India
GIN,1999,91.41573,WHO,Guinea
SRB,2010,,WHO,Serbia
GHA,2008,59.21487,WHO,Ghana
UKR,1999,,WHO,Ukraine
ALB,2002,,WHO,Albania
PER,2009,21.84282,WHO,Peru
NAM,2013,37.4693,WHO,Namibia
LAO,2011,71.1685,WHO,Laos
HTI,2016,67.93018,WHO,Haiti
IND,2015,6.51111,WHO,India
GTM,2002,,WHO,Guatemala
NER,1998,60.8778,WHO,Niger
NGA,2008,68.29533,WHO,Nigeria
DOM,2014,28.1614,WHO,Dominican Republic
PER,2010,33.09645,WHO,Peru
LAO,2006,,WHO,Laos
MNG,2013,14.54505,WHO,Mongolia
MWI,2000,114.20373,WHO,Malawi
KEN,2008,57.29358,WHO,Kenya
GTM,1995,43.04702,WHO,Guatemala
IDN,1994,30.39062,WHO,Indonesia
LBR,2019,69.96649,WHO,Liberia
MDA,2012,8.54171,WHO,Moldova
UGA,2016,51.77766,WHO,Uganda
BFA,2006,,WHO,Burkina Faso
MLI,2001,115.55478,WHO,Mali
KHM,2000,64.50288,WHO,Cambodia
THA,2005,,WHO,Thailand
QAT,2012,,WHO,Qatar
PNG,2016,28.50314,WHO,Papua New Guinea
PER,2011,21.93704,WHO,Peru
UKR,2005,,WHO,Ukraine
NER,2012,68.25005,WHO,Niger
LBR,2019,81.55119,WHO,Liberia
COG,2011,47.03764,WHO,Congo
SUR,2010,,WHO,Suriname
GHA,2006,,WHO,Ghana
CAF,1994,99.17607,WHO,Central African Republic
LSO,2009,,WHO,Lesotho
UKR,1999,,WHO,Ukraine
GIN,2016,48.87628,WHO,Guinea
SOM,2006,80.18352,WHO,Somalia
NPL,2011,62.02072,WHO,Nepal
KAZ,2006,,WHO,Kazakhstan
ZWE,1999,56.24677,WHO,Zimbabwe
JOR,2007,20.47474,WHO,Jordan
SRB,2014,,WHO,Serbia
MOZ,2008,130.53616,WHO,Mozambique
TLS,2009,41.55403,WHO,East Timor
CIV,2006,,WHO,Cote d'Ivoire
PAK,2012,89.71954,WHO,Pakistan
ZWE,2009,58.09357,WHO,Zimbabwe
GIN,2018,56.60982,WHO,Guinea
PHL,1998,78.47953,WHO,Philippines
ZWE,2019,33.2354,WHO,Zimbabwe
NGA,2016,52.56158,WHO,Nigeria
SLE,2010,,WHO,Sierra Leone
BFA,2006,,WHO,Burkina Faso
GIN,2012,65.20331,WHO,Guinea
COG,2005,77.8756,WHO,Congo
NGA,2016,54.54056,WHO,Nigeria
KIR,2018,44.46064,WHO,Kiribati
UGA,2006,77.86344,WHO,Uganda
TZA,2015,48.17408,WHO,Tanzania
CUB,2010,,WHO,Cuba
BGD,1993,88.89075,WHO,Bangladesh
BFA,1998,112.0082,WHO,Burkina Faso
JOR,2017,13.94904,WHO,Jordan
KHM,2014,46.10859,WHO,Cambodia
SEN,2005,78.717,WHO,Senegal
CAF,1994,41.7136,WHO,Central African Republic
ZMB,2007,85.60965,WHO,Zambia
MOZ,2011,62.58912,WHO,Mozambique
ARM,2010,19.16422,WHO,Armenia
ARM,2005,,WHO,Armenia
CUB,2019,,WHO,Cuba
CAF,2010,,WHO,Central African Republic
KGZ,1997,77.87846,WHO,Kyrgyzstan
GHA,2014,64.09869,WHO,Ghana
TTO,2011,,WHO,Trinidad and Tobago
NPL,2011,72.73743,WHO,Nepal
MRT,2011,60.8445,WHO,Mauritania
LSO,2014,69.22024,WHO,Lesotho
UKR,2005,,WHO,Ukraine
ETH,2016,54.60358,WHO,Ethiopia
GNB,2006,,WHO,Guinea-Bissau
DOM,1996,73.30029,WHO,Dominican Republic
NPL,2006,16.18583,WHO,Nepal
MKD,2011,,WHO,North Macedonia
COG,2014,36.35318,WHO,Congo
PER,2013,20.93085,WHO,Peru
HTI,2000,81.84972,WHO,Haiti
BEN,2006,81.32091,WHO,Benin
IND,1998,61.52496,WHO,India
TGO,2017,33.66026,WHO,Togo
GUY,2014,39.70496,WHO,Guyana
NAM,2013,41.29016,WHO,Namibia
BFA,2010,86.51678,WHO,Burkina Faso
ALB,2005,,WHO,Albania
ETH,2016,67.10538,WHO,Ethiopia
MDA,1997,,WHO,Moldova
PER,2016,,WHO,Peru
PRY,2008,,WHO,Paraguay
GHA,1998,70.29419,WHO,Ghana
GIN,2018,33.92255,WHO,Guinea
PRY,2016,22.09782,WHO,Paraguay
PER,2018,11.84365,WHO,Peru
ETH,2019,35.86904,WHO,Ethiopia
GUY,2006,,WHO,Guyana
PER,2017,,WHO,Peru
ZMB,2007,75.81242,WHO,Zambia
AGO,2015,25.02274,WHO,Angola
ZAF,2016,43.65827,WHO,South Africa
MDG,2018,39.48787,WHO,Madagascar
BGD,1996,97.97453,WHO,Bangladesh
GUY,2019,16.57707,WHO,Guyana
MDA,2012,13.23536,WHO,Moldova
NPL,2016,33.59235,WHO,Nepal
MLI,2015,64.93461,WHO,Mali
SEN,2010,69.18505,WHO,Senegal
CIV,2011,65.92035,WHO,Cote d'Ivoire
IDN,1997,20.4732,WHO,Indonesia
PER,2020,13.25409,WHO,Peru
MDA,2005,18.16127,WHO,Moldova
ZWE,1999,45.40616,WHO,Zimbabwe
GMB,2005,,WHO,Gambia
CMR,2011,77.217,WHO,Cameroon
PHL,2003,25.67932,WHO,Philippines
URY,2012,,WHO,Uruguay
ECU,1994,,WHO,Ecuador
CIV,1998,79.97687,WHO,Cote d'Ivoire
WSM,2019,28.961,WHO,Samoa
NPL,2010,,WHO,Nepal
TZA,2004,64.23133,WHO,Tanzania
MDG,2008,41.53711,WHO,Madagascar
MOZ,2008,109.5031,WHO,Mozambique
BEN,2014,72.1856,WHO,Benin
GAB,2000,66.51558,WHO,Gabon
HND,2019,12.7866,WHO,Honduras
VNM,2006,,WHO,Vietnam
BGD,2019,37.36423,WHO,Bangladesh
SWZ,2006,82.53607,WHO,Eswatini
ZWE,2009,61.20483,WHO,Zimbabwe
PER,2015,17.08535,WHO,Peru
IDN,1994,61.14364,WHO,Indonesia
BFA,2010,99.79696,WHO,Burkina Faso
GHA,2006,,WHO,Ghana
GUY,2006,,WHO,Guyana
CUB,2019,,WHO,Cuba
BDI,2005,,WHO,Burundi
COD,2007,93.98895,WHO,Democratic Republic of Congo
STP,2008,54.08274,WHO,Sao Tome and Principe
LBR,2007,87.66981,WHO,Liberia
GHA,2008,41.96722,WHO,Ghana
GNB,2018,17.27224,WHO,Guinea-Bissau
JOR,2012,17.3318,WHO,Jordan
PHL,2017,37.34437,WHO,Philippines
CMR,1998,58.68199,WHO,Cameroon
KHM,2010,65.19596,WHO,Cambodia
KHM,2005,97.82084,WHO,Cambodia
DOM,2007,26.98917,WHO,Dominican Republic
GMB,2010,,WHO,Gambia
MDA,1997,,WHO,Moldova
NIC,2006,,WHO,Nicaragua
CUB,2014,,WHO,Cuba
GTM,2002,,WHO,Guatemala
EGY,2014,24.92763,WHO,Egypt
SUR,2010,,WHO,Suriname
PER,2012,25.32654,WHO,Peru
PER,2018,15.3296,WHO,Peru
SSD,2010,74.36792,WHO,South Sudan
YEM,2006,36.58036,WHO,Yemen
LAO,2011,92.73972,WHO,Laos
TUV,2019,,WHO,Tuvalu
RWA,2010,49.95495,WHO,Rwanda
PRY,2008,,WHO,Paraguay
IRQ,2018,19.93192,WHO,Iraq
PHL,1998,41.53809,WHO,Philippines
PER,2018,15.39278,WHO,Peru
SEN,2014,29.99365,WHO,Senegal
HND,2011,22.60909,WHO,Honduras
CUB,2019,,WHO,Cuba
PRY,2004,,WHO,Paraguay
GHA,2014,41.86061,WHO,Ghana
JAM,2011,,WHO,Jamaica
KHM,2000,37.5919,WHO,Cambodia
MLI,2009,,WHO,Mali
MWI,2010,64.16782,WHO,Malawi
GHA,1993,92.50418,WHO,Ghana
GTM,2002,,WHO,Guatemala
NGA,1999,82.6222,WHO,Nigeria
IDN,2002,50.29895,WHO,Indonesia
HTI,2000,87.77995,WHO,Haiti
NPL,2010,,WHO,Nepal
TZA,2010,62.19445,WHO,Tanzania
LBR,2013,72.95083,WHO,Liberia
VNM,2013,12.21251,WHO,Vietnam
UGA,2016,52.73768,WHO,Uganda
DOM,2014,29.1027,WHO,Dominican Republic
NGA,2011,,WHO,Nigeria
MRT,2015,40.39119,WHO,Mauritania
BLR,2012,,WHO,Belarus
CAF,1994,62.74794,WHO,Central African Republic
ZWE,2009,58.15324,WHO,Zimbabwe
GMB,2018,45.48118,WHO,Gambia
TKM,2006,,WHO,Turkmenistan
GUY,2006,,WHO,Guyana
LSO,2009,54.26323,WHO,Lesotho
BFA,2003,104.04549,WHO,Burkina Faso
NIC,2006,,WHO,Nicaragua
SEN,2019,36.00703,WHO,Senegal
JOR,2007,25.44272,WHO,Jordan
PER,2017,15.08278,WHO,Peru
BGD,2011,69.62499,WHO,Bangladesh
KIR,2018,43.63964,WHO,Kiribati
MKD,2018,23.6953,WHO,North Macedonia
GHA,2017,31.32607,WHO,Ghana
SRB,2005,,WHO,Serbia
BLZ,1991,,WHO,Belize
SLV,2014,28.53811,WHO,El Salvador
IDN,2017,33.77136,WHO,Indonesia
DOM,2002,,WHO,Dominican Republic
CUB,2006,,WHO,Cuba
BGD,2011,41.56316,WHO,Bangladesh
KHM,2005,67.46697,WHO,Cambodia
NIC,2006,,WHO,Nicaragua
HND,1991,,WHO,Honduras
CAF,2006,,WHO,Central African Republic
SYR,2006,,WHO,Syria
KGZ,2014,25.25045,WHO,Kyrgyzstan
KAZ,2015,,WHO,Kazakhstan
KGZ,1997,71.93549,WHO,Kyrgyzstan
BTN,2010,,WHO,Bhutan
NPL,2006,70.24947,WHO,Nepal
PER,2013,17.18783,WHO,Peru
PER,2009,26.79137,WHO,Peru
COL,2015,20.8918,WHO,Colombia
COD,2007,105.35737,WHO,Democratic Republic of Congo
MLI,2001,89.82323,WHO,Mali
SLE,2017,66.51981,WHO,Sierra Leone
ZMB,1996,143.80913,WHO,Zambia
SEN,2018,38.96915,WHO,Senegal
MLI,2012,64.004,WHO,Mali
LAO,2006,,WHO,Laos
MWI,2000,129.47455,WHO,Malawi
MAR,2003,33.36635,WHO,Morocco
IND,2015,30.91532,WHO,India
CIV,1998,,WHO,Cote d'Ivoire
CAF,2010,,WHO,Central African Republic
SRB,2010,,WHO,Serbia
COL,2010,15.72399,WHO,Colombia
RWA,2010,57.3742,WHO,Rwanda
UKR,2012,,WHO,Ukraine
NPL,2006,69.27127,WHO,Nepal
COM,2012,42.10779,WHO,Comoros
CIV,2006,,WHO,Cote d'Ivoire
GEO,2005,,WHO,Georgia
ARG,2019,,WHO,Argentina
BGD,2017,46.04336,WHO,Bangladesh
MNG,2013,17.22073,WHO,Mongolia
COL,2005,33.97536,WHO,Colombia
IDN,2002,40.11897,WHO,Indonesia
NGA,2013,91.65591,WHO,Nigeria
COL,2005,19.63011,WHO,Colombia
MEX,2015,,WHO,Mexico
SLV,2014,10.60851,WHO,El Salvador
LBR,2019,52.96173,WHO,Liberia
PRY,2004,,WHO,Paraguay
GEO,2018,,WHO,Georgia
ARM,2005,24.59173,WHO,Armenia
PER,2009,25.65902,WHO,Peru
SYR,2006,,WHO,Syria
TCD,2019,122.68526,WHO,Chad
MKD,2011,,WHO,North Macedonia
TCD,2014,82.34856,WHO,Chad
GHA,2011,45.89768,WHO,Ghana
GMB,2013,42.15609,WHO,Gambia
EGY,2005,26.17927,WHO,Egypt
NAM,2013,53.03513,WHO,Namibia
TZA,2004,64.5451,WHO,Tanzania
IND,1998,97.5461,WHO,India
PER,2008,20.61177,WHO,Peru
MDG,2003,94.17841,WHO,Madagascar
JOR,2012,20.4169,WHO,Jordan
TGO,2013,53.11748,WHO,Togo
COL,2005,21.85257,WHO,Colombia
CIV,2006,,WHO,Cote d'Ivoire
GTM,1998,53.80325,WHO,Guatemala
IND,1998,62.25117,WHO,India
KEN,2014,42.63593,WHO,Kenya
PER,2017,17.58563,WHO,Peru
SDN,2014,69.3471,WHO,Sudan
TON,2019,,WHO,Tonga
ALB,2008,19.95998,WHO,Albania
BGD,1993,125.61363,WHO,Bangladesh
ETH,2000,141.4541,WHO,Ethiopia
GNB,2006,,WHO,Guinea-Bissau
NGA,2003,69.18962,WHO,Nigeria
MOZ,2003,92.15939,WHO,Mozambique
VNM,2010,,WHO,Vietnam
MRT,2007,,WHO,Mauritania
ZWE,2010,40.88536,WHO,Zimbabwe
KGZ,2018,0.03912,WHO,Kyrgyzstan
PRY,2016,0,WHO,Paraguay
BLR,2005,,WHO,Belarus
COM,2012,39.31485,WHO,Comoros
ETH,2016,86.86292,WHO,Ethiopia
IND,2005,48.45112,WHO,India
KEN,2003,77.95688,WHO,Kenya
PER,2018,,WHO,Peru
TLS,2016,25.47808,WHO,East Timor
BRA,1996,23.42595,WHO,Brazil
RWA,2019,34.4938,WHO,Rwanda
GTM,1995,52.98384,WHO,Guatemala
NAM,2000,43.03324,WHO,Namibia
DOM,2013,31.31652,WHO,Dominican Republic
NGA,2007,,WHO,Nigeria
GAB,2012,58.08002,WHO,Gabon
HND,2019,17.89402,WHO,Honduras
ECU,1994,,WHO,Ecuador
DOM,2013,31.83956,WHO,Dominican Republic
LAO,2011,122.8734,WHO,Laos
BRA,1996,21.31411,WHO,Brazil
ZMB,1996,81.73661,WHO,Zambia
CAF,2010,,WHO,Central African Republic
SLV,2002,,WHO,El Salvador
GIN,1999,100.61906,WHO,Guinea
GIN,2005,97.04217,WHO,Guinea
CMR,2011,50.71017,WHO,Cameroon
MLI,2018,66.46775,WHO,Mali
SLV,2008,,WHO,El Salvador
HND,2001,,WHO,Honduras
TUR,1993,68.13786,WHO,Turkey
PER,2000,45.05376,WHO,Peru
ARM,2010,17.80269,WHO,Armenia
TZA,2004,102.31307,WHO,Tanzania
DOM,2019,26.23478,WHO,Dominican Republic
MMR,2015,78.47759,WHO,Myanmar
COG,2011,45.5922,WHO,Congo
MWI,2010,70.39483,WHO,Malawi
NPL,2019,26.01091,WHO,Nepal
SUR,2010,,WHO,Suriname
TZA,2010,116.61008,WHO,Tanzania
NGA,2011,,WHO,Nigeria
NIC,2006,,WHO,Nicaragua
GUY,2014,,WHO,Guyana
GMB,2018,34.1906,WHO,Gambia
NAM,2006,47.56416,WHO,Namibia
CAF,2018,51.93041,WHO,Central African Republic
KGZ,2014,30.99482,WHO,Kyrgyzstan
BDI,2005,,WHO,Burundi
BLR,2005,,WHO,Belarus
SLE,2019,73.35094,WHO,Sierra Leone
UGA,2016,48.37795,WHO,Uganda
NGA,2013,67.41318,WHO,Nigeria
ZWE,2009,73.30464,WHO,Zimbabwe
NPL,2016,20.0409,WHO,Nepal
PHL,2008,56.35986,WHO,Philippines
ECU,1999,,WHO,Ecuador
RWA,2019,34.05361,WHO,Rwanda
PER,2010,21.66744,WHO,Peru
PER,2004,,WHO,Peru
TTO,2006,,WHO,Trinidad and Tobago
MKD,2011,,WHO,North Macedonia
TCD,1996,107.52658,WHO,Chad
ZMB,1996,97.90714,WHO,Zambia
ARM,2010,11.82479,WHO,Armenia
SEN,2018,36.32381,WHO,Senegal
CIV,2006,,WHO,Cote d'Ivoire
MWI,2013,52.31787,WHO,Malawi
SRB,2005,,WHO,Serbia
IDN,2017,25.62561,WHO,Indonesia
SEN,2010,40.74343,WHO,Senegal
UGA,2006,80.48533,WHO,Uganda
HND,2005,24.06392,WHO,Honduras
DOM,2019,20.00478,WHO,Dominican Republic
DOM,2007,44.66076,WHO,Dominican Republic
PER,2020,11.8855,WHO,Peru
CUB,2014,,WHO,Cuba
COD,2010,,WHO,Democratic Republic of Congo
BGD,1993,81.96756,WHO,Bangladesh
PER,2019,13.13568,WHO,Peru
NIC,1997,39.95316,WHO,Nicaragua
BDI,2010,60.64574,WHO,Burundi
MMR,2015,73.6237,WHO,Myanmar
DOM,2013,11.73429,WHO,Dominican Republic
TUR,2013,30.98479,WHO,Turkey
UKR,2012,,WHO,Ukraine
BFA,2006,,WHO,Burkina Faso
MOZ,1997,100.77319,WHO,Mozambique
PRY,2004,,WHO,Paraguay
SWZ,2014,55.21102,WHO,Eswatini
MNE,2013,,WHO,Montenegro
TZA,1996,67.47433,WHO,Tanzania
CUB,2010,,WHO,Cuba
JOR,2012,17.99205,WHO,Jordan
GMB,2013,41.75129,WHO,Gambia
HND,1996,,WHO,Honduras
ALB,2002,,WHO,Albania
PER,2019,10.32618,WHO,Peru
JOR,1997,25.09613,WHO,Jordan
NPL,2010,,WHO,Nepal
CUB,2019,,WHO,Cuba
MDG,2018,38.37144,WHO,Madagascar
HND,2011,50.56257,WHO,Honduras
KIR,2018,36.85606,WHO,Kiribati
COM,2012,33.5571,WHO,Comoros
BGD,2004,79.36967,WHO,Bangladesh
DOM,2013,33.66481,WHO,Dominican Republic
CMR,2014,38.97724,WHO,Cameroon
BEN,2006,78.2976,WHO,Benin
ZWE,2005,47.92201,WHO,Zimbabwe
DOM,2014,28.66693,WHO,Dominican Republic
CIV,2016,44.34458,WHO,Cote d'Ivoire
LSO,2009,85.71027,WHO,Lesotho
DOM,2007,,WHO,Dominican Republic
NGA,2016,78.78861,WHO,Nigeria
MDV,2009,25.56918,WHO,Maldives
MNG,2018,11.87564,WHO,Mongolia
SSD,2010,85.04396,WHO,South Sudan
GIN,1999,115.79742,WHO,Guinea
BRA,1996,42.69208,WHO,Brazil
THA,2005,,WHO,Thailand
GMB,2010,,WHO,Gambia
PAK,2006,62.75644,WHO,Pakistan
TZA,2010,59.51605,WHO,Tanzania
QAT,2012,,WHO,Qatar
PER,2005,23.19401,WHO,Peru
ARG,2019,,WHO,Argentina
MOZ,2015,30.89082,WHO,Mozambique
GUY,2009,,WHO,Guyana
PNG,2016,35.89312,WHO,Papua New Guinea
TCD,2014,84.82174,WHO,Chad
TUV,2019,,WHO,Tuvalu
KAZ,2006,,WHO,Kazakhstan
TCD,2004,139.1084,WHO,Chad
MDA,2005,21.32936,WHO,Moldova
PER,2013,22.26072,WHO,Peru
ZWE,1999,47.17467,WHO,Zimbabwe
GEO,2018,,WHO,Georgia
SRB,2010,,WHO,Serbia
BFA,1998,124.78616,WHO,Burkina Faso
MDG,2018,45.23516,WHO,Madagascar
HND,1996,,WHO,Honduras
SWZ,2006,74.58492,WHO,Eswatini
TON,2019,19.33703,WHO,Tonga
BGD,2014,49.78337,WHO,Bangladesh
NGA,2007,,WHO,Nigeria
BDI,2010,93.39285,WHO,Burundi
COL,2010,17.95086,WHO,Colombia
COD,2017,36.42611,WHO,Democratic Republic of Congo
NIC,1997,31.00911,WHO,Nicaragua
DOM,2002,,WHO,Dominican Republic
AZE,2006,,WHO,Azerbaijan
IDN,2007,24.10028,WHO,Indonesia
GMB,2018,40.65314,WHO,Gambia
NPL,2011,36.14856,WHO,Nepal
GHA,2006,,WHO,Ghana
NIC,1992,,WHO,Nicaragua
NPL,2016,45.60089,WHO,Nepal
ALB,2017,7.17917,WHO,Albania
SEN,2019,41.07395,WHO,Senegal
GIN,2016,26.23278,WHO,Guinea
ZWE,2005,47.19619,WHO,Zimbabwe
ZWE,2015,68.47338,WHO,Zimbabwe
MLI,1995,138.68774,WHO,Mali
CMR,2011,66.96625,WHO,Cameroon
IRQ,2011,34.77741,WHO,Iraq
BDI,2016,52.43764,WHO,Burundi
PER,2007,,WHO,Peru
GHA,2003,75.97257,WHO,Ghana
PER,2005,11.67906,WHO,Peru
SLE,2019,90.74525,WHO,Sierra Leone
MNG,2010,,WHO,Mongolia
TKM,2015,14.28676,WHO,Turkmenistan
GHA,2003,60.53087,WHO,Ghana
MDG,2018,47.57062,WHO,Madagascar
YEM,2013,43.58952,WHO,Yemen
PER,2012,8.94983,WHO,Peru
NGA,2007,,WHO,Nigeria
IDN,2017,23.47902,WHO,Indonesia
VNM,2006,,WHO,Vietnam
PER,2011,,WHO,Peru
CRI,1992,,WHO,Costa Rica
IDN,1997,110.5058,WHO,Indonesia
CRI,2011,,WHO,Costa Rica
TGO,2006,,WHO,Togo
IRQ,2011,29.23255,WHO,Iraq
MAR,2003,17.57751,WHO,Morocco
GTM,1998,40.21023,WHO,Guatemala
VNM,2002,25.13909,WHO,Vietnam
ETH,2011,78.16856,WHO,Ethiopia
EGY,2008,33.49271,WHO,Egypt
MNG,2005,,WHO,Mongolia
KGZ,2018,24.88311,WHO,Kyrgyzstan
SLE,2010,,WHO,Sierra Leone
NER,1998,145.57555,WHO,Niger
NGA,2016,51.14765,WHO,Nigeria
HND,1991,,WHO,Honduras
KHM,2000,102.03691,WHO,Cambodia
MRT,2011,51.7955,WHO,Mauritania
PER,2005,24.9986,WHO,Peru
MRT,2011,58.42448,WHO,Mauritania
AFG,2015,42.17942,WHO,Afghanistan
BIH,2011,,WHO,Bosnia and Herzegovina
TKM,2015,42.28518,WHO,Turkmenistan
TCD,1996,120.17072,WHO,Chad
KAZ,2015,,WHO,Kazakhstan
ZMB,2018,40.33899,WHO,Zambia
BOL,2008,88.6161,WHO,Bolivia
PER,2009,,WHO,Peru
ZMB,2007,91.1571,WHO,Zambia
RWA,2010,69.10705,WHO,Rwanda
BOL,1998,75.46507,WHO,Bolivia
STP,2008,58.04004,WHO,Sao Tome and Principe
GNB,2006,,WHO,Guinea-Bissau
LSO,2004,86.52182,WHO,Lesotho
CUB,2014,,WHO,Cuba
PER,2009,,WHO,Peru
TZA,2010,59.94592,WHO,Tanzania
PER,2017,32.11909,WHO,Peru
PER,2007,39.87432,WHO,Peru
LBR,2019,56.02039,WHO,Liberia
MKD,2005,,WHO,North Macedonia
GTM,2014,27.85576,WHO,Guatemala
BFA,1998,96.28347,WHO,Burkina Faso
EGY,2014,21.50382,WHO,Egypt
GIN,2012,67.3832,WHO,Guinea
DJI,2006,,WHO,Djibouti
IND,1998,,WHO,India
NGA,1999,,WHO,Nigeria
SLV,2002,,WHO,El Salvador
MWI,2015,48.23352,WHO,Malawi
NGA,2016,12.32201,WHO,Nigeria
PRY,2004,,WHO,Paraguay
ZWE,1999,65.88305,WHO,Zimbabwe
NPL,1996,101.86041,WHO,Nepal
UKR,1999,,WHO,Ukraine
KHM,2000,96.3914,WHO,Cambodia
UKR,2005,,WHO,Ukraine
NER,2012,28.67951,WHO,Niger
CRI,2018,,WHO,Costa Rica
COL,2000,17.32549,WHO,Colombia
MNG,2005,,WHO,Mongolia
COD,2017,36.14499,WHO,Democratic Republic of Congo
IDN,2007,,WHO,Indonesia
PER,2009,24.6813,WHO,Peru
GAB,2000,58.63206,WHO,Gabon
ECU,1994,,WHO,Ecuador
EGY,2000,52.07953,WHO,Egypt
IDN,2002,47.55634,WHO,Indonesia
ZWE,2005,42.24431,WHO,Zimbabwe
BDI,2016,43.44291,WHO,Burundi
ARM,2005,13.60571,WHO,Armenia
PER,2017,,WHO,Peru
TZA,1999,,WHO,Tanzania
ZMB,2013,35.65105,WHO,Zambia
SRB,2010,,WHO,Serbia
NIC,2001,13.68518,WHO,Nicaragua
TTO,2006,,WHO,Trinidad and Tobago
GMB,2013,13.2068,WHO,Gambia
NGA,2011,,WHO,Nigeria
VNM,2006,,WHO,Vietnam
BFA,2006,,WHO,Burkina Faso
NIC,1992,,WHO,Nicaragua
KAZ,2006,,WHO,Kazakhstan
GHA,2014,43.04074,WHO,Ghana
MRT,2015,46.63307,WHO,Mauritania
URY,2012,,WHO,Uruguay
NGA,2013,59.05785,WHO,Nigeria
MDV,2009,22.94755,WHO,Maldives
IDN,1994,,WHO,Indonesia
PER,2015,32.15491,WHO,Peru
KIR,2018,40.21989,WHO,Kiribati
TCD,2014,82.61042,WHO,Chad
TKM,2006,,WHO,Turkmenistan
BEN,2017,55.54789,WHO,Benin
IDN,2007,57.19669,WHO,Indonesia
BDI,2010,81.46819,WHO,Burundi
COD,2017,30.47622,WHO,Democratic Republic of Congo
NGA,2016,85.66466,WHO,Nigeria
BTN,2010,,WHO,Bhutan
BGD,2006,,WHO,Bangladesh
COG,2014,50.85261,WHO,Congo
LSO,2009,73.75532,WHO,Lesotho
SLV,2002,,WHO,El Salvador
AZE,2006,56.06939,WHO,Azerbaijan
GNB,2018,44.83905,WHO,Guinea-Bissau
VNM,2010,,WHO,Vietnam
TLS,2016,24.70894,WHO,East Timor
IDN,1997,48.16721,WHO,Indonesia
DOM,2013,36.56403,WHO,Dominican Republic
ETH,2019,61.81757,WHO,Ethiopia
TCD,2014,72.04624,WHO,Chad
GHA,1998,77.28896,WHO,Ghana
CRI,2018,,WHO,Costa Rica
PAK,2012,98.34662,WHO,Pakistan
GAB,2000,48.88796,WHO,Gabon
BIH,2011,,WHO,Bosnia and Herzegovina
PER,2011,18.38164,WHO,Peru
TUR,1993,24.76068,WHO,Turkey
SYR,2006,,WHO,Syria
TLS,2009,67.77206,WHO,East Timor
BLZ,2015,12.11197,WHO,Belize
TKM,2006,,WHO,Turkmenistan
SDN,2010,60.75586,WHO,Sudan
PER,2020,7.61982,WHO,Peru
GUY,2014,24.20631,WHO,Guyana
LBR,2007,87.21305,WHO,Liberia
PHL,2008,39.52227,WHO,Philippines
SEN,1997,44.92508,WHO,Senegal
MLI,2012,62.68262,WHO,Mali
TGO,2006,,WHO,Togo
BEN,2017,66.45655,WHO,Benin
GIN,2018,82.89601,WHO,Guinea
LBR,2013,66.65173,WHO,Liberia
TUR,1998,27.87701,WHO,Turkey
HND,2005,35.99226,WHO,Honduras
UZB,2006,,WHO,Uzbekistan
BFA,2006,,WHO,Burkina Faso
BFA,2003,94.2326,WHO,Burkina Faso
BDI,2010,64.27139,WHO,Burundi
KHM,2014,46.17607,WHO,Cambodia
KEN,2003,75.15356,WHO,Kenya
KHM,2010,71.3444,WHO,Cambodia
PER,2018,,WHO,Peru
PHL,2017,28.74551,WHO,Philippines
THA,2019,,WHO,Thailand
UGA,2006,72.57826,WHO,Uganda
KHM,2005,95.24723,WHO,Cambodia
PER,2017,24.18865,WHO,Peru
KAZ,2010,,WHO,Kazakhstan
IND,2015,52.09687,WHO,India
MWI,2013,45.50388,WHO,Malawi
SEN,2016,36.07955,WHO,Senegal
PRY,1998,,WHO,Paraguay
KGZ,1997,98.1288,WHO,Kyrgyzstan
CMR,2011,69.55689,WHO,Cameroon
AFG,2010,,WHO,Afghanistan
UZB,1996,47.41836,WHO,Uzbekistan
TCD,2010,,WHO,Chad
UGA,1995,79.80394,WHO,Uganda
LAO,2006,,WHO,Laos
TGO,2017,41.54081,WHO,Togo
ZWE,2009,67.29073,WHO,Zimbabwe
MDG,2008,59.98026,WHO,Madagascar
MLI,2001,126.90227,WHO,Mali
DOM,1996,33.46512,WHO,Dominican Republic
TGO,2017,49.20893,WHO,Togo
JOR,2017,17.86983,WHO,Jordan
MWI,2006,75.58604,WHO,Malawi
TUN,2018,30.89656,WHO,Tunisia
SOM,2006,86.06702,WHO,Somalia
MAR,2003,56.42678,WHO,Morocco
YEM,2013,41.16829,WHO,Yemen
BDI,2016,59.78634,WHO,Burundi
GTM,1995,63.32041,WHO,Guatemala
EGY,1995,55.69345,WHO,Egypt
BDI,2010,86.19569,WHO,Burundi
BEN,2017,67.45516,WHO,Benin
GIN,2012,58.82581,WHO,Guinea
ALB,2005,,WHO,Albania
KIR,2018,,WHO,Kiribati
PER,2004,25.48995,WHO,Peru
TZA,2004,89.26063,WHO,Tanzania
BIH,2011,,WHO,Bosnia and Herzegovina
CUB,2019,,WHO,Cuba
AFG,2015,35.64471,WHO,Afghanistan
VNM,2002,11.34531,WHO,Vietnam
ALB,2005,,WHO,Albania
ZMB,2007,82.036,WHO,Zambia
PAK,2017,65.9178,WHO,Pakistan
TJK,2012,35.94875,WHO,Tajikistan
GTM,1995,44.09478,WHO,Guatemala
PHL,2008,22.60132,WHO,Philippines
KAZ,2010,,WHO,Kazakhstan
TUR,2003,40.33241,WHO,Turkey
BOL,2003,71.34197,WHO,Bolivia
IDN,2017,,WHO,Indonesia
UGA,2016,45.33013,WHO,Uganda
BGD,2017,54.4925,WHO,Bangladesh
TKM,2019,35.7691,WHO,Turkmenistan
BRB,2012,,WHO,Barbados
TZA,2004,87.99182,WHO,Tanzania
CMR,1998,42.37127,WHO,Cameroon
BLZ,2015,14.52812,WHO,Belize
ECU,1999,,WHO,Ecuador
NAM,2013,55.64613,WHO,Namibia
MWI,2015,46.64323,WHO,Malawi
KAZ,2015,,WHO,Kazakhstan
RWA,2005,86.35811,WHO,Rwanda
COL,1995,28.9648,WHO,Colombia
NER,2012,69.61182,WHO,Niger
PAN,2013,,WHO,Panama
CAF,2018,56.45742,WHO,Central African Republic
CUB,2014,,WHO,Cuba
BGD,2007,36.82653,WHO,Bangladesh
PRY,2008,,WHO,Paraguay
NPL,2014,58.06304,WHO,Nepal
JOR,2007,12.41535,WHO,Jordan
TCD,1996,88.38179,WHO,Chad
GEO,2005,,WHO,Georgia
NGA,2003,113.86697,WHO,Nigeria
VNM,2010,,WHO,Vietnam
KHM,2014,27.75954,WHO,Cambodia
MLI,2012,62.03238,WHO,Mali
GIN,2018,63.16526,WHO,Guinea
SUR,2018,19.14559,WHO,Suriname
YEM,2006,,WHO,Yemen
NER,1998,127.88033,WHO,Niger
PER,2019,15.02612,WHO,Peru
MDG,2008,38.07031,WHO,Madagascar
TCD,2019,70.70838,WHO,Chad
KGZ,2018,14.83915,WHO,Kyrgyzstan
COL,2015,13.20874,WHO,Colombia
EGY,1995,82.8155,WHO,Egypt
MNE,2005,,WHO,Montenegro
CMR,2004,41.02868,WHO,Cameroon
PER,2005,,WHO,Peru
MWI,2013,41.91861,WHO,Malawi
IND,1998,58.96399,WHO,India
HTI,2012,70.1178,WHO,Haiti
MLI,1995,134.87006,WHO,Mali
MDA,2012,17.90939,WHO,Moldova
NAM,2000,54.65213,WHO,Namibia
ALB,2017,0,WHO,Albania
SUR,2010,,WHO,Suriname
KEN,1998,94.80264,WHO,Kenya
BTN,2010,,WHO,Bhutan
SRB,2005,,WHO,Serbia
MWI,2013,70.25883,WHO,Malawi
AFG,2015,33.85225,WHO,Afghanistan
UGA,1995,103.29993,WHO,Uganda
ALB,2008,38.28376,WHO,Albania
ZWE,2010,61.25731,WHO,Zimbabwe
PER,2004,,WHO,Peru
BGD,2017,39.4865,WHO,Bangladesh
GTM,1998,42.5226,WHO,Guatemala
BGD,2017,34.4171,WHO,Bangladesh
CAF,2006,,WHO,Central African Republic
IRQ,2018,23.53394,WHO,Iraq
PRY,2016,31.86325,WHO,Paraguay
CIV,1994,66.78822,WHO,Cote d'Ivoire
SLE,2005,,WHO,Sierra Leone
CMR,2014,82.24428,WHO,Cameroon
GMB,2019,36.29741,WHO,Gambia
ZMB,2013,67.96075,WHO,Zambia
LBR,2007,112.47135,WHO,Liberia
NIC,1992,,WHO,Nicaragua
GNB,2014,67.55769,WHO,Guinea-Bissau
PRY,1998,,WHO,Paraguay
UGA,2006,98.36849,WHO,Uganda
BEN,1996,105.81365,WHO,Benin
BDI,2005,,WHO,Burundi
GHA,2014,46.97706,WHO,Ghana
MDV,2009,12.9048,WHO,Maldives
KHM,2005,121.68004,WHO,Cambodia
DOM,2019,27.83209,WHO,Dominican Republic
KGZ,2005,,WHO,Kyrgyzstan
IDN,1994,88.83494,WHO,Indonesia
CMR,2018,47.85968,WHO,Cameroon
PER,2020,9.08869,WHO,Peru
PER,2012,29.72423,WHO,Peru
TJK,2017,21.18167,WHO,Tajikistan
PER,1996,58.85954,WHO,Peru
ARM,2000,64.19152,WHO,Armenia
GUY,2019,21.1464,WHO,Guyana
UKR,2007,,WHO,Ukraine
SWZ,2014,77.79108,WHO,Eswatini
CUB,2006,,WHO,Cuba
ARM,2005,13.8073,WHO,Armenia
HTI,1994,76.18636,WHO,Haiti
BGD,1999,76.93808,WHO,Bangladesh
ZWE,2005,38.40695,WHO,Zimbabwe
BIH,2011,,WHO,Bosnia and Herzegovina
TKM,2006,,WHO,Turkmenistan
CUB,2014,,WHO,Cuba
NPL,1996,119.61803,WHO,Nepal
LAO,2017,39.00671,WHO,Laos
IDN,2012,26.93385,WHO,Indonesia
IRQ,2006,33.68014,WHO,Iraq
PAK,2006,65.98553,WHO,Pakistan
COM,1996,78.74373,WHO,Comoros
PER,2007,,WHO,Peru
TZA,2010,56.99104,WHO,Tanzania
NPL,2006,82.1093,WHO,Nepal
BRA,1996,46.74822,WHO,Brazil
BLR,2012,,WHO,Belarus
TZA,1999,,WHO,Tanzania
IDN,1994,71.70914,WHO,Indonesia
DJI,2006,,WHO,Djibouti
PER,2000,53.5264,WHO,Peru
GUY,2014,32.56514,WHO,Guyana
SEN,2019,31.53702,WHO,Senegal
JOR,2002,11.81915,WHO,Jordan
RWA,2019,32.16027,WHO,Rwanda
LAO,2011,108.38924,WHO,Laos
SRB,2005,,WHO,Serbia
LSO,2018,69.47555,WHO,Lesotho
LCA,2012,,WHO,Saint Lucia
DZA,2018,13.97943,WHO,Algeria
PER,2012,16.1765,WHO,Peru
EGY,2008,30.00859,WHO,Egypt
BEN,2011,42.77325,WHO,Benin
RWA,2019,40.66663,WHO,Rwanda
NAM,2013,22.4592,WHO,Namibia
ALB,2002,,WHO,Albania
MLI,2001,88.13367,WHO,Mali
KGZ,2014,15.15691,WHO,Kyrgyzstan
PHL,1993,51.81316,WHO,Philippines
GTM,1995,51.54534,WHO,Guatemala
TKM,2006,,WHO,Turkmenistan
TUR,2013,31.05873,WHO,Turkey
GEO,2018,,WHO,Georgia
PRY,1998,,WHO,Paraguay
MWI,2004,93.86938,WHO,Malawi
BEN,1996,116.93942,WHO,Benin
NIC,2001,27.74963,WHO,Nicaragua
VNM,1997,31.38719,WHO,Vietnam
NER,2006,85.82719,WHO,Niger
MLI,2012,64.6814,WHO,Mali
IDN,2002,39.59997,WHO,Indonesia
TKM,2015,22.65115,WHO,Turkmenistan
PAK,2012,51.37889,WHO,Pakistan
DOM,2019,25.37277,WHO,Dominican Republic
CAF,2010,,WHO,Central African Republic
BLR,2019,,WHO,Belarus
SLV,1993,,WHO,El Salvador
GUY,2014,45.65674,WHO,Guyana
TGO,1998,65.32603,WHO,Togo
MWI,2010,73.03991,WHO,Malawi
MOZ,2011,41.27539,WHO,Mozambique
NAM,2000,55.31094,WHO,Namibia
TGO,2013,61.83829,WHO,Togo
RWA,2005,124.10347,WHO,Rwanda
JOR,2017,11.3533,WHO,Jordan
ARM,2015,7.81729,WHO,Armenia
COL,2015,14.6759,WHO,Colombia
TCD,2019,83.47032,WHO,Chad
IRQ,2011,27.68456,WHO,Iraq
MLI,2012,76.08037,WHO,Mali
STP,2008,,WHO,Sao Tome and Principe
BOL,2003,65.7026,WHO,Bolivia
MDA,2012,15.63264,WHO,Moldova
CMR,2014,66.4899,WHO,Cameroon
PHL,2003,41.99821,WHO,Philippines
SEN,2018,43.75783,WHO,Senegal
PER,2012,13.79999,WHO,Peru
NER,1998,113.99358,WHO,Niger
GTM,2014,30.99011,WHO,Guatemala
PER,2004,,WHO,Peru
COG,2005,59.7875,WHO,Congo
GHA,2011,0.06413,WHO,Ghana
SWZ,2014,54.90628,WHO,Eswatini
COD,2017,75.77626,WHO,Democratic Republic of Congo
BFA,2006,,WHO,Burkina Faso
PER,2011,33.1707,WHO,Peru
TUR,1998,52.90712,WHO,Turkey
COL,2000,21.27911,WHO,Colombia
TKM,2006,,WHO,Turkmenistan
MDG,2018,36.01383,WHO,Madagascar
BDI,2005,,WHO,Burundi
UKR,2012,,WHO,Ukraine
DZA,2018,12.81314,WHO,Algeria
IDN,2017,34.9225,WHO,Indonesia
IDN,2007,59.86514,WHO,Indonesia
GMB,2010,,WHO,Gambia
ZWE,2014,55.07043,WHO,Zimbabwe
CIV,2006,,WHO,Cote d'Ivoire
BGD,2012,,WHO,Bangladesh
JAM,2005,,WHO,Jamaica
BOL,1998,53.06068,WHO,Bolivia
LBR,2007,69.24149,WHO,Liberia
BLZ,2015,19.12992,WHO,Belize
TZA,2004,81.0748,WHO,Tanzania
KEN,2014,40.16253,WHO,Kenya
UKR,1999,,WHO,Ukraine
PHL,1993,45.54879,WHO,Philippines
NPL,2014,47.68322,WHO,Nepal
AGO,2015,79.28011,WHO,Angola
DOM,1996,84.68634,WHO,Dominican Republic
MWI,2013,,WHO,Malawi
TZA,1996,87.08516,WHO,Tanzania
ETH,2005,91.03537,WHO,Ethiopia
PHL,1993,29.10947,WHO,Philippines
ZWE,2015,39.89553,WHO,Zimbabwe
BFA,1998,115.83661,WHO,Burkina Faso
MWI,2013,56.28802,WHO,Malawi
UGA,1995,79.30905,WHO,Uganda
BFA,2006,,WHO,Burkina Faso
MEX,2015,,WHO,Mexico
YEM,2013,45.11726,WHO,Yemen
BGD,2014,43.69159,WHO,Bangladesh
DZA,2012,15.79167,WHO,Algeria
CAF,2018,60.3308,WHO,Central African Republic
PER,2008,33.30104,WHO,Peru
BRA,1996,44.41307,WHO,Brazil
EGY,1995,23.90209,WHO,Egypt
PRY,2016,10.95641,WHO,Paraguay
CMR,1998,94.39172,WHO,Cameroon
KHM,2000,88.17424,WHO,Cambodia
PHL,2017,20.92938,WHO,Philippines
GIN,2005,118.02371,WHO,Guinea
AFG,2015,53.13032,WHO,Afghanistan
MEX,2015,,WHO,Mexico
CUB,2006,,WHO,Cuba
THA,2012,,WHO,Thailand
BGD,2019,32.35772,WHO,Bangladesh
CAF,2010,,WHO,Central African Republic
ARM,2010,15.19346,WHO,Armenia
ALB,2002,,WHO,Albania
PHL,2003,27.79789,WHO,Philippines
PER,2005,,WHO,Peru
MNG,2013,14.06363,WHO,Mongolia
RWA,2014,24.2128,WHO,Rwanda
ALB,2017,5.51923,WHO,Albania
IDN,1997,39.35379,WHO,Indonesia
ETH,2016,,WHO,Ethiopia
MDA,2012,1.88113,WHO,Moldova
BLZ,2011,,WHO,Belize
TGO,2017,41.06713,WHO,Togo
KHM,2014,40.45086,WHO,Cambodia
ZWE,2014,39.23,WHO,Zimbabwe
TCD,1996,89.33591,WHO,Chad
BGD,2017,49.24086,WHO,Bangladesh
IRQ,2018,24.40784,WHO,Iraq
ECU,1994,,WHO,Ecuador
HTI,2012,58.13288,WHO,Haiti
PHL,2008,30.90274,WHO,Philippines
SDN,2010,79.28674,WHO,Sudan
MDV,2016,15.22344,WHO,Maldives
TUR,2003,59.41987,WHO,Turkey
DZA,2018,15.6767,WHO,Algeria
KAZ,2010,,WHO,Kazakhstan
CMR,2011,79.34351,WHO,Cameroon
ZMB,2013,55.14176,WHO,Zambia
BOL,2008,31.29937,WHO,Bolivia
BLZ,2006,,WHO,Belize
STP,2008,39.23182,WHO,Sao Tome and Principe
SRB,2010,,WHO,Serbia
CAF,2006,,WHO,Central African Republic
CMR,1998,103.86658,WHO,Cameroon
SEN,2019,42.07653,WHO,Senegal
PER,2017,12.69955,WHO,Peru
CAF,2006,,WHO,Central African Republic
BEN,2014,72.19739,WHO,Benin
QAT,2012,,WHO,Qatar
MWI,2013,60.43663,WHO,Malawi
KHM,2010,42.34645,WHO,Cambodia
KHM,2005,75.90661,WHO,Cambodia
GTM,2008,,WHO,Guatemala
PER,2009,45.06889,WHO,Peru
BIH,2006,,WHO,Bosnia and Herzegovina
ECU,1999,,WHO,Ecuador
ZMB,2001,67.56617,WHO,Zambia
NPL,1996,86.29515,WHO,Nepal
CMR,2006,,WHO,Cameroon
LAO,2011,44.77636,WHO,Laos
TZA,1999,68.97271,WHO,Tanzania
URY,2012,,WHO,Uruguay
COG,2011,44.50523,WHO,Congo
TUR,1993,70.45813,WHO,Turkey
BEN,2006,50.66479,WHO,Benin
TUN,2018,21.79204,WHO,Tunisia
IDN,2012,46.50887,WHO,Indonesia
IDN,2012,48.08838,WHO,Indonesia
PER,2005,29.06562,WHO,Peru
SEN,2018,42.86733,WHO,Senegal
BFA,2003,94.08631,WHO,Burkina Faso
IRQ,2006,47.27337,WHO,Iraq
ECU,1999,,WHO,Ecuador
NPL,1996,124.27604,WHO,Nepal
DOM,2019,20.32911,WHO,Dominican Republic
BGD,2019,37.44148,WHO,Bangladesh
MRT,2007,,WHO,Mauritania
DOM,2014,28.87247,WHO,Dominican Republic
ZWE,1994,44.29419,WHO,Zimbabwe
SLV,1998,,WHO,El Salvador
NIC,1997,53.29277,WHO,Nicaragua
PER,2007,27.07535,WHO,Peru
BRA,1996,42.35879,WHO,Brazil
VNM,2013,3.84926,WHO,Vietnam
UGA,2016,47.98878,WHO,Uganda
PAK,2017,,WHO,Pakistan
LSO,2014,79.7206,WHO,Lesotho
STP,2008,50.22221,WHO,Sao Tome and Principe
GAB,2012,45.79999,WHO,Gabon
ZMB,2013,42.69789,WHO,Zambia
MDA,1997,,WHO,Moldova
COG,2014,51.26294,WHO,Congo
JOR,2017,9.38192,WHO,Jordan
RWA,2005,122.50949,WHO,Rwanda
MLI,2012,81.69954,WHO,Mali
PHL,1993,49.08125,WHO,Philippines
KGZ,1997,45.83221,WHO,Kyrgyzstan
TJK,2017,20.33416,WHO,Tajikistan
GHA,2003,57.85697,WHO,Ghana
PER,2009,10.8113,WHO,Peru
TCD,2004,78.40015,WHO,Chad
CPV,1998,,WHO,Cape Verde
GTM,2002,,WHO,Guatemala
GMB,2005,,WHO,Gambia
THA,2005,,WHO,Thailand
JAM,2005,,WHO,Jamaica
IND,2015,30.97181,WHO,India
GEO,2005,,WHO,Georgia
KEN,2003,66.94579,WHO,Kenya
TJK,2005,,WHO,Tajikistan
CUB,2010,,WHO,Cuba
BOL,1994,105.81705,WHO,Bolivia
JAM,2005,,WHO,Jamaica
CMR,1998,49.85494,WHO,Cameroon
SEN,2005,60.34378,WHO,Senegal
BLZ,2015,16.74271,WHO,Belize
ZWE,2014,56.50221,WHO,Zimbabwe
COD,2007,71.84208,WHO,Democratic Republic of Congo
COD,2017,58.15361,WHO,Democratic Republic of Congo
BGD,2012,,WHO,Bangladesh
MOZ,2015,10.8472,WHO,Mozambique
GIN,2016,35.06089,WHO,Guinea
KGZ,1997,,WHO,Kyrgyzstan
GNB,2018,32.13394,WHO,Guinea-Bissau
ZAF,2016,55.85033,WHO,South Africa
BGD,1993,117.86926,WHO,Bangladesh
URY,2012,,WHO,Uruguay
GHA,1993,76.29798,WHO,Ghana
GNB,2014,0.06326,WHO,Guinea-Bissau
AFG,2015,,WHO,Afghanistan
BLZ,2011,,WHO,Belize
PER,1996,84.75371,WHO,Peru
BEN,1996,116.7439,WHO,Benin
CAF,2010,,WHO,Central African Republic
MWI,2015,47.95095,WHO,Malawi
DJI,2006,,WHO,Djibouti
SLV,2002,,WHO,El Salvador
GHA,2008,61.04211,WHO,Ghana
SLE,2013,102.40631,WHO,Sierra Leone
MLI,2018,58.55404,WHO,Mali
TTO,2011,,WHO,Trinidad and Tobago
NAM,2006,23.49943,WHO,Namibia
HND,2005,27.16443,WHO,Honduras
TGO,1998,72.13428,WHO,Togo
TUN,2018,19.62743,WHO,Tunisia
PER,2000,61.23752,WHO,Peru
COG,2011,49.2592,WHO,Congo
SLV,1993,,WHO,El Salvador
TCD,2019,47.00492,WHO,Chad
CIV,2006,,WHO,Cote d'Ivoire
MKD,2005,,WHO,North Macedonia
NGA,2007,,WHO,Nigeria
COL,2015,19.17076,WHO,Colombia
SLE,2010,,WHO,Sierra Leone
PER,2006,20.86936,WHO,Peru
CIV,2011,67.77777,WHO,Cote d'Ivoire
ARM,2010,,WHO,Armenia
THA,2019,,WHO,Thailand
MLI,2015,67.76106,WHO,Mali
MNE,2005,,WHO,Montenegro
GUY,2009,40.04897,WHO,Guyana
BOL,1998,41.29654,WHO,Bolivia
ARM,2005,27.81986,WHO,Armenia
NAM,2006,27.00423,WHO,Namibia
SEN,2014,50.44461,WHO,Senegal
BOL,1994,63.60987,WHO,Bolivia
RWA,2000,116.34007,WHO,Rwanda
PER,2013,0,WHO,Peru
UGA,1995,59.60733,WHO,Uganda
SWZ,2006,75.27596,WHO,Eswatini
EGY,1995,42.9439,WHO,Egypt
HTI,2005,35.4805,WHO,Haiti
ZWE,1999,65.34998,WHO,Zimbabwe
NAM,2006,49.57881,WHO,Namibia
TLS,2009,59.15189,WHO,East Timor
NGA,2007,,WHO,Nigeria
PAK,2017,74.70848,WHO,Pakistan
JOR,1997,23.41055,WHO,Jordan
NPL,2011,54.51196,WHO,Nepal
BDI,2016,51.45619,WHO,Burundi
RWA,2010,59.93005,WHO,Rwanda
MMR,2015,52.9837,WHO,Myanmar
MRT,2015,,WHO,Mauritania
PER,2016,11.4369,WHO,Peru
SSD,2010,78.64203,WHO,South Sudan
UKR,2012,,WHO,Ukraine
SUR,2006,,WHO,Suriname
MOZ,2008,99.72516,WHO,Mozambique
ZAF,2016,43.80837,WHO,South Africa
MEX,2015,,WHO,Mexico
IRQ,2011,35.70803,WHO,Iraq
KEN,2008,45.53972,WHO,Kenya
STP,2019,8.98148,WHO,Sao Tome and Principe
KEN,1993,90.00619,WHO,Kenya
PHL,1998,20.92237,WHO,Philippines
TCD,2019,80.86449,WHO,Chad
YEM,2006,77.31479,WHO,Yemen
GIN,2018,68.98331,WHO,Guinea
CIV,1994,78.62398,WHO,Cote d'Ivoire
SLE,2008,85.18612,WHO,Sierra Leone
BLR,2005,,WHO,Belarus
SRB,2014,,WHO,Serbia
STP,2014,15.28153,WHO,Sao Tome and Principe
IDN,2017,22.94997,WHO,Indonesia
ZWE,2014,54.74147,WHO,Zimbabwe
PRY,2016,10.37264,WHO,Paraguay
LAO,2017,50.13255,WHO,Laos
THA,2005,,WHO,Thailand
NIC,1997,47.45238,WHO,Nicaragua
DOM,2014,22.49997,WHO,Dominican Republic
QAT,2012,,WHO,Qatar
CIV,2006,,WHO,Cote d'Ivoire
UGA,2011,43.87117,WHO,Uganda
SLV,2014,17.1266,WHO,El Salvador
BLZ,2011,,WHO,Belize
EGY,1995,93.42146,WHO,Egypt
BGD,2012,,WHO,Bangladesh
MLI,2006,103.42776,WHO,Mali
GIN,2012,95.57834,WHO,Guinea
NGA,2007,,WHO,Nigeria
ZWE,2005,69.19332,WHO,Zimbabwe
THA,2015,,WHO,Thailand
URY,2012,,WHO,Uruguay
THA,2012,,WHO,Thailand
TCD,2014,89.03407,WHO,Chad
EGY,2008,25.43013,WHO,Egypt
PNG,2016,33.97174,WHO,Papua New Guinea
DZA,2012,19.82114,WHO,Algeria
PER,2014,0,WHO,Peru
COD,2017,48.33299,WHO,Democratic Republic of Congo
SYR,2006,,WHO,Syria
RWA,2000,123.49063,WHO,Rwanda
SLE,2010,,WHO,Sierra Leone
MDG,2003,79.13526,WHO,Madagascar
BOL,1994,52.26956,WHO,Bolivia
PHL,2008,19.41814,WHO,Philippines
MKD,2011,,WHO,North Macedonia
GHA,2017,49.95662,WHO,Ghana
SDN,2014,0.06183,WHO,Sudan
DOM,2013,33.47978,WHO,Dominican Republic
MWI,2004,91.9318,WHO,Malawi
GIN,1999,101.5035,WHO,Guinea
CMR,2018,36.04866,WHO,Cameroon
TGO,2017,50.67049,WHO,Togo
KHM,2005,102.88427,WHO,Cambodia
KHM,2000,96.0308,WHO,Cambodia
VNM,2006,,WHO,Vietnam
PER,2010,25.92096,WHO,Peru
DOM,2007,37.44045,WHO,Dominican Republic
PER,2017,9.76021,WHO,Peru
HND,2011,18.21619,WHO,Honduras
CPV,1998,,WHO,Cape Verde
TCD,1996,99.27245,WHO,Chad
BGD,1993,110.90933,WHO,Bangladesh
IDN,2002,43.9667,WHO,Indonesia
KGZ,2005,,WHO,Kyrgyzstan
LSO,2004,93.14561,WHO,Lesotho
TCD,2019,71.78073,WHO,Chad
NPL,2011,58.90234,WHO,Nepal
GIN,1999,125.79371,WHO,Guinea
BLR,2005,,WHO,Belarus
MRT,2015,45.76674,WHO,Mauritania
COD,2017,47.86027,WHO,Democratic Republic of Congo
GNB,2014,66.98976,WHO,Guinea-Bissau
CIV,2006,,WHO,Cote d'Ivoire
BGD,1993,79.92984,WHO,Bangladesh
KIR,2018,44.92761,WHO,Kiribati
KAZ,2010,,WHO,Kazakhstan
LAO,2011,91.47489,WHO,Laos
MNG,2013,24.08648,WHO,Mongolia
GEO,2018,,WHO,Georgia
GUY,2014,,WHO,Guyana
ALB,2002,,WHO,Albania
JOR,1997,27.79853,WHO,Jordan
TGO,2013,47.17485,WHO,Togo
GHA,2003,64.68391,WHO,Ghana
UGA,2000,93.41441,WHO,Uganda
TZA,1999,101.20435,WHO,Tanzania
GIN,2016,73.26031,WHO,Guinea
MDA,2005,30.82303,WHO,Moldova
IDN,2012,32.73173,WHO,Indonesia
RWA,2000,118.54804,WHO,Rwanda
SLE,2008,92.99605,WHO,Sierra Leone
SEN,2005,81.57533,WHO,Senegal
BEN,2001,108.21528,WHO,Benin
TCD,2014,,WHO,Chad
GMB,2013,35.31522,WHO,Gambia
CAF,2010,,WHO,Central African Republic
IND,1998,73.27027,WHO,India
HTI,2000,90.45353,WHO,Haiti
COG,2005,68.97543,WHO,Congo
PER,2006,,WHO,Peru
PER,2000,53.90118,WHO,Peru
ETH,2011,80.7169,WHO,Ethiopia
ALB,2008,27.39296,WHO,Albania
KGZ,2005,,WHO,Kyrgyzstan
BOL,1998,77.63657,WHO,Bolivia
MDV,2009,26.24376,WHO,Maldives
NIC,2006,,WHO,Nicaragua
NPL,2011,63.45321,WHO,Nepal
CUB,2019,,WHO,Cuba
NGA,2007,,WHO,Nigeria
KIR,2018,46.4231,WHO,Kiribati
UZB,1996,42.87304,WHO,Uzbekistan
KHM,2000,78.42769,WHO,Cambodia
TTO,2006,,WHO,Trinidad and Tobago
SDN,2014,55.01276,WHO,Sudan
HTI,2012,73.24361,WHO,Haiti
UGA,2011,47.86696,WHO,Uganda
GIN,1999,111.98121,WHO,Guinea
SLE,2008,95.2934,WHO,Sierra Leone
CIV,2011,79.53979,WHO,Cote d'Ivoire
TKM,2006,,WHO,Turkmenistan
KAZ,2010,,WHO,Kazakhstan
MDG,2018,39.32367,WHO,Madagascar
MRT,2011,36.68874,WHO,Mauritania
SUR,2018,8.06813,WHO,Suriname
UGA,2006,100.35206,WHO,Uganda
ZWE,2010,57.06449,WHO,Zimbabwe
KAZ,2015,,WHO,Kazakhstan
GMB,2018,40.28146,WHO,Gambia
RWA,2014,46.31675,WHO,Rwanda
URY,2012,,WHO,Uruguay
MDG,2008,55.93211,WHO,Madagascar
GHA,2003,62.95273,WHO,Ghana
HTI,2016,33.00384,WHO,Haiti
IDN,2012,,WHO,Indonesia
TUR,2013,13.35427,WHO,Turkey
CIV,2016,71.85191,WHO,Cote d'Ivoire
CPV,1998,,WHO,Cape Verde
GIN,2012,53.92265,WHO,Guinea
AGO,2015,24.58303,WHO,Angola
MKD,2011,,WHO,North Macedonia
YEM,2013,50.9086,WHO,Yemen
COL,1995,23.45461,WHO,Colombia
NER,2006,46.8458,WHO,Niger
TJK,2005,,WHO,Tajikistan
PER,2005,30.42401,WHO,Peru
PER,2016,27.38949,WHO,Peru
DJI,2006,,WHO,Djibouti
NPL,2006,67.36527,WHO,Nepal
NPL,2019,37.10569,WHO,Nepal
ZWE,2010,54.51477,WHO,Zimbabwe
NPL,2014,41.75899,WHO,Nepal
UKR,2007,,WHO,Ukraine
TLS,2016,33.11621,WHO,East Timor
BEN,2006,65.48857,WHO,Benin
GHA,1993,79.50737,WHO,Ghana
KHM,2010,39.13673,WHO,Cambodia
PER,2000,32.90362,WHO,Peru
MLI,2009,,WHO,Mali
MNE,2005,,WHO,Montenegro
NER,1998,177.21368,WHO,Niger
GTM,2014,15.15084,WHO,Guatemala
IND,2015,29.79524,WHO,India
TUV,2019,,WHO,Tuvalu
NAM,2006,77.9094,WHO,Namibia
SYR,2006,,WHO,Syria
BEN,2006,86.00735,WHO,Benin
BIH,2006,,WHO,Bosnia and Herzegovina
PER,2010,31.06461,WHO,Peru
MWI,2019,41.99274,WHO,Malawi
TGO,1998,73.88358,WHO,Togo
ZWE,2009,51.15488,WHO,Zimbabwe
JOR,2012,14.63794,WHO,Jordan
BEN,2014,56.82029,WHO,Benin
DOM,2002,35.62762,WHO,Dominican Republic
SEN,2012,40.11497,WHO,Senegal
GNB,2006,,WHO,Guinea-Bissau
KAZ,1995,32.54856,WHO,Kazakhstan
GHA,1998,14.2077,WHO,Ghana
SRB,2019,,WHO,Serbia
BEN,2014,87.08805,WHO,Benin
COD,2010,,WHO,Democratic Republic of Congo
NER,2012,66.3169,WHO,Niger
TZA,2010,57.73067,WHO,Tanzania
GTM,2008,,WHO,Guatemala
PER,2004,,WHO,Peru
PER,2015,22.43559,WHO,Peru
PHL,1998,25.36893,WHO,Philippines
HTI,2012,60.51823,WHO,Haiti
ARM,2015,6.31951,WHO,Armenia
ETH,2005,78.46307,WHO,Ethiopia
PHL,2003,39.42926,WHO,Philippines
ALB,2017,1.61621,WHO,Albania
BGD,1996,106.81001,WHO,Bangladesh
LSO,2004,71.47156,WHO,Lesotho
SLV,1993,,WHO,El Salvador
MNE,2013,,WHO,Montenegro
BFA,1998,71.64542,WHO,Burkina Faso
NPL,1996,79.37733,WHO,Nepal
GHA,2006,,WHO,Ghana
IDN,1997,60.6139,WHO,Indonesia
PER,2020,15.04223,WHO,Peru
GTM,2014,26.96862,WHO,Guatemala
GMB,2010,,WHO,Gambia
SDN,2010,44.71644,WHO,Sudan
GMB,2005,,WHO,Gambia
HND,2011,30.98148,WHO,Honduras
LBR,2013,59.73014,WHO,Liberia
NAM,2013,35.40265,WHO,Namibia
GHA,2017,28.4271,WHO,Ghana
CUB,2014,,WHO,Cuba
UKR,2005,,WHO,Ukraine
PER,2018,6.85739,WHO,Peru
BDI,2016,35.83363,WHO,Burundi
SUR,2006,,WHO,Suriname
GMB,2019,47.16814,WHO,Gambia
GNB,2006,,WHO,Guinea-Bissau
YEM,2013,44.93533,WHO,Yemen
GNB,2018,42.96803,WHO,Guinea-Bissau
MLI,2012,42.97575,WHO,Mali
PER,2005,,WHO,Peru
TUR,1998,38.35567,WHO,Turkey
PAK,2017,66.78676,WHO,Pakistan
UGA,2016,49.49971,WHO,Uganda
IND,2015,24.93019,WHO,India
TKM,2015,12.3931,WHO,Turkmenistan
KGZ,2005,,WHO,Kyrgyzstan
GUY,2019,,WHO,Guyana
PRY,2004,,WHO,Paraguay
SLE,2017,57.92962,WHO,Sierra Leone
TLS,2009,68.06084,WHO,East Timor
UKR,2007,12.88296,WHO,Ukraine
ZWE,2009,56.10223,WHO,Zimbabwe
GHA,2008,30.13942,WHO,Ghana
IND,2005,34.38293,WHO,India
PER,2010,25.17394,WHO,Peru
PHL,1998,40.1828,WHO,Philippines
GNB,2006,,WHO,Guinea-Bissau
NGA,2003,116.31795,WHO,Nigeria
TGO,2013,54.52697,WHO,Togo
THA,2005,,WHO,Thailand
DOM,2002,54.71803,WHO,Dominican Republic
LSO,2004,68.39184,WHO,Lesotho
VUT,2007,,WHO,Vanuatu
BOL,1998,69.63622,WHO,Bolivia
UKR,2005,,WHO,Ukraine
PER,2012,21.68702,WHO,Peru
MWI,2013,44.42278,WHO,Malawi
RWA,2005,92.27155,WHO,Rwanda
BOL,2008,48.66508,WHO,Bolivia
MLI,2009,,WHO,Mali
ECU,2004,,WHO,Ecuador
LBR,2013,66.08467,WHO,Liberia
VNM,2013,50.46485,WHO,Vietnam
MKD,2018,,WHO,North Macedonia
TCD,1996,101.56197,WHO,Chad
MOZ,2003,91.32211,WHO,Mozambique
TLS,2009,49.24703,WHO,East Timor
TUR,2003,34.5534,WHO,Turkey
KHM,2010,14.15104,WHO,Cambodia
TJK,2017,30.29152,WHO,Tajikistan
KAZ,1995,46.99516,WHO,Kazakhstan
CMR,2011,71.23811,WHO,Cameroon
HTI,2000,90.4455,WHO,Haiti
JOR,2012,16.03461,WHO,Jordan
SEN,2015,39.5282,WHO,Senegal
ZWE,1994,84.2515,WHO,Zimbabwe
SLV,1998,,WHO,El Salvador
GTM,1998,28.97119,WHO,Guatemala
HND,2019,22.20737,WHO,Honduras
IND,2015,54.06275,WHO,India
NIC,1997,40.20209,WHO,Nicaragua
YEM,2006,68.25209,WHO,Yemen
PHL,1993,44.32914,WHO,Philippines
KHM,2005,44.50441,WHO,Cambodia
GIN,2012,83.21098,WHO,Guinea
TZA,2010,,WHO,Tanzania
TGO,2013,51.31098,WHO,Togo
UKR,2005,,WHO,Ukraine
NIC,2001,34.3669,WHO,Nicaragua
BLR,2005,,WHO,Belarus
GMB,2005,,WHO,Gambia
TGO,2017,30.30075,WHO,Togo
SDN,2014,43.03229,WHO,Sudan
DZA,2018,10.64231,WHO,Algeria
CAF,2010,,WHO,Central African Republic
SRB,2010,,WHO,Serbia
PER,2012,,WHO,Peru
NPL,2016,39.06912,WHO,Nepal
ZWE,1999,48.08702,WHO,Zimbabwe
PAN,2013,,WHO,Panama
GUY,2014,32.03925,WHO,Guyana
DOM,2002,39.49197,WHO,Dominican Republic
BGD,1996,75.18625,WHO,Bangladesh
MDG,2018,26.25426,WHO,Madagascar
TGO,2010,,WHO,Togo
VNM,1997,28.38957,WHO,Vietnam
PER,2011,25.33524,WHO,Peru
KGZ,1997,49.55601,WHO,Kyrgyzstan
PER,2020,6.55072,WHO,Peru
VNM,2006,,WHO,Vietnam
BFA,2010,69.7734,WHO,Burkina Faso
TCD,2014,78.53711,WHO,Chad
TUR,1993,87.91267,WHO,Turkey
ARM,2000,41.92624,WHO,Armenia
SLE,2005,,WHO,Sierra Leone
SLE,2005,,WHO,Sierra Leone
ZWE,2014,59.64513,WHO,Zimbabwe
SLV,2002,,WHO,El Salvador
DOM,2019,29.22675,WHO,Dominican Republic
CIV,1994,122.71264,WHO,Cote d'Ivoire
PHL,1993,43.10472,WHO,Philippines
TUV,2019,,WHO,Tuvalu
SLV,2008,,WHO,El Salvador
BOL,1994,86.31104,WHO,Bolivia
TKM,2019,21.62399,WHO,Turkmenistan
GIN,2012,91.39669,WHO,Guinea
UGA,2016,48.57705,WHO,Uganda
THA,2015,,WHO,Thailand
AFG,2015,28.45275,WHO,Afghanistan
NPL,2014,41.22679,WHO,Nepal
ALB,2005,,WHO,Albania
UGA,2016,39.13474,WHO,Uganda
TZA,1996,87.32552,WHO,Tanzania
DZA,2018,19.99691,WHO,Algeria
BEN,2011,62.35276,WHO,Benin
IND,2015,29.32938,WHO,India
ZWE,2014,45.98464,WHO,Zimbabwe
PHL,1993,33.74533,WHO,Philippines
GHA,1993,64.18822,WHO,Ghana
PHL,2013,19.00289,WHO,Philippines
PHL,1993,32.87865,WHO,Philippines
NPL,2011,68.44012,WHO,Nepal
TCD,2014,80.84132,WHO,Chad
BTN,2010,,WHO,Bhutan
IDN,1994,63.67362,WHO,Indonesia
ALB,2008,30.16032,WHO,Albania
VNM,1997,35.18054,WHO,Vietnam
SUR,2018,17.7756,WHO,Suriname
VNM,2002,14.26013,WHO,Vietnam
GTM,2008,,WHO,Guatemala
KEN,1993,127.90826,WHO,Kenya
STP,2014,,WHO,Sao Tome and Principe
PER,2011,28.86528,WHO,Peru
HND,1991,,WHO,Honduras
CAF,2006,,WHO,Central African Republic
SEN,2019,17.76529,WHO,Senegal
MWI,2000,144.65703,WHO,Malawi
ZWE,1999,58.05272,WHO,Zimbabwe
CRI,2018,,WHO,Costa Rica
CAF,1994,106.43532,WHO,Central African Republic
MLI,2001,125.25143,WHO,Mali
ARM,2010,16.21537,WHO,Armenia
TUN,2018,16.30093,WHO,Tunisia
IDN,2007,36.69981,WHO,Indonesia
GMB,2010,,WHO,Gambia
TLS,2009,69.22388,WHO,East Timor
PER,2008,23.57376,WHO,Peru
MDG,1997,105.00283,WHO,Madagascar
JOR,2017,17.76084,WHO,Jordan
GIN,2012,102.96234,WHO,Guinea
GIN,2005,124.11658,WHO,Guinea
ZWE,2005,55.73625,WHO,Zimbabwe
TUR,1993,89.36452,WHO,Turkey
NAM,2000,37.42331,WHO,Namibia
GIN,1999,99.96961,WHO,Guinea
KAZ,1999,45.65903,WHO,Kazakhstan
BFA,2006,,WHO,Burkina Faso
HTI,2000,107.65727,WHO,Haiti
KGZ,1997,70.44834,WHO,Kyrgyzstan
ARG,2019,,WHO,Argentina
BGD,2014,42.10406,WHO,Bangladesh
BEN,1996,87.61398,WHO,Benin
COM,1996,64.5965,WHO,Comoros
NAM,2013,26.76213,WHO,Namibia
DOM,2007,,WHO,Dominican Republic
THA,2012,,WHO,Thailand
WSM,2019,15.70503,WHO,Samoa
DOM,2002,29.94353,WHO,Dominican Republic
EGY,2005,52.11179,WHO,Egypt
ALB,2005,,WHO,Albania
KHM,2000,112.05389,WHO,Cambodia
MDA,2005,22.69948,WHO,Moldova
JOR,2002,24.19115,WHO,Jordan
PAK,2006,81.39983,WHO,Pakistan
ZWE,2005,49.73637,WHO,Zimbabwe
TCD,2004,106.23517,WHO,Chad
UGA,2016,47.80655,WHO,Uganda
DZA,2012,22.43549,WHO,Algeria
PER,2012,17.61195,WHO,Peru
HND,2011,27.65511,WHO,Honduras
CAF,2010,,WHO,Central African Republic
IDN,2002,60.64079,WHO,Indonesia
ZWE,2010,49.41076,WHO,Zimbabwe
MLI,1995,146.94727,WHO,Mali
KHM,2005,64.72179,WHO,Cambodia
BGD,2011,66.39275,WHO,Bangladesh
MOZ,2003,88.37186,WHO,Mozambique
PER,2016,0,WHO,Peru
SUR,2018,,WHO,Suriname
MNG,2018,17.68381,WHO,Mongolia
GMB,2005,,WHO,Gambia
NER,2012,66.13969,WHO,Niger
PRY,2016,14.46019,WHO,Paraguay
NIC,2006,,WHO,Nicaragua
UKR,1999,,WHO,Ukraine
BOL,2008,52.91499,WHO,Bolivia
LSO,2004,92.93082,WHO,Lesotho
CAF,2018,80.22844,WHO,Central African Republic
KGZ,2014,33.99626,WHO,Kyrgyzstan
THA,2005,,WHO,Thailand
GIN,2012,82.75237,WHO,Guinea
EGY,2005,49.37394,WHO,Egypt
SEN,2019,39.47968,WHO,Senegal
JOR,2002,28.87141,WHO,Jordan
NPL,2016,31.1432,WHO,Nepal
KHM,2000,59.65973,WHO,Cambodia
PER,2019,16.70547,WHO,Peru
LSO,2014,48.66711,WHO,Lesotho
PRY,2016,19.60868,WHO,Paraguay
RWA,2019,44.5131,WHO,Rwanda
MOZ,1997,91.67546,WHO,Mozambique
UKR,2005,,WHO,Ukraine
KEN,2008,65.58355,WHO,Kenya
MNG,2013,,WHO,Mongolia
GHA,1998,70.13769,WHO,Ghana
CUB,2014,,WHO,Cuba
DOM,2002,,WHO,Dominican Republic
GMB,2005,,WHO,Gambia
JOR,2012,17.30355,WHO,Jordan
KHM,2005,58.43373,WHO,Cambodia
NER,2012,63.75296,WHO,Niger
YEM,2013,56.23183,WHO,Yemen
MWI,2015,45.11069,WHO,Malawi
GMB,2018,43.3166,WHO,Gambia
ETH,2019,48.72296,WHO,Ethiopia
SRB,2019,,WHO,Serbia
PRY,1998,,WHO,Paraguay
SLE,2010,,WHO,Sierra Leone
NPL,2014,25.90905,WHO,Nepal
COL,2015,14.6211,WHO,Colombia
MWI,2013,54.8814,WHO,Malawi
MRT,2011,56.04037,WHO,Mauritania
TZA,1996,,WHO,Tanzania
PHL,2017,18.47222,WHO,Philippines
BLR,2019,,WHO,Belarus
PRY,2008,,WHO,Paraguay
PER,2020,17.41125,WHO,Peru
SEN,2018,,WHO,Senegal
SEN,2005,30.31029,WHO,Senegal
SWZ,2014,71.5505,WHO,Eswatini
MLI,2009,,WHO,Mali
COG,2011,38.85358,WHO,Congo
HND,2005,26.28893,WHO,Honduras
SLV,2014,22.01218,WHO,El Salvador
RWA,2005,100.64267,WHO,Rwanda
SEN,2016,31.15062,WHO,Senegal
BFA,1998,69.73225,WHO,Burkina Faso
MDA,2012,11.66915,WHO,Moldova
SWZ,2006,77.94703,WHO,Eswatini
BEN,2014,66.37875,WHO,Benin
TZA,2015,40.80793,WHO,Tanzania
PER,2008,40.57388,WHO,Peru
TUR,1993,72.30865,WHO,Turkey
GMB,2005,,WHO,Gambia
ETH,2016,56.68892,WHO,Ethiopia
CAF,2006,,WHO,Central African Republic
BFA,2006,,WHO,Burkina Faso
TZA,1999,117.68887,WHO,Tanzania
BOL,2008,74.59768,WHO,Bolivia
TTO,2006,,WHO,Trinidad and Tobago
IDN,2017,24.44999,WHO,Indonesia
IDN,2017,24.34657,WHO,Indonesia
PER,2016,6.03151,WHO,Peru
SLE,2017,54.39573,WHO,Sierra Leone
PER,1996,43.51368,WHO,Peru
IDN,2012,43.58711,WHO,Indonesia
LSO,2018,66.50474,WHO,Lesotho
VNM,2002,30.88919,WHO,Vietnam
AFG,2015,32.07858,WHO,Afghanistan
IDN,2017,30.04307,WHO,Indonesia
BFA,2003,88.2453,WHO,Burkina Faso
TCD,2014,68.91344,WHO,Chad
SSD,2010,82.17413,WHO,South Sudan
PER,2006,,WHO,Peru
MDV,2009,38.11514,WHO,Maldives
BLZ,1991,,WHO,Belize
HTI,1994,106.01282,WHO,Haiti
MNG,2010,,WHO,Mongolia
VNM,2006,,WHO,Vietnam
TUR,1998,52.6815,WHO,Turkey
NGA,2007,,WHO,Nigeria
ECU,1999,,WHO,Ecuador
PER,2020,6.59351,WHO,Peru
SLV,2008,,WHO,El Salvador
PER,2008,,WHO,Peru
MNG,2013,26.0657,WHO,Mongolia
GMB,2019,46.41097,WHO,Gambia
NAM,2000,52.26882,WHO,Namibia
PER,2020,4.70792,WHO,Peru
PER,2004,23.28859,WHO,Peru
GUY,2006,,WHO,Guyana
IDN,1997,60.41217,WHO,Indonesia
CRI,2011,,WHO,Costa Rica
PER,2020,2.06251,WHO,Peru
KEN,1998,73.81953,WHO,Kenya
DOM,2014,25.91601,WHO,Dominican Republic
QAT,2012,,WHO,Qatar
ETH,2000,,WHO,Ethiopia
CAF,1994,126.75021,WHO,Central African Republic
GTM,1995,46.68858,WHO,Guatemala
LSO,2009,91.65519,WHO,Lesotho
NIC,2006,,WHO,Nicaragua
KAZ,2015,,WHO,Kazakhstan
PER,2009,24.68404,WHO,Peru
TCD,2010,,WHO,Chad
BLZ,2015,,WHO,Belize
TCD,1996,125.20119,WHO,Chad
GUY,2014,37.23398,WHO,Guyana
CRI,2011,,WHO,Costa Rica
ARG,2019,,WHO,Argentina
SSD,2010,67.27936,WHO,South Sudan
TJK,2017,17.98462,WHO,Tajikistan
BFA,2003,92.83614,WHO,Burkina Faso
GIN,2005,66.70197,WHO,Guinea
UKR,2007,16.9065,WHO,Ukraine
PRY,2004,,WHO,Paraguay
DOM,1999,,WHO,Dominican Republic
TZA,1999,83.84561,WHO,Tanzania
VNM,2010,,WHO,Vietnam
CAF,1994,115.11136,WHO,Central African Republic
IND,2015,19.15123,WHO,India
BGD,2007,68.05051,WHO,Bangladesh
ALB,2005,,WHO,Albania
LSO,2009,112.71804,WHO,Lesotho
VNM,2010,,WHO,Vietnam
MDG,2018,29.85794,WHO,Madagascar
NPL,1996,99.74591,WHO,Nepal
MRT,2015,44.26839,WHO,Mauritania
CMR,2014,41.77393,WHO,Cameroon
NPL,2016,28.92266,WHO,Nepal
AFG,2015,61.48909,WHO,Afghanistan
PER,2006,,WHO,Peru
GMB,2018,40.96343,WHO,Gambia
THA,2015,,WHO,Thailand
HND,2001,,WHO,Honduras
MKD,2018,16.46436,WHO,North Macedonia
DZA,2012,32.2837,WHO,Algeria
GIN,1999,127.94796,WHO,Guinea
RWA,2005,54.17884,WHO,Rwanda
MLI,2001,93.76445,WHO,Mali
NPL,2001,72.88786,WHO,Nepal
PER,2004,28.80124,WHO,Peru
PER,2005,23.30683,WHO,Peru
BEN,2017,62.06206,WHO,Benin
THA,2015,,WHO,Thailand
IND,1998,28.53149,WHO,India
CAF,2018,72.67112,WHO,Central African Republic
TUV,2019,,WHO,Tuvalu
ARM,2000,,WHO,Armenia
NGA,2003,78.06285,WHO,Nigeria
CAF,2018,49.51019,WHO,Central African Republic
IDN,2012,22.01226,WHO,Indonesia
ETH,2011,88.99768,WHO,Ethiopia
KAZ,2015,,WHO,Kazakhstan
PAK,2006,48.90258,WHO,Pakistan
GHA,2014,45.41692,WHO,Ghana
LBR,2019,69.50865,WHO,Liberia
KAZ,2015,,WHO,Kazakhstan
BDI,2010,74.73478,WHO,Burundi
TCD,2010,,WHO,Chad
CUB,2014,,WHO,Cuba
CMR,2011,54.26485,WHO,Cameroon
TZA,2015,62.86694,WHO,Tanzania
DOM,2014,25.74112,WHO,Dominican Republic
NGA,2007,,WHO,Nigeria
KGZ,2012,26.57681,WHO,Kyrgyzstan
KAZ,1995,36.16913,WHO,Kazakhstan
NPL,2010,,WHO,Nepal
TUR,1998,47.89431,WHO,Turkey
COD,2010,,WHO,Democratic Republic of Congo
CIV,2006,,WHO,Cote d'Ivoire
SEN,2016,36.01596,WHO,Senegal
MLI,2015,56.45206,WHO,Mali
BLR,2012,,WHO,Belarus
MDG,2008,98.15109,WHO,Madagascar
KGZ,2012,24.03415,WHO,Kyrgyzstan
MWI,2000,127.25748,WHO,Malawi
BLR,2005,,WHO,Belarus
MOZ,1997,128.54353,WHO,Mozambique
ARM,2015,4.51782,WHO,Armenia
AZE,2006,36.87304,WHO,Azerbaijan
COD,2007,98.17558,WHO,Democratic Republic of Congo
GUY,2019,26.57852,WHO,Guyana
HND,2001,,WHO,Honduras
SEN,2010,52.66034,WHO,Senegal
PER,2006,28.02678,WHO,Peru
SLE,2008,161.9518,WHO,Sierra Leone
MWI,2015,45.57567,WHO,Malawi
PAK,2006,71.69122,WHO,Pakistan
BGD,2017,40.84642,WHO,Bangladesh
JAM,2011,,WHO,Jamaica
NIC,2001,31.89328,WHO,Nicaragua
MWI,2013,63.24597,WHO,Malawi
COD,2010,,WHO,Democratic Republic of Congo
KGZ,2005,,WHO,Kyrgyzstan
CAF,2010,,WHO,Central African Republic
ALB,2017,1.80347,WHO,Albania
SEN,2012,68.68142,WHO,Senegal
PER,2011,15.19247,WHO,Peru
NGA,2011,,WHO,Nigeria
YEM,2013,26.12151,WHO,Yemen
SUR,2018,12.88334,WHO,Suriname
UKR,2005,,WHO,Ukraine
ZWE,2010,61.15997,WHO,Zimbabwe
PER,2016,0,WHO,Peru
KEN,1993,79.32629,WHO,Kenya
KHM,2010,67.68211,WHO,Cambodia
GEO,2005,,WHO,Georgia
HND,1996,,WHO,Honduras
NER,2012,61.33991,WHO,Niger
BGD,1993,94.83828,WHO,Bangladesh
JAM,2011,,WHO,Jamaica
GNB,2014,71.01731,WHO,Guinea-Bissau
ETH,2011,,WHO,Ethiopia
ARM,2015,,WHO,Armenia
MNE,2005,,WHO,Montenegro
TKM,2019,31.19687,WHO,Turkmenistan
BGD,1993,92.41769,WHO,Bangladesh
PER,2019,14.22929,WHO,Peru
MOZ,2015,25.60925,WHO,Mozambique
TZA,2004,95.35758,WHO,Tanzania
IRQ,2011,29.58117,WHO,Iraq
BRA,1996,46.20957,WHO,Brazil
PER,2004,,WHO,Peru
TTO,2011,,WHO,Trinidad and Tobago
CMR,2018,62.31685,WHO,Cameroon
PHL,1998,37.10643,WHO,Philippines
ZMB,2018,41.64318,WHO,Zambia
COL,2015,15.48326,WHO,Colombia
ZWE,1994,53.56287,WHO,Zimbabwe
PER,2010,5.44691,WHO,Peru
BIH,2011,,WHO,Bosnia and Herzegovina
WSM,2019,17.64297,WHO,Samoa
ZWE,1999,37.35957,WHO,Zimbabwe
SLV,2008,,WHO,El Salvador
SWZ,2010,81.48392,WHO,Eswatini
TUR,2003,39.36016,WHO,Turkey
ETH,2019,61.55141,WHO,Ethiopia
NER,1998,106.43025,WHO,Niger
BOL,1994,120.98524,WHO,Bolivia
SYR,2006,,WHO,Syria
MOZ,2008,55.46684,WHO,Mozambique
ZWE,2019,41.81609,WHO,Zimbabwe
ZWE,2015,63.5654,WHO,Zimbabwe
CAF,2010,,WHO,Central African Republic
TJK,2012,38.55099,WHO,Tajikistan
PER,2000,63.25015,WHO,Peru
COD,2013,65.45121,WHO,Democratic Republic of Congo
RWA,2010,45.69285,WHO,Rwanda
KGZ,1997,69.08743,WHO,Kyrgyzstan
MDG,2003,47.48277,WHO,Madagascar
BGD,2004,81.95657,WHO,Bangladesh
LAO,2006,,WHO,Laos
SLV,2008,,WHO,El Salvador
BGD,2012,,WHO,Bangladesh
ZMB,1996,110.16295,WHO,Zambia
NPL,2006,61.81458,WHO,Nepal
GMB,2018,40.68929,WHO,Gambia
IND,2005,76.64109,WHO,India
TGO,1998,39.81989,WHO,Togo
LSO,2018,79.66254,WHO,Lesotho
KIR,2018,40.25423,WHO,Kiribati
GUY,2019,17.74792,WHO,Guyana
PER,2015,22.93899,WHO,Peru
NPL,2010,,WHO,Nepal
PAK,2017,91.86046,WHO,Pakistan
ETH,2011,93.32791,WHO,Ethiopia
HND,1991,,WHO,Honduras
CRI,1992,,WHO,Costa Rica
BEN,2011,35.42789,WHO,Benin
MWI,2010,76.87218,WHO,Malawi
GEO,2005,,WHO,Georgia
GAB,2012,49.97791,WHO,Gabon
KAZ,2010,,WHO,Kazakhstan
DJI,2006,,WHO,Djibouti
UKR,1999,,WHO,Ukraine
TUN,2011,12.87637,WHO,Tunisia
SLV,1993,,WHO,El Salvador
ZAF,2016,23.67806,WHO,South Africa
UGA,1995,98.09818,WHO,Uganda
BEN,2011,40.04866,WHO,Benin
KAZ,2006,,WHO,Kazakhstan
TTO,2011,,WHO,Trinidad and Tobago
GHA,1993,66.71635,WHO,Ghana
VNM,2013,13.14013,WHO,Vietnam
GHA,2006,,WHO,Ghana
BGD,2012,,WHO,Bangladesh
SUR,2018,21.70099,WHO,Suriname
SLE,2005,,WHO,Sierra Leone
PER,2014,17.3874,WHO,Peru
BEN,2011,57.63546,WHO,Benin
MDV,2009,24.01664,WHO,Maldives
MLI,2015,41.92935,WHO,Mali
UGA,2016,63.04935,WHO,Uganda
VNM,2002,23.34303,WHO,Vietnam
DOM,2019,33.4832,WHO,Dominican Republic
GUY,2006,,WHO,Guyana
VNM,1997,9.79256,WHO,Vietnam
HTI,2012,54.90245,WHO,Haiti
KGZ,2018,10.17006,WHO,Kyrgyzstan
CAF,2010,,WHO,Central African Republic
TZA,2015,28.27107,WHO,Tanzania
ARM,2005,,WHO,Armenia
SRB,2019,,WHO,Serbia
CMR,2011,89.25488,WHO,Cameroon
BGD,1996,99.35473,WHO,Bangladesh
GHA,2014,53.63961,WHO,Ghana
GMB,2019,46.7509,WHO,Gambia
CMR,2004,79.17733,WHO,Cameroon
HND,2005,17.34438,WHO,Honduras
BOL,2008,101.15013,WHO,Bolivia
ETH,2011,78.27095,WHO,Ethiopia
PER,2011,26.34785,WHO,Peru
MDA,1997,,WHO,Moldova
ZMB,1996,131.50351,WHO,Zambia
BOL,2003,62.23397,WHO,Bolivia
SRB,2014,,WHO,Serbia
CMR,2011,65.39639,WHO,Cameroon
STP,2008,44.56614,WHO,Sao Tome and Principe
COG,2014,31.48925,WHO,Congo
TGO,2006,,WHO,Togo
SOM,2006,88.4221,WHO,Somalia
TCD,2010,,WHO,Chad
HND,2011,23.3001,WHO,Honduras
BEN,2011,53.67617,WHO,Benin
PER,2017,17.3988,WHO,Peru
KGZ,2012,32.2565,WHO,Kyrgyzstan
KEN,2003,79.5912,WHO,Kenya
AZE,2006,39.89621,WHO,Azerbaijan
GIN,1999,74.88587,WHO,Guinea
PER,2009,10.64381,WHO,Peru
TZA,2004,76.84028,WHO,Tanzania
NGA,2018,60.56886,WHO,Nigeria
BLZ,2006,,WHO,Belize
KHM,2000,95.71848,WHO,Cambodia
PHL,1993,41.55186,WHO,Philippines
RWA,2000,126.99612,WHO,Rwanda
GUY,2014,28.26604,WHO,Guyana
CUB,2010,,WHO,Cuba
KAZ,1999,,WHO,Kazakhstan
ETH,2016,47.98208,WHO,Ethiopia
DOM,2014,24.94844,WHO,Dominican Republic
PER,2015,14.02186,WHO,Peru
GAB,2000,62.23392,WHO,Gabon
PHL,2017,18.34976,WHO,Philippines
ETH,2011,57.19361,WHO,Ethiopia
CIV,2011,83.67354,WHO,Cote d'Ivoire
NGA,2013,44.60843,WHO,Nigeria
GMB,2013,49.99373,WHO,Gambia
BFA,2010,101.66082,WHO,Burkina Faso
PER,2009,19.33267,WHO,Peru
CRI,1992,,WHO,Costa Rica
PAK,2012,69.15259,WHO,Pakistan
VNM,2013,16.90629,WHO,Vietnam
RWA,2005,57.50127,WHO,Rwanda
COG,2005,78.80041,WHO,Congo
MLI,2018,41.14856,WHO,Mali
SEN,2017,47.88351,WHO,Senegal
MNE,2018,,WHO,Montenegro
COM,1996,78.99813,WHO,Comoros
GHA,2011,37.4474,WHO,Ghana
TGO,2013,57.5196,WHO,Togo
COG,2005,99.42969,WHO,Congo
HND,2005,27.87835,WHO,Honduras
KGZ,2018,21.82662,WHO,Kyrgyzstan
BLR,2005,,WHO,Belarus
PER,2004,,WHO,Peru
NIC,2006,,WHO,Nicaragua
HND,2001,,WHO,Honduras
IRQ,2006,36.18857,WHO,Iraq
BEN,2017,71.94604,WHO,Benin
ZWE,2010,23.48226,WHO,Zimbabwe
GIN,2012,75.77399,WHO,Guinea
PER,2018,12.78872,WHO,Peru
IDN,2002,17.06182,WHO,Indonesia
BGD,1999,74.45802,WHO,Bangladesh
PER,2011,11.33626,WHO,Peru
LSO,2004,86.66721,WHO,Lesotho
DOM,2002,24.34597,WHO,Dominican Republic
ZMB,2013,54.98432,WHO,Zambia
IDN,2002,,WHO,Indonesia
BEN,1996,84.42204,WHO,Benin
GHA,2017,37.75243,WHO,Ghana
PHL,2003,25.65412,WHO,Philippines
GUY,2019,19.22373,WHO,Guyana
LSO,2018,76.62949,WHO,Lesotho
ETH,2000,114.7338,WHO,Ethiopia
TGO,2013,34.39113,WHO,Togo
NER,2006,95.75772,WHO,Niger
MLI,2006,125.73764,WHO,Mali
SLV,2008,,WHO,El Salvador
NPL,1996,83.70602,WHO,Nepal
SLE,2019,68.83888,WHO,Sierra Leone
PHL,1993,46.57389,WHO,Philippines
LSO,2018,,WHO,Lesotho
GIN,2012,63.61425,WHO,Guinea
RWA,2005,136.85277,WHO,Rwanda
PER,2007,18.64976,WHO,Peru
BRA,1996,83.19614,WHO,Brazil
SEN,2014,20.80123,WHO,Senegal
MDG,2003,32.88239,WHO,Madagascar
CMR,2014,73.75122,WHO,Cameroon
MKD,2005,,WHO,North Macedonia
AFG,2015,44.03234,WHO,Afghanistan
MRT,2011,53.10257,WHO,Mauritania
UGA,2000,75.85663,WHO,Uganda
TUR,2003,17.16138,WHO,Turkey
CUB,2014,,WHO,Cuba
COG,2014,51.56072,WHO,Congo
LSO,2018,67.1331,WHO,Lesotho
GUY,2009,34.04461,WHO,Guyana
KGZ,2012,17.04358,WHO,Kyrgyzstan
KHM,2014,44.03486,WHO,Cambodia
MDG,2003,63.78517,WHO,Madagascar
GUY,2014,,WHO,Guyana
LBR,2007,91.34769,WHO,Liberia
PER,2014,36.1841,WHO,Peru
IND,1998,80.73467,WHO,India
CIV,2016,61.86636,WHO,Cote d'Ivoire
PHL,2013,19.30382,WHO,Philippines
LBR,2007,86.85057,WHO,Liberia
ZMB,2001,56.79424,WHO,Zambia
MOZ,2015,30.83406,WHO,Mozambique
KEN,2014,38.62463,WHO,Kenya
PER,2017,14.21368,WHO,Peru
JOR,2017,17.55894,WHO,Jordan
MNG,2010,,WHO,Mongolia
NAM,2000,37.96302,WHO,Namibia
TLS,2016,29.69686,WHO,East Timor
TZA,2004,83.02626,WHO,Tanzania
UKR,2007,16.04766,WHO,Ukraine
NAM,2000,50.15808,WHO,Namibia
BIH,2011,,WHO,Bosnia and Herzegovina
BGD,2019,42.40028,WHO,Bangladesh
KHM,2005,97.04955,WHO,Cambodia
CRI,1992,,WHO,Costa Rica
NIC,2006,,WHO,Nicaragua
IDN,1997,57.31604,WHO,Indonesia
BLR,2012,,WHO,Belarus
SRB,2010,,WHO,Serbia
ARM,2000,48.05169,WHO,Armenia
BLR,2012,,WHO,Belarus
ECU,1994,,WHO,Ecuador
IDN,2002,18.51292,WHO,Indonesia
NGA,2007,,WHO,Nigeria
ZWE,2009,47.99236,WHO,Zimbabwe
SLE,2005,,WHO,Sierra Leone
THA,2015,,WHO,Thailand
KHM,2005,87.08866,WHO,Cambodia
MWI,2013,73.8469,WHO,Malawi
TCD,1996,116.18574,WHO,Chad
GTM,2002,,WHO,Guatemala
BGD,2011,62.04775,WHO,Bangladesh
CIV,1998,96.69014,WHO,Cote d'Ivoire
TLS,2016,33.94487,WHO,East Timor
DOM,2013,14.50854,WHO,Dominican Republic
NGA,2018,39.62139,WHO,Nigeria
CIV,2016,77.04238,WHO,Cote d'Ivoire
PER,2000,31.15121,WHO,Peru
IRQ,2011,33.4195,WHO,Iraq
HND,1996,,WHO,Honduras
CUB,2019,,WHO,Cuba
TCD,2019,79.04459,WHO,Chad
RWA,2010,69.53011,WHO,Rwanda
JAM,2011,,WHO,Jamaica
PER,2004,25.70439,WHO,Peru
KGZ,2005,,WHO,Kyrgyzstan
PER,2005,36.8538,WHO,Peru
MDA,1997,,WHO,Moldova
CRI,2011,,WHO,Costa Rica
GHA,1998,78.37579,WHO,Ghana
GNB,2018,35.27542,WHO,Guinea-Bissau
ALB,2005,,WHO,Albania
MDV,2009,20.51813,WHO,Maldives
BLR,2012,,WHO,Belarus
SEN,2017,46.78764,WHO,Senegal
SEN,2019,49.60403,WHO,Senegal
EGY,2005,38.43066,WHO,Egypt
NGA,2008,94.72994,WHO,Nigeria
PAK,2012,63.26749,WHO,Pakistan
BEN,1996,103.76789,WHO,Benin
NGA,2003,102.00475,WHO,Nigeria
KHM,2010,49.9922,WHO,Cambodia
BGD,1996,86.25171,WHO,Bangladesh
BGD,2019,37.43668,WHO,Bangladesh
HTI,2000,72.81667,WHO,Haiti
BIH,2006,,WHO,Bosnia and Herzegovina
PHL,2017,9.72475,WHO,Philippines
BRB,2012,,WHO,Barbados
SLV,2002,,WHO,El Salvador
COD,2017,40.96721,WHO,Democratic Republic of Congo
MLI,2015,94.57794,WHO,Mali
ETH,2019,56.01451,WHO,Ethiopia
QAT,2012,,WHO,Qatar
MDG,1997,106.06434,WHO,Madagascar
TZA,1996,131.34753,WHO,Tanzania
GIN,2005,95.12806,WHO,Guinea
WSM,2019,18.42848,WHO,Samoa
SEN,2014,45.83888,WHO,Senegal
ARM,2015,7.66749,WHO,Armenia
CMR,1998,60.17703,WHO,Cameroon
RWA,2005,101.21625,WHO,Rwanda
TUN,2018,17.77955,WHO,Tunisia
CUB,2014,,WHO,Cuba
COD,2010,,WHO,Democratic Republic of Congo
TUN,2018,21.24751,WHO,Tunisia
IDN,1994,39.54483,WHO,Indonesia
ARG,2019,,WHO,Argentina
SDN,2010,83.43874,WHO,Sudan
PER,2009,9.68336,WHO,Peru
TLS,2016,27.36893,WHO,East Timor
TZA,2015,55.01602,WHO,Tanzania
GUY,2014,28.54072,WHO,Guyana
HND,2005,29.01301,WHO,Honduras
MRT,2015,37.68939,WHO,Mauritania
COD,2007,113.1497,WHO,Democratic Republic of Congo
GHA,2017,41.41338,WHO,Ghana
DOM,2002,52.81217,WHO,Dominican Republic
DOM,2014,32.16804,WHO,Dominican Republic
BEN,2014,37.05367,WHO,Benin
BDI,2016,43.23693,WHO,Burundi
HTI,1994,85.13187,WHO,Haiti
PER,2017,18.32083,WHO,Peru
ZWE,2019,50.09776,WHO,Zimbabwe
SEN,2016,40.82405,WHO,Senegal
TCD,1996,105.5023,WHO,Chad
MOZ,1997,159.72542,WHO,Mozambique
CMR,2014,49.13956,WHO,Cameroon
GMB,2018,41.34506,WHO,Gambia
URY,2012,,WHO,Uruguay
ARM,2000,27.18857,WHO,Armenia
TGO,2006,,WHO,Togo
PER,2011,16.98721,WHO,Peru
HTI,2000,91.89661,WHO,Haiti
UGA,2011,64.18697,WHO,Uganda
SUR,2010,,WHO,Suriname
TUR,1993,97.13725,WHO,Turkey
TZA,2004,95.48524,WHO,Tanzania
BGD,1999,69.38685,WHO,Bangladesh
IND,2005,38.45914,WHO,India
BEN,2001,111.52475,WHO,Benin
PER,2017,14.46186,WHO,Peru
IRQ,2018,25.32653,WHO,Iraq
KGZ,2014,21.95428,WHO,Kyrgyzstan
ETH,2005,,WHO,Ethiopia
SLV,1993,,WHO,El Salvador
AGO,2015,61.61779,WHO,Angola
MEX,2015,,WHO,Mexico
JAM,2011,,WHO,Jamaica
KAZ,2010,,WHO,Kazakhstan
MWI,2019,43.83602,WHO,Malawi
CMR,2004,63.49573,WHO,Cameroon
TJK,2005,,WHO,Tajikistan
COD,2017,28.25268,WHO,Democratic Republic of Congo
NGA,2011,,WHO,Nigeria
BEN,2017,63.21412,WHO,Benin
MOZ,2011,67.7757,WHO,Mozambique
BGD,1996,82.48489,WHO,Bangladesh
NIC,2006,,WHO,Nicaragua
PAK,2006,73.24101,WHO,Pakistan
SEN,2018,46.30128,WHO,Senegal
UZB,2006,,WHO,Uzbekistan
UKR,2005,,WHO,Ukraine
BOL,2003,34.97216,WHO,Bolivia
JAM,2011,,WHO,Jamaica
SLV,1993,,WHO,El Salvador
PER,2017,13.04761,WHO,Peru
BTN,2010,,WHO,Bhutan
EGY,2008,24.07078,WHO,Egypt
BLZ,2011,,WHO,Belize
BGD,2004,72.42393,WHO,Bangladesh
KGZ,2018,18.8508,WHO,Kyrgyzstan
MWI,2013,44.77073,WHO,Malawi
KEN,1998,82.16005,WHO,Kenya
SLV,2008,,WHO,El Salvador
KEN,2008,68.00967,WHO,Kenya
COG,2005,104.99574,WHO,Congo
IDN,2007,20.88247,WHO,Indonesia
GHA,2008,51.35491,WHO,Ghana
RWA,2014,49.95308,WHO,Rwanda
MNE,2013,,WHO,Montenegro
BRB,2012,,WHO,Barbados
TCD,2014,85.15002,WHO,Chad
MNG,2013,34.18256,WHO,Mongolia
UKR,2005,,WHO,Ukraine
GAB,2000,68.13129,WHO,Gabon
MRT,2015,31.83674,WHO,Mauritania
SLV,2002,,WHO,El Salvador
TLS,2009,58.10194,WHO,East Timor
IDN,1994,,WHO,Indonesia
GNB,2014,72.63458,WHO,Guinea-Bissau
NPL,2019,24.85112,WHO,Nepal
TZA,2010,58.22275,WHO,Tanzania
BGD,2006,,WHO,Bangladesh
ZMB,2007,66.65994,WHO,Zambia
BLZ,2006,,WHO,Belize
PER,2012,23.25413,WHO,Peru
PER,2014,24.98869,WHO,Peru
CRI,2018,,WHO,Costa Rica
COL,2000,23.26474,WHO,Colombia
GMB,2013,,WHO,Gambia
CUB,2019,,WHO,Cuba
MNG,2005,,WHO,Mongolia
VUT,2007,,WHO,Vanuatu
HND,1991,,WHO,Honduras
GNB,2014,65.80695,WHO,Guinea-Bissau
LAO,2017,53.3617,WHO,Laos
GMB,2010,,WHO,Gambia
COD,2007,130.45407,WHO,Democratic Republic of Congo
PER,2000,39.89234,WHO,Peru
BOL,2008,36.32428,WHO,Bolivia
COD,2007,129.06609,WHO,Democratic Republic of Congo
PHL,2017,25.84391,WHO,Philippines
MDV,2009,19.52079,WHO,Maldives
MOZ,2011,64.24485,WHO,Mozambique
PER,2006,,WHO,Peru
RWA,2005,108.02808,WHO,Rwanda
PER,2005,27.91592,WHO,Peru
MRT,2007,,WHO,Mauritania
SEN,2017,28.06805,WHO,Senegal
PER,2011,18.3486,WHO,Peru
NGA,2016,48.17749,WHO,Nigeria
BEN,2001,107.79224,WHO,Benin
THA,2005,,WHO,Thailand
GNB,2014,45.71568,WHO,Guinea-Bissau
NPL,1996,104.10073,WHO,Nepal
KIR,2018,34.10209,WHO,Kiribati
NER,2012,56.37703,WHO,Niger
UGA,1995,78.8036,WHO,Uganda
BLR,2012,,WHO,Belarus
KAZ,2006,,WHO,Kazakhstan
BLZ,2006,,WHO,Belize
GHA,2011,45.15612,WHO,Ghana
COG,2014,31.98778,WHO,Congo
PHL,1993,50.1786,WHO,Philippines
PER,2019,5.67753,WHO,Peru
NPL,2001,77.37234,WHO,Nepal
SEN,2005,61.51165,WHO,Senegal
UGA,1995,48.02768,WHO,Uganda
HTI,2016,56.01082,WHO,Haiti
KHM,2005,121.04322,WHO,Cambodia
NGA,2011,,WHO,Nigeria
KHM,2014,44.22615,WHO,Cambodia
BEN,2001,104.46154,WHO,Benin
DZA,2012,22.68518,WHO,Algeria
GMB,2010,,WHO,Gambia
GHA,1998,75.46434,WHO,Ghana
NPL,2006,50.65443,WHO,Nepal
SRB,2014,,WHO,Serbia
SEN,2019,50.18281,WHO,Senegal
CAF,2018,70.94071,WHO,Central African Republic
BFA,2003,77.99866,WHO,Burkina Faso
IND,2005,70.58643,WHO,India
MLI,2006,83.13182,WHO,Mali
SEN,2019,36.37182,WHO,Senegal
MNE,2005,,WHO,Montenegro
IND,1998,,WHO,India
KHM,2010,22.0449,WHO,Cambodia
NGA,1999,,WHO,Nigeria
UZB,2006,,WHO,Uzbekistan
SYR,2006,,WHO,Syria
BEN,2014,55.74232,WHO,Benin
PAK,2012,27.29358,WHO,Pakistan
AGO,2015,52.4401,WHO,Angola
GHA,2006,,WHO,Ghana
BGD,2011,42.78174,WHO,Bangladesh
THA,2005,,WHO,Thailand
WSM,2019,5.88412,WHO,Samoa
PRY,1998,,WHO,Paraguay
GHA,1998,53.78125,WHO,Ghana
COG,2014,17.49095,WHO,Congo
BLR,2012,,WHO,Belarus
GTM,2008,,WHO,Guatemala
KHM,2000,107.86264,WHO,Cambodia
SEN,1997,58.28723,WHO,Senegal
PER,2011,33.92276,WHO,Peru
MLI,2009,,WHO,Mali
YEM,2006,88.95681,WHO,Yemen
KEN,2008,64.72485,WHO,Kenya
NGA,2016,66.45118,WHO,Nigeria
CIV,2016,56.76674,WHO,Cote d'Ivoire
GHA,2006,,WHO,Ghana
DOM,2007,,WHO,Dominican Republic
PHL,2008,35.46663,WHO,Philippines
STP,2014,,WHO,Sao Tome and Principe
MNE,2018,,WHO,Montenegro
GUY,2014,,WHO,Guyana
ECU,2004,,WHO,Ecuador
GTM,1998,55.39853,WHO,Guatemala
RWA,2005,121.99286,WHO,Rwanda
KGZ,2018,19.61094,WHO,Kyrgyzstan
GTM,1998,50.04872,WHO,Guatemala
BGD,2012,,WHO,Bangladesh
NGA,2008,67.20209,WHO,Nigeria
PER,2000,,WHO,Peru
TKM,2015,28.24519,WHO,Turkmenistan
BGD,2017,39.58675,WHO,Bangladesh
PER,2008,32.43766,WHO,Peru
MNG,2010,,WHO,Mongolia
NAM,2000,59.02932,WHO,Namibia
LSO,2018,74.90791,WHO,Lesotho
SEN,2012,46.05208,WHO,Senegal
IND,1998,79.67147,WHO,India
HND,1991,,WHO,Honduras
AGO,2015,67.45645,WHO,Angola
CAF,1994,79.90831,WHO,Central African Republic
SEN,2017,40.2309,WHO,Senegal
BFA,2003,97.47688,WHO,Burkina Faso
BGD,2011,61.58475,WHO,Bangladesh
BOL,1994,94.04276,WHO,Bolivia
SLE,2005,,WHO,Sierra Leone
UZB,2006,,WHO,Uzbekistan
BFA,2010,64.48219,WHO,Burkina Faso
RWA,2000,111.90347,WHO,Rwanda
UKR,2007,19.38956,WHO,Ukraine
PER,2016,11.50634,WHO,Peru
PER,2010,29.43068,WHO,Peru
PAN,2013,,WHO,Panama
DOM,2002,36.78807,WHO,Dominican Republic
MLI,2006,115.46449,WHO,Mali
PHL,2008,20.26264,WHO,Philippines
ETH,2016,53.89756,WHO,Ethiopia
PER,2011,32.04043,WHO,Peru
MLI,2006,60.10624,WHO,Mali
VNM,2006,,WHO,Vietnam
TLS,2009,59.35908,WHO,East Timor
SLE,2019,67.0291,WHO,Sierra Leone
PER,2004,7.82673,WHO,Peru
SLV,1998,,WHO,El Salvador
EGY,2005,37.08711,WHO,Egypt
THA,2005,,WHO,Thailand
TCD,1996,112.66236,WHO,Chad
MNG,2005,,WHO,Mongolia
SLE,2017,59.68972,WHO,Sierra Leone
KEN,2008,45.23502,WHO,Kenya
MNE,2018,,WHO,Montenegro
LSO,2004,82.99281,WHO,Lesotho
MDG,2003,71.03118,WHO,Madagascar
HND,1991,,WHO,Honduras
SYR,2006,,WHO,Syria
MOZ,2008,146.85168,WHO,Mozambique
RWA,2019,21.14603,WHO,Rwanda
MDG,2008,57.28684,WHO,Madagascar
IDN,2017,20.41407,WHO,Indonesia
GHA,2014,49.05669,WHO,Ghana
ZWE,2019,49.46679,WHO,Zimbabwe
IND,2015,46.72176,WHO,India
MNE,2018,,WHO,Montenegro
KEN,1993,43.2507,WHO,Kenya
ZWE,2015,62.34454,WHO,Zimbabwe
IDN,2012,55.1818,WHO,Indonesia
CMR,2018,48.38267,WHO,Cameroon
GEO,2018,,WHO,Georgia
PER,2015,22.71227,WHO,Peru
MDV,2009,25.24494,WHO,Maldives
SWZ,2010,76.86712,WHO,Eswatini
VNM,2010,,WHO,Vietnam
BEN,2014,62.15563,WHO,Benin
MDA,2012,13.94352,WHO,Moldova
ETH,2019,59.74743,WHO,Ethiopia
CAF,2006,,WHO,Central African Republic
IND,2015,57.88201,WHO,India
PER,2017,10.43109,WHO,Peru
DOM,2007,28.60686,WHO,Dominican Republic
PER,1996,71.02286,WHO,Peru
NAM,2006,53.54619,WHO,Namibia
LCA,2012,,WHO,Saint Lucia
CAF,2018,70.1473,WHO,Central African Republic
YEM,2013,61.75805,WHO,Yemen
IDN,1994,,WHO,Indonesia
PER,2013,39.1946,WHO,Peru
ETH,2000,92.74911,WHO,Ethiopia
ETH,2019,43.55598,WHO,Ethiopia
LSO,2009,91.53928,WHO,Lesotho
NPL,2014,56.90293,WHO,Nepal
HTI,2016,46.70384,WHO,Haiti
DOM,2014,0.03587,WHO,Dominican Republic
BLR,2012,,WHO,Belarus
SWZ,2010,84.94215,WHO,Eswatini
AZE,2006,45.92587,WHO,Azerbaijan
GMB,2018,42.35371,WHO,Gambia
SEN,2012,43.20424,WHO,Senegal
ZMB,2018,47.23525,WHO,Zambia
ALB,2002,,WHO,Albania
BOL,1998,38.00918,WHO,Bolivia
IND,2015,22.34098,WHO,India
BLZ,2015,13.49126,WHO,Belize
COL,2000,22.01889,WHO,Colombia
GUY,2014,33.79406,WHO,Guyana
BIH,2011,,WHO,Bosnia and Herzegovina
TJK,2012,37.71469,WHO,Tajikistan
NIC,1997,40.19143,WHO,Nicaragua
BLR,2012,,WHO,Belarus
HTI,2016,44.56144,WHO,Haiti
HND,2011,22.29797,WHO,Honduras
BEN,1996,101.30093,WHO,Benin
MWI,2010,69.06528,WHO,Malawi
IRQ,2011,32.22885,WHO,Iraq
PER,2007,42.38296,WHO,Peru
TGO,2006,,WHO,Togo
TUR,1998,46.60277,WHO,Turkey
SDN,2010,38.99442,WHO,Sudan
PER,2008,25.5202,WHO,Peru
GTM,1995,35.0192,WHO,Guatemala
CAF,2006,,WHO,Central African Republic
EGY,2008,22.87795,WHO,Egypt
BRA,1996,37.49139,WHO,Brazil
KHM,2000,93.61555,WHO,Cambodia
NPL,2014,37.54292,WHO,Nepal
TUR,1993,72.07628,WHO,Turkey
GHA,1998,57.50569,WHO,Ghana
GHA,1993,67.701,WHO,Ghana
BDI,2010,73.38551,WHO,Burundi
SUR,2010,,WHO,Suriname
CIV,2016,55.06224,WHO,Cote d'Ivoire
PER,2006,,WHO,Peru
SLE,2017,60.51818,WHO,Sierra Leone
NGA,2007,,WHO,Nigeria
SEN,2015,24.48874,WHO,Senegal
TUR,2013,14.93439,WHO,Turkey
IDN,2017,27.69056,WHO,Indonesia
BFA,2003,70.21772,WHO,Burkina Faso
COD,2013,62.6387,WHO,Democratic Republic of Congo
BGD,2011,46.57695,WHO,Bangladesh
NPL,2014,29.60251,WHO,Nepal
PER,2008,24.78033,WHO,Peru
ECU,2004,,WHO,Ecuador
BLZ,2011,,WHO,Belize
COD,2010,,WHO,Democratic Republic of Congo
ZMB,2013,47.99731,WHO,Zambia
CIV,1998,144.37839,WHO,Cote d'Ivoire
DOM,1999,,WHO,Dominican Republic
PER,2006,,WHO,Peru
BEN,2014,79.09399,WHO,Benin
IDN,2002,74.13022,WHO,Indonesia
MOZ,2008,107.29005,WHO,Mozambique
IDN,1997,52.98946,WHO,Indonesia
ZMB,1996,81.92081,WHO,Zambia
ZWE,2010,52.76752,WHO,Zimbabwe
VNM,2013,29.06142,WHO,Vietnam
PRY,1995,,WHO,Paraguay
PER,2009,21.99928,WHO,Peru
CRI,2018,,WHO,Costa Rica
MMR,2015,24.87843,WHO,Myanmar
MNG,2010,,WHO,Mongolia
MRT,2007,,WHO,Mauritania
MNE,2018,,WHO,Montenegro
TJK,2017,33.42667,WHO,Tajikistan
RWA,2000,141.69432,WHO,Rwanda
JOR,2012,14.69931,WHO,Jordan
GTM,1998,57.87358,WHO,Guatemala
MMR,2015,44.7882,WHO,Myanmar
JOR,2017,14.91898,WHO,Jordan
RWA,2000,120.66614,WHO,Rwanda
CIV,1994,66.6812,WHO,Cote d'Ivoire
PER,2012,,WHO,Peru
GHA,2003,63.78559,WHO,Ghana
SUR,2010,,WHO,Suriname
COD,2017,86.29427,WHO,Democratic Republic of Congo
NIC,1992,,WHO,Nicaragua
HND,1991,,WHO,Honduras
GNB,2006,,WHO,Guinea-Bissau
PAK,2012,,WHO,Pakistan
COL,2005,20.89663,WHO,Colombia
CMR,2006,,WHO,Cameroon
PER,2011,,WHO,Peru
PRY,2008,,WHO,Paraguay
MNG,2018,10.94146,WHO,Mongolia
NER,2006,66.56261,WHO,Niger
CUB,2010,,WHO,Cuba
MLI,2009,,WHO,Mali
PER,2014,14.93268,WHO,Peru
PER,2020,9.94953,WHO,Peru
DOM,1996,46.0716,WHO,Dominican Republic
NGA,2008,99.83992,WHO,Nigeria
BLZ,2015,17.18857,WHO,Belize
PER,2012,17.19293,WHO,Peru
THA,2019,,WHO,Thailand
COL,2010,16.93205,WHO,Colombia
IDN,1994,,WHO,Indonesia
MOZ,2003,150.55681,WHO,Mozambique
VNM,2006,,WHO,Vietnam
KEN,2014,36.73099,WHO,Kenya
IND,2005,,WHO,India
PAK,2012,96.99023,WHO,Pakistan
SWZ,2010,69.68779,WHO,Eswatini
GTM,1995,60.8116,WHO,Guatemala
KHM,2000,129.30502,WHO,Cambodia
KHM,2005,107.02505,WHO,Cambodia
ZMB,2013,49.61967,WHO,Zambia
COD,2007,103.07563,WHO,Democratic Republic of Congo
PHL,2017,11.9444,WHO,Philippines
IDN,2007,33.19538,WHO,Indonesia
MDV,2009,22.1393,WHO,Maldives
KAZ,1999,55.24158,WHO,Kazakhstan
TJK,2012,48.33903,WHO,Tajikistan
BGD,2019,32.1468,WHO,Bangladesh
TTO,2006,,WHO,Trinidad and Tobago
SSD,2010,65.2173,WHO,South Sudan
NAM,2000,34.33487,WHO,Namibia
CAF,2006,,WHO,Central African Republic
AFG,1957,26.094225,OWID,Afghanistan
AFG,1958,25.776396,OWID,Afghanistan
AFG,1959,25.467907,OWID,Afghanistan
AFG,1960,25.123142,OWID,Afghanistan
AFG,1961,24.839281,OWID,Afghanistan
AFG,1962,24.539186,OWID,Afghanistan
AFG,1963,24.24592,OWID,Afghanistan
AFG,1964,23.97282,OWID,Afghanistan
AFG,1965,23.68987,OWID,Afghanistan
AFG,1966,23.417212,OWID,Afghanistan
AFG,1967,23.144182,OWID,Afghanistan
AFG,1968,22.860826,OWID,Afghanistan
AFG,1969,22.581104,OWID,Afghanistan
AFG,1970,22.308067,OWID,Afghanistan
AFG,1971,22.015022,OWID,Afghanistan
AFG,1972,21.708858,OWID,Afghanistan
AFG,1973,21.38301,OWID,Afghanistan
AFG,1974,21.067646,OWID,Afghanistan
AFG,1975,20.746513,OWID,Afghanistan
AFG,1976,20.409998,OWID,Afghanistan
AFG,1977,20.039219,OWID,Afghanistan
AFG,1978,19.663136,OWID,Afghanistan
AFG,1979,19.28886,OWID,Afghanistan
AFG,1980,18.876057,OWID,Afghanistan
AFG,1981,18.456196,OWID,Afghanistan
AFG,1982,19.899729,OWID,Afghanistan
AFG,1983,19.508898,OWID,Afghanistan
AFG,1984,20.765299,OWID,Afghanistan
AFG,1985,20.252207,OWID,Afghanistan
AFG,1986,18.11264,OWID,Afghanistan
AFG,1987,17.687593,OWID,Afghanistan
AFG,1988,16.336927,OWID,Afghanistan
AFG,1989,14.90449,OWID,Afghanistan
AFG,1990,14.451245,OWID,Afghanistan
AFG,1991,14.010447,OWID,Afghanistan
AFG,1992,13.589371,OWID,Afghanistan
AFG,1993,13.199313,OWID,Afghanistan
AFG,1994,12.831206,OWID,Afghanistan
AFG,1995,12.484998,OWID,Afghanistan
AFG,1996,12.173503,OWID,Afghanistan
AFG,1997,11.880489,OWID,Afghanistan
AFG,1998,11.588675,OWID,Afghanistan
AFG,1999,11.299543,OWID,Afghanistan
AFG,2000,11.007593,OWID,Afghanistan
AFG,2001,10.698445,OWID,Afghanistan
AFG,2002,10.384838,OWID,Afghanistan
AFG,2003,10.057032,OWID,Afghanistan
AFG,2004,9.715873,OWID,Afghanistan
AFG,2005,9.36737,OWID,Afghanistan
AFG,2006,9.010341,OWID,Afghanistan
AFG,2007,8.668051,OWID,Afghanistan
AFG,2008,8.32954,OWID,Afghanistan
AFG,2009,8.000435,OWID,Afghanistan
AFG,2010,7.6912594,OWID,Afghanistan
AFG,2011,7.3998013,OWID,Afghanistan
AFG,2012,7.125967,OWID,Afghanistan
AFG,2013,6.8693085,OWID,Afghanistan
AFG,2014,6.635821,OWID,Afghanistan
AFG,2015,6.421486,OWID,Afghanistan
AFG,2016,6.2254033,OWID,Afghanistan
AFG,2017,6.0401287,OWID,Afghanistan
AFG,2018,5.863033,OWID,Afghanistan
AFG,2019,5.6932364,OWID,Afghanistan
AFG,2020,5.5281153,OWID,Afghanistan
AFG,2021,5.3640046,OWID,Afghanistan
AFG,2022,5.198535,OWID,Afghanistan
AFG,2023,5.03644,OWID,Afghanistan
,1966,14.356467,OWID,Africa
,1967,13.997303,OWID,Africa
,1968,13.81828,OWID,Africa
,1969,13.608501,OWID,Africa
,1970,13.433997,OWID,Africa
,1971,13.253289,OWID,Africa
,1972,12.981242,OWID,Africa
,1973,12.7718525,OWID,Africa
,1974,12.736009,OWID,Africa
,1975,12.504846,OWID,Africa
,1976,12.029934,OWID,Africa
,1977,11.76456,OWID,Africa
,1978,11.500669,OWID,Africa
,1979,11.239339,OWID,Africa
,1980,11.01055,OWID,Africa
,1981,10.757162,OWID,Africa
,1982,10.518227,OWID,Africa
,1983,10.753067,OWID,Africa
,1984,10.523159,OWID,Africa
,1985,10.292935,OWID,Africa
,1986,10.028018,OWID,Africa
,1987,9.551358,OWID,Africa
,1988,9.650825,OWID,Africa
,1989,9.280346,OWID,Africa
,1990,9.166049,OWID,Africa
,1991,9.22877,OWID,Africa
,1992,9.143317,OWID,Africa
,1993,8.891737,OWID,Africa
,1994,8.857553,OWID,Africa
,1995,8.6547985,OWID,Africa
,1996,8.521815,OWID,Africa
,1997,8.367101,OWID,Africa
,1998,8.25501,OWID,Africa
,1999,7.975657,OWID,Africa
,2000,7.7482524,OWID,Africa
,2001,7.508533,OWID,Africa
,2002,7.2493267,OWID,Africa
,2003,6.99732,OWID,Africa
,2004,6.765589,OWID,Africa
,2005,6.515855,OWID,Africa
,2006,6.2626157,OWID,Africa
,2007,6.0395865,OWID,Africa
,2008,5.8280478,OWID,Africa
,2009,5.70376,OWID,Africa
,2010,5.486807,OWID,Africa
,2011,5.43939,OWID,Africa
,2012,5.181422,OWID,Africa
,2013,5.0298333,OWID,Africa
,2014,4.958952,OWID,Africa
,2015,4.8590646,OWID,Africa
,2016,4.756677,OWID,Africa
,2017,4.668392,OWID,Africa
,2018,4.4741015,OWID,Africa
,2019,4.363954,OWID,Africa
,2020,4.2406526,OWID,Africa
,2021,4.1454988,OWID,Africa
,2022,4.1010933,OWID,Africa
,2023,3.9310963,OWID,Africa
ALB,1978,6.690486,OWID,Albania
ALB,1979,6.1253357,OWID,Albania
ALB,1980,5.611815,OWID,Albania
ALB,1981,5.156377,OWID,Albania
ALB,1982,4.731577,OWID,Albania
ALB,1983,4.353453,OWID,Albania
ALB,1984,4.018589,OWID,Albania
ALB,1985,3.7161767,OWID,Albania
ALB,1986,3.455932,OWID,Albania
ALB,1987,3.2264197,OWID,Albania
ALB,1988,3.030375,OWID,Albania
ALB,1989,2.86462,OWID,Albania
ALB,1990,2.723393,OWID,Albania
ALB,1991,2.5987477,OWID,Albania
ALB,1992,2.4966018,OWID,Albania
ALB,1993,2.398473,OWID,Albania
ALB,1994,2.3089986,OWID,Albania
ALB,1995,2.2207382,OWID,Albania
ALB,1996,2.134803,OWID,Albania
ALB,1997,2.0467753,OWID,Albania
ALB,1998,1.9597226,OWID,Albania
ALB,1999,1.8721714,OWID,Albania
ALB,2000,1.7869055,OWID,Albania
ALB,2001,1.7006375,OWID,Albania
ALB,2002,1.6144556,OWID,Albania
ALB,2003,1.5279362,OWID,Albania
ALB,2004,1.440866,OWID,Albania
ALB,2005,1.3540019,OWID,Albania
ALB,2006,1.2688719,OWID,Albania
ALB,2007,1.1867102,OWID,Albania
ALB,2008,1.108927,OWID,Albania
ALB,2009,1.0355934,OWID,Albania
ALB,2010,0.96580917,OWID,Albania
ALB,2011,0.900873,OWID,Albania
ALB,2012,0.84573245,OWID,Albania
ALB,2013,0.8043838,OWID,Albania
ALB,2014,0.77653,OWID,Albania
ALB,2015,0.76298076,OWID,Albania
ALB,2016,0.76180977,OWID,Albania
ALB,2017,0.76926464,OWID,Albania
ALB,2018,0.78182507,OWID,Albania
ALB,2019,0.797022,OWID,Albania
ALB,2020,0.81184536,OWID,Albania
ALB,2021,0.82461905,OWID,Albania
ALB,2022,0.8314521,OWID,Albania
ALB,2023,0.83158934,OWID,Albania
DZA,1954,16.709919,OWID,Algeria
DZA,1955,16.617107,OWID,Algeria
DZA,1956,16.502914,OWID,Algeria
DZA,1957,16.401575,OWID,Algeria
DZA,1958,16.316498,OWID,Algeria
DZA,1959,16.22763,OWID,Algeria
DZA,1960,16.178255,OWID,Algeria
DZA,1961,16.142626,OWID,Algeria
DZA,1962,16.1594,OWID,Algeria
DZA,1963,16.18515,OWID,Algeria
DZA,1964,16.22377,OWID,Algeria
DZA,1965,16.279758,OWID,Algeria
DZA,1966,16.324442,OWID,Algeria
DZA,1967,16.32394,OWID,Algeria
DZA,1968,16.268948,OWID,Algeria
DZA,1969,16.15495,OWID,Algeria
DZA,1970,15.95241,OWID,Algeria
DZA,1971,15.666811,OWID,Algeria
DZA,1972,15.30998,OWID,Algeria
DZA,1973,14.90019,OWID,Algeria
DZA,1974,14.432946,OWID,Algeria
DZA,1975,13.93005,OWID,Algeria
DZA,1976,13.396768,OWID,Algeria
DZA,1977,12.8436575,OWID,Algeria
DZA,1978,12.255412,OWID,Algeria
DZA,1979,11.579388,OWID,Algeria
DZA,1980,10.768147,OWID,Algeria
DZA,1981,9.806362,OWID,Algeria
DZA,1982,8.691205,OWID,Algeria
DZA,1983,7.5106053,OWID,Algeria
DZA,1984,6.4298005,OWID,Algeria
DZA,1985,5.548584,OWID,Algeria
DZA,1986,4.8896956,OWID,Algeria
DZA,1987,4.442828,OWID,Algeria
DZA,1988,4.181754,OWID,Algeria
DZA,1989,4.0423665,OWID,Algeria
DZA,1990,3.9816115,OWID,Algeria
DZA,1991,3.9622917,OWID,Algeria
DZA,1992,3.9565203,OWID,Algeria
DZA,1993,3.9467142,OWID,Algeria
DZA,1994,3.9205265,OWID,Algeria
DZA,1995,3.8786051,OWID,Algeria
DZA,1996,3.8176153,OWID,Algeria
DZA,1997,3.743018,OWID,Algeria
DZA,1998,3.660487,OWID,Algeria
DZA,1999,3.569038,OWID,Algeria
DZA,2000,3.4650748,OWID,Algeria
DZA,2001,3.356343,OWID,Algeria
DZA,2002,3.240875,OWID,Algeria
DZA,2003,3.125345,OWID,Algeria
DZA,2004,3.0094378,OWID,Algeria
DZA,2005,2.896191,OWID,Algeria
DZA,2006,2.7880867,OWID,Algeria
DZA,2007,2.6861045,OWID,Algeria
DZA,2008,2.5946734,OWID,Algeria
DZA,2009,2.5120845,OWID,Algeria
DZA,2010,2.4389398,OWID,Algeria
DZA,2011,2.375948,OWID,Algeria
DZA,2012,2.3207083,OWID,Algeria
DZA,2013,2.2723486,OWID,Algeria
DZA,2014,2.2307127,OWID,Algeria
DZA,2015,2.193941,OWID,Algeria
DZA,2016,2.1596987,OWID,Algeria
DZA,2017,2.1271682,OWID,Algeria
DZA,2018,2.096677,OWID,Algeria
DZA,2019,2.0679202,OWID,Algeria
DZA,2020,2.0427117,OWID,Algeria
DZA,2021,2.0175614,OWID,Algeria
DZA,2022,1.9966999,OWID,Algeria
DZA,2023,1.9743148,OWID,Algeria
AND,1985,1.0074072,OWID,Andorra
AND,1986,0.9903285,OWID,Andorra
AND,1987,0.9699041,OWID,Andorra
AND,1988,0.94100314,OWID,Andorra
AND,1989,0.92325693,OWID,Andorra
AND,1990,0.9077599,OWID,Andorra
AND,1991,0.8828086,OWID,Andorra
AND,1992,0.85776085,OWID,Andorra
AND,1993,0.8390834,OWID,Andorra
AND,1994,0.8163814,OWID,Andorra
AND,1995,0.7910141,OWID,Andorra
AND,1996,0.76043737,OWID,Andorra
AND,1997,0.7350484,OWID,Andorra
AND,1998,0.70820355,OWID,Andorra
AND,1999,0.68107337,OWID,Andorra
AND,2000,0.65515345,OWID,Andorra
AND,2001,0.63035583,OWID,Andorra
AND,2002,0.6064691,OWID,Andorra
AND,2003,0.582238,OWID,Andorra
AND,2004,0.5582896,OWID,Andorra
AND,2005,0.5363843,OWID,Andorra
AND,2006,0.5114634,OWID,Andorra
AND,2007,0.4886624,OWID,Andorra
AND,2008,0.46629512,OWID,Andorra
AND,2009,0.44491044,OWID,Andorra
AND,2010,0.4248793,OWID,Andorra
AND,2011,0.4061469,OWID,Andorra
AND,2012,0.3875978,OWID,Andorra
AND,2013,0.37003374,OWID,Andorra
AND,2014,0.3521691,OWID,Andorra
AND,2015,0.33591607,OWID,Andorra
AND,2016,0.32024768,OWID,Andorra
AND,2017,0.30629835,OWID,Andorra
AND,2018,0.29489735,OWID,Andorra
AND,2019,0.2840461,OWID,Andorra
AND,2020,0.27382132,OWID,Andorra
AND,2021,0.26514053,OWID,Andorra
AND,2022,0.25631315,OWID,Andorra
AND,2023,0.24773584,OWID,Andorra
AGO,1980,12.761619,OWID,Angola
AGO,1981,12.640325,OWID,Angola
AGO,1982,12.538798,OWID,Angola
AGO,1983,12.415551,OWID,Angola
AGO,1984,12.3370285,OWID,Angola
AGO,1985,12.277512,OWID,Angola
AGO,1986,12.235998,OWID,Angola
AGO,1987,12.209377,OWID,Angola
AGO,1988,12.189369,OWID,Angola
AGO,1989,12.196266,OWID,Angola
AGO,1990,12.225466,OWID,Angola
AGO,1991,12.251711,OWID,Angola
AGO,1992,12.285839,OWID,Angola
AGO,1993,12.308862,OWID,Angola
AGO,1994,12.328539,OWID,Angola
AGO,1995,12.315398,OWID,Angola
AGO,1996,12.256817,OWID,Angola
AGO,1997,12.147526,OWID,Angola
AGO,1998,11.979792,OWID,Angola
AGO,1999,11.760098,OWID,Angola
AGO,2000,11.50392,OWID,Angola
AGO,2001,11.186196,OWID,Angola
AGO,2002,10.814981,OWID,Angola
AGO,2003,10.395455,OWID,Angola
AGO,2004,9.93138,OWID,Angola
AGO,2005,9.444454,OWID,Angola
AGO,2006,8.905231,OWID,Angola
AGO,2007,8.375808,OWID,Angola
AGO,2008,7.8663645,OWID,Angola
AGO,2009,7.3693066,OWID,Angola
AGO,2010,6.893363,OWID,Angola
AGO,2011,6.442815,OWID,Angola
AGO,2012,6.0350256,OWID,Angola
AGO,2013,5.668856,OWID,Angola
AGO,2014,5.362559,OWID,Angola
AGO,2015,5.1076055,OWID,Angola
AGO,2016,4.8888073,OWID,Angola
AGO,2017,4.697818,OWID,Angola
AGO,2018,4.527364,OWID,Angola
AGO,2019,4.3755593,OWID,Angola
AGO,2020,4.2286053,OWID,Angola
AGO,2021,4.091318,OWID,Angola
AGO,2022,3.9560845,OWID,Angola
AGO,2023,3.82714,OWID,Angola
AIA,1985,2.0382292,OWID,Anguilla
AIA,1986,1.9514506,OWID,Anguilla
AIA,1987,1.8627896,OWID,Anguilla
AIA,1988,1.7789304,OWID,Anguilla
AIA,1989,1.6992505,OWID,Anguilla
AIA,1990,1.6264218,OWID,Anguilla
AIA,1991,1.5582564,OWID,Anguilla
AIA,1992,1.4890898,OWID,Anguilla
AIA,1993,1.4220924,OWID,Anguilla
AIA,1994,1.3608006,OWID,Anguilla
AIA,1995,1.3012495,OWID,Anguilla
AIA,1996,1.2478137,OWID,Anguilla
AIA,1997,1.198502,OWID,Anguilla
AIA,1998,1.1507342,OWID,Anguilla
AIA,1999,1.1080403,OWID,Anguilla
AIA,2000,1.0670421,OWID,Anguilla
AIA,2001,1.02906,OWID,Anguilla
AIA,2002,0.9934537,OWID,Anguilla
AIA,2003,0.96071196,OWID,Anguilla
AIA,2004,0.92983764,OWID,Anguilla
AIA,2005,0.9013314,OWID,Anguilla
AIA,2006,0.8756984,OWID,Anguilla
AIA,2007,0.84882945,OWID,Anguilla
AIA,2008,0.8243796,OWID,Anguilla
AIA,2009,0.80228174,OWID,Anguilla
AIA,2010,0.7792683,OWID,Anguilla
AIA,2011,0.75780034,OWID,Anguilla
AIA,2012,0.7382483,OWID,Anguilla
AIA,2013,0.7187761,OWID,Anguilla
AIA,2014,0.6991004,OWID,Anguilla
AIA,2015,0.6789967,OWID,Anguilla
AIA,2016,0.659694,OWID,Anguilla
AIA,2017,0.64042014,OWID,Anguilla
AIA,2018,0.6211982,OWID,Anguilla
AIA,2019,0.6047645,OWID,Anguilla
AIA,2020,0.58636314,OWID,Anguilla
AIA,2021,0.56712127,OWID,Anguilla
AIA,2022,0.5493027,OWID,Anguilla
AIA,2023,0.5332237,OWID,Anguilla
ATG,1949,8.471087,OWID,Antigua and Barbuda
ATG,1950,8.305635,OWID,Antigua and Barbuda
ATG,1951,8.120124,OWID,Antigua and Barbuda
ATG,1952,7.9351416,OWID,Antigua and Barbuda
ATG,1953,7.7524457,OWID,Antigua and Barbuda
ATG,1954,7.5613565,OWID,Antigua and Barbuda
ATG,1955,7.378764,OWID,Antigua and Barbuda
ATG,1956,7.1859727,OWID,Antigua and Barbuda
ATG,1957,6.98839,OWID,Antigua and Barbuda
ATG,1958,6.768018,OWID,Antigua and Barbuda
ATG,1959,6.5116363,OWID,Antigua and Barbuda
ATG,1960,6.203866,OWID,Antigua and Barbuda
ATG,1961,5.8512263,OWID,Antigua and Barbuda
ATG,1962,5.4605994,OWID,Antigua and Barbuda
ATG,1963,5.041483,OWID,Antigua and Barbuda
ATG,1964,4.607034,OWID,Antigua and Barbuda
ATG,1965,4.174995,OWID,Antigua and Barbuda
ATG,1966,3.7657483,OWID,Antigua and Barbuda
ATG,1967,3.3941731,OWID,Antigua and Barbuda
ATG,1968,3.0662076,OWID,Antigua and Barbuda
ATG,1969,2.7840343,OWID,Antigua and Barbuda
ATG,1970,2.5455332,OWID,Antigua and Barbuda
ATG,1971,2.3453982,OWID,Antigua and Barbuda
ATG,1972,2.1790826,OWID,Antigua and Barbuda
ATG,1973,2.038687,OWID,Antigua and Barbuda
ATG,1974,1.9165162,OWID,Antigua and Barbuda
ATG,1975,1.8035073,OWID,Antigua and Barbuda
ATG,1976,1.6953093,OWID,Antigua and Barbuda
ATG,1977,1.5883547,OWID,Antigua and Barbuda
ATG,1978,1.4840904,OWID,Antigua and Barbuda
ATG,1979,1.3857489,OWID,Antigua and Barbuda
ATG,1980,1.2963568,OWID,Antigua and Barbuda
ATG,1981,1.2174889,OWID,Antigua and Barbuda
ATG,1982,1.1535019,OWID,Antigua and Barbuda
ATG,1983,1.1043695,OWID,Antigua and Barbuda
ATG,1984,1.0700243,OWID,Antigua and Barbuda
ATG,1985,1.0513327,OWID,Antigua and Barbuda
ATG,1986,1.0439126,OWID,Antigua and Barbuda
ATG,1987,1.0473856,OWID,Antigua and Barbuda
ATG,1988,1.0602276,OWID,Antigua and Barbuda
ATG,1989,1.0811262,OWID,Antigua and Barbuda
ATG,1990,1.1080843,OWID,Antigua and Barbuda
ATG,1991,1.1391698,OWID,Antigua and Barbuda
ATG,1992,1.1728003,OWID,Antigua and Barbuda
ATG,1993,1.2058278,OWID,Antigua and Barbuda
ATG,1994,1.2342993,OWID,Antigua and Barbuda
ATG,1995,1.2574757,OWID,Antigua and Barbuda
ATG,1996,1.2710695,OWID,Antigua and Barbuda
ATG,1997,1.2710156,OWID,Antigua and Barbuda
ATG,1998,1.2614082,OWID,Antigua and Barbuda
ATG,1999,1.241565,OWID,Antigua and Barbuda
ATG,2000,1.2177346,OWID,Antigua and Barbuda
ATG,2001,1.1901114,OWID,Antigua and Barbuda
ATG,2002,1.1624113,OWID,Antigua and Barbuda
ATG,2003,1.1336209,OWID,Antigua and Barbuda
ATG,2004,1.1047996,OWID,Antigua and Barbuda
ATG,2005,1.077076,OWID,Antigua and Barbuda
ATG,2006,1.048781,OWID,Antigua and Barbuda
ATG,2007,1.022055,OWID,Antigua and Barbuda
ATG,2008,0.99770015,OWID,Antigua and Barbuda
ATG,2009,0.97366667,OWID,Antigua and Barbuda
ATG,2010,0.9510383,OWID,Antigua and Barbuda
ATG,2011,0.9308273,OWID,Antigua and Barbuda
ATG,2012,0.9117185,OWID,Antigua and Barbuda
ATG,2013,0.89392906,OWID,Antigua and Barbuda
ATG,2014,0.876915,OWID,Antigua and Barbuda
ATG,2015,0.8589541,OWID,Antigua and Barbuda
ATG,2016,0.8438448,OWID,Antigua and Barbuda
ATG,2017,0.8290122,OWID,Antigua and Barbuda
ATG,2018,0.81584203,OWID,Antigua and Barbuda
ATG,2019,0.8009588,OWID,Antigua and Barbuda
ATG,2020,0.7842249,OWID,Antigua and Barbuda
ATG,2021,0.7665751,OWID,Antigua and Barbuda
ATG,2022,0.7488626,OWID,Antigua and Barbuda
ATG,2023,0.7304681,OWID,Antigua and Barbuda
ARG,1969,5.9801197,OWID,Argentina
ARG,1970,5.9341745,OWID,Argentina
ARG,1971,5.8810744,OWID,Argentina
ARG,1972,5.804847,OWID,Argentina
ARG,1973,5.693815,OWID,Argentina
ARG,1974,5.535667,OWID,Argentina
ARG,1975,5.3173685,OWID,Argentina
ARG,1976,5.034355,OWID,Argentina
ARG,1977,4.693225,OWID,Argentina
ARG,1978,4.3289847,OWID,Argentina
ARG,1979,3.9679964,OWID,Argentina
ARG,1980,3.6352863,OWID,Argentina
ARG,1981,3.3469415,OWID,Argentina
ARG,1982,3.1101155,OWID,Argentina
ARG,1983,2.9133682,OWID,Argentina
ARG,1984,2.7484636,OWID,Argentina
ARG,1985,2.6187336,OWID,Argentina
ARG,1986,2.5363448,OWID,Argentina
ARG,1987,2.500819,OWID,Argentina
ARG,1988,2.4930522,OWID,Argentina
ARG,1989,2.4924505,OWID,Argentina
ARG,1990,2.482859,OWID,Argentina
ARG,1991,2.4481788,OWID,Argentina
ARG,1992,2.3821027,OWID,Argentina
ARG,1993,2.2948968,OWID,Argentina
ARG,1994,2.1963534,OWID,Argentina
ARG,1995,2.0941224,OWID,Argentina
ARG,1996,1.9916354,OWID,Argentina
ARG,1997,1.8929473,OWID,Argentina
ARG,1998,1.805228,OWID,Argentina
ARG,1999,1.7310375,OWID,Argentina
ARG,2000,1.6703207,OWID,Argentina
ARG,2001,1.6204469,OWID,Argentina
ARG,2002,1.5784848,OWID,Argentina
ARG,2003,1.5368358,OWID,Argentina
ARG,2004,1.4899285,OWID,Argentina
ARG,2005,1.4408635,OWID,Argentina
ARG,2006,1.3967811,OWID,Argentina
ARG,2007,1.3588448,OWID,Argentina
ARG,2008,1.3230679,OWID,Argentina
ARG,2009,1.2842859,OWID,Argentina
ARG,2010,1.2402115,OWID,Argentina
ARG,2011,1.1915035,OWID,Argentina
ARG,2012,1.1392962,OWID,Argentina
ARG,2013,1.0885274,OWID,Argentina
ARG,2014,1.043377,OWID,Argentina
ARG,2015,1.0043777,OWID,Argentina
ARG,2016,0.97056365,OWID,Argentina
ARG,2017,0.9413581,OWID,Argentina
ARG,2018,0.915611,OWID,Argentina
ARG,2019,0.892212,OWID,Argentina
ARG,2020,0.8720323,OWID,Argentina
ARG,2021,0.8530042,OWID,Argentina
ARG,2022,0.8349788,OWID,Argentina
ARG,2023,0.8175496,OWID,Argentina
ARM,1976,8.12013,OWID,Armenia
ARM,1977,7.7848415,OWID,Armenia
ARM,1978,7.4686923,OWID,Armenia
ARM,1979,7.1674275,OWID,Armenia
ARM,1980,6.8765306,OWID,Armenia
ARM,1981,6.5978665,OWID,Armenia
ARM,1982,6.337122,OWID,Armenia
ARM,1983,6.0826683,OWID,Armenia
ARM,1984,5.8395414,OWID,Armenia
ARM,1985,5.6101003,OWID,Armenia
ARM,1986,5.386219,OWID,Armenia
ARM,1987,5.1668673,OWID,Armenia
ARM,1988,6.784636,OWID,Armenia
ARM,1989,4.7538695,OWID,Armenia
ARM,1990,4.5504384,OWID,Armenia
ARM,1991,4.350773,OWID,Armenia
ARM,1992,4.153993,OWID,Armenia
ARM,1993,3.9642425,OWID,Armenia
ARM,1994,3.7750208,OWID,Armenia
ARM,1995,3.593174,OWID,Armenia
ARM,1996,3.4183295,OWID,Armenia
ARM,1997,3.2504451,OWID,Armenia
ARM,1998,3.0895576,OWID,Armenia
ARM,1999,2.933972,OWID,Armenia
ARM,2000,2.7838407,OWID,Armenia
ARM,2001,2.6380305,OWID,Armenia
ARM,2002,2.5017843,OWID,Armenia
ARM,2003,2.371581,OWID,Armenia
ARM,2004,2.2451189,OWID,Armenia
ARM,2005,2.126505,OWID,Armenia
ARM,2006,2.0141568,OWID,Armenia
ARM,2007,1.90844,OWID,Armenia
ARM,2008,1.8103638,OWID,Armenia
ARM,2009,1.7199813,OWID,Armenia
ARM,2010,1.6363442,OWID,Armenia
ARM,2011,1.556968,OWID,Armenia
ARM,2012,1.4820404,OWID,Armenia
ARM,2013,1.4123191,OWID,Armenia
ARM,2014,1.3449994,OWID,Armenia
ARM,2015,1.2824036,OWID,Armenia
ARM,2016,1.2236944,OWID,Armenia
ARM,2017,1.168668,OWID,Armenia
ARM,2018,1.116421,OWID,Armenia
ARM,2019,1.0669708,OWID,Armenia
ARM,2020,1.0185351,OWID,Armenia
ARM,2021,0.97299165,OWID,Armenia
ARM,2022,0.9293115,OWID,Armenia
ARM,2023,0.8875105,OWID,Armenia
,1969,10.316905,OWID,Asia
,1970,10.103274,OWID,Asia
,1971,10.025275,OWID,Asia
,1972,9.594153,OWID,Asia
,1973,9.313107,OWID,Asia
,1974,9.0409975,OWID,Asia
,1975,8.733045,OWID,Asia
,1976,8.498512,OWID,Asia
,1977,8.210509,OWID,Asia
,1978,7.9393315,OWID,Asia
,1979,7.679537,OWID,Asia
,1980,7.436858,OWID,Asia
,1981,7.2124805,OWID,Asia
,1982,7.0285273,OWID,Asia
,1983,6.8499565,OWID,Asia
,1984,6.7075586,OWID,Asia
,1985,6.575414,OWID,Asia
,1986,6.44247,OWID,Asia
,1987,6.321584,OWID,Asia
,1988,6.204744,OWID,Asia
,1989,6.0845656,OWID,Asia
,1990,5.9653397,OWID,Asia
,1991,5.8417993,OWID,Asia
,1992,5.712449,OWID,Asia
,1993,5.5785666,OWID,Asia
,1994,5.439652,OWID,Asia
,1995,5.311602,OWID,Asia
,1996,5.1569786,OWID,Asia
,1997,4.995949,OWID,Asia
,1998,4.8292565,OWID,Asia
,1999,4.6551213,OWID,Asia
,2000,4.4768353,OWID,Asia
,2001,4.297001,OWID,Asia
,2002,4.1198955,OWID,Asia
,2003,3.9284015,OWID,Asia
,2004,3.7766066,OWID,Asia
,2005,3.602678,OWID,Asia
,2006,3.4508812,OWID,Asia
,2007,3.305682,OWID,Asia
,2008,3.18159,OWID,Asia
,2009,3.0375865,OWID,Asia
,2010,2.9081166,OWID,Asia
,2011,2.7837546,OWID,Asia
,2012,2.6653337,OWID,Asia
,2013,2.5477588,OWID,Asia
,2014,2.4345899,OWID,Asia
,2015,2.3272588,OWID,Asia
,2016,2.2248092,OWID,Asia
,2017,2.1287682,OWID,Asia
,2018,2.0410707,OWID,Asia
,2019,1.9579306,OWID,Asia
,2020,1.8812344,OWID,Asia
,2021,1.8119786,OWID,Asia
,2022,1.749024,OWID,Asia
,2023,1.6947491,OWID,Asia
AUS,1949,2.5315049,OWID,Australia
AUS,1950,2.494812,OWID,Australia
AUS,1951,2.4551287,OWID,Australia
AUS,1952,2.408926,OWID,Australia
AUS,1953,2.3568478,OWID,Australia
AUS,1954,2.3026676,OWID,Australia
AUS,1955,2.2510312,OWID,Australia
AUS,1956,2.2033813,OWID,Australia
AUS,1957,2.1595318,OWID,Australia
AUS,1958,2.117328,OWID,Australia
AUS,1959,2.0771601,OWID,Australia
AUS,1960,2.0368378,OWID,Australia
AUS,1961,1.9956335,OWID,Australia
AUS,1962,1.9541696,OWID,Australia
AUS,1963,1.9142854,OWID,Australia
AUS,1964,1.8799803,OWID,Australia
AUS,1965,1.8533514,OWID,Australia
AUS,1966,1.8358982,OWID,Australia
AUS,1967,1.826386,OWID,Australia
AUS,1968,1.8204004,OWID,Australia
AUS,1969,1.8105893,OWID,Australia
AUS,1970,1.7874134,OWID,Australia
AUS,1971,1.747298,OWID,Australia
AUS,1972,1.6902242,OWID,Australia
AUS,1973,1.6168463,OWID,Australia
AUS,1974,1.5318774,OWID,Australia
AUS,1975,1.440684,OWID,Australia
AUS,1976,1.3493018,OWID,Australia
AUS,1977,1.2654113,OWID,Australia
AUS,1978,1.1921597,OWID,Australia
AUS,1979,1.1302531,OWID,Australia
AUS,1980,1.080214,OWID,Australia
AUS,1981,1.0401427,OWID,Australia
AUS,1982,1.0080268,OWID,Australia
AUS,1983,0.9820195,OWID,Australia
AUS,1984,0.95815855,OWID,Australia
AUS,1985,0.9335976,OWID,Australia
AUS,1986,0.9061878,OWID,Australia
AUS,1987,0.875203,OWID,Australia
AUS,1988,0.83985066,OWID,Australia
AUS,1989,0.8002941,OWID,Australia
AUS,1990,0.7567816,OWID,Australia
AUS,1991,0.7120869,OWID,Australia
AUS,1992,0.6696031,OWID,Australia
AUS,1993,0.63185924,OWID,Australia
AUS,1994,0.60007584,OWID,Australia
AUS,1995,0.57509756,OWID,Australia
AUS,1996,0.55589086,OWID,Australia
AUS,1997,0.5412914,OWID,Australia
AUS,1998,0.5297616,OWID,Australia
AUS,1999,0.51971054,OWID,Australia
AUS,2000,0.51026905,OWID,Australia
AUS,2001,0.50160193,OWID,Australia
AUS,2002,0.4946121,OWID,Australia
AUS,2003,0.4895095,OWID,Australia
AUS,2004,0.48402905,OWID,Australia
AUS,2005,0.47601908,OWID,Australia
AUS,2006,0.46518114,OWID,Australia
AUS,2007,0.4517939,OWID,Australia
AUS,2008,0.43633053,OWID,Australia
AUS,2009,0.418895,OWID,Australia
AUS,2010,0.40000013,OWID,Australia
AUS,2011,0.38084108,OWID,Australia
AUS,2012,0.36297414,OWID,Australia
AUS,2013,0.34763074,OWID,Australia
AUS,2014,0.33579463,OWID,Australia
AUS,2015,0.3280122,OWID,Australia
AUS,2016,0.32382518,OWID,Australia
AUS,2017,0.3220761,OWID,Australia
AUS,2018,0.32177663,OWID,Australia
AUS,2019,0.3218196,OWID,Australia
AUS,2020,0.32140777,OWID,Australia
AUS,2021,0.31990072,OWID,Australia
AUS,2022,0.3172764,OWID,Australia
AUS,2023,0.31361938,OWID,Australia
AUT,1949,6.6827044,OWID,Austria
AUT,1950,6.2378836,OWID,Austria
AUT,1951,5.830886,OWID,Austria
AUT,1952,5.468225,OWID,Austria
AUT,1953,5.1595407,OWID,Austria
AUT,1954,4.8987713,OWID,Austria
AUT,1955,4.6867256,OWID,Austria
AUT,1956,4.505282,OWID,Austria
AUT,1957,4.332311,OWID,Austria
AUT,1958,4.146937,OWID,Austria
AUT,1959,3.9447095,OWID,Austria
AUT,1960,3.7229745,OWID,Austria
AUT,1961,3.497526,OWID,Austria
AUT,1962,3.2919567,OWID,Austria
AUT,1963,3.1163504,OWID,Austria
AUT,1964,2.967285,OWID,Austria
AUT,1965,2.8387473,OWID,Austria
AUT,1966,2.7305021,OWID,Austria
AUT,1967,2.6464882,OWID,Austria
AUT,1968,2.5853918,OWID,Austria
AUT,1969,2.5430725,OWID,Austria
AUT,1970,2.5145695,OWID,Austria
AUT,1971,2.4802608,OWID,Austria
AUT,1972,2.4164007,OWID,Austria
AUT,1973,2.309023,OWID,Austria
AUT,1974,2.1626668,OWID,Austria
AUT,1975,1.9884723,OWID,Austria
AUT,1976,1.8139054,OWID,Austria
AUT,1977,1.6659822,OWID,Austria
AUT,1978,1.5535126,OWID,Austria
AUT,1979,1.464588,OWID,Austria
AUT,1980,1.3873374,OWID,Austria
AUT,1981,1.3177891,OWID,Austria
AUT,1982,1.253232,OWID,Austria
AUT,1983,1.1911186,OWID,Austria
AUT,1984,1.129103,OWID,Austria
AUT,1985,1.0641869,OWID,Austria
AUT,1986,0.99956864,OWID,Austria
AUT,1987,0.939344,OWID,Austria
AUT,1988,0.8849215,OWID,Austria
AUT,1989,0.83692634,OWID,Austria
AUT,1990,0.79503816,OWID,Austria
AUT,1991,0.75480855,OWID,Austria
AUT,1992,0.7105014,OWID,Austria
AUT,1993,0.6612287,OWID,Austria
AUT,1994,0.6117247,OWID,Austria
AUT,1995,0.5661538,OWID,Austria
AUT,1996,0.52793413,OWID,Austria
AUT,1997,0.49858204,OWID,Austria
AUT,1998,0.4782793,OWID,Austria
AUT,1999,0.4645911,OWID,Austria
AUT,2000,0.45496398,OWID,Austria
AUT,2001,0.4470914,OWID,Austria
AUT,2002,0.43915197,OWID,Austria
AUT,2003,0.42947507,OWID,Austria
AUT,2004,0.41825268,OWID,Austria
AUT,2005,0.4064534,OWID,Austria
AUT,2006,0.39504084,OWID,Austria
AUT,2007,0.3851021,OWID,Austria
AUT,2008,0.37711963,OWID,Austria
AUT,2009,0.36911917,OWID,Austria
AUT,2010,0.35952088,OWID,Austria
AUT,2011,0.3483468,OWID,Austria
AUT,2012,0.33689946,OWID,Austria
AUT,2013,0.32629973,OWID,Austria
AUT,2014,0.31706768,OWID,Austria
AUT,2015,0.30979204,OWID,Austria
AUT,2016,0.30455044,OWID,Austria
AUT,2017,0.30037686,OWID,Austria
AUT,2018,0.29685426,OWID,Austria
AUT,2019,0.2924985,OWID,Austria
AUT,2020,0.28661603,OWID,Austria
AUT,2021,0.2792082,OWID,Austria
AUT,2022,0.2710033,OWID,Austria
AUT,2023,0.26263183,OWID,Austria
AZE,1982,8.445845,OWID,Azerbaijan
AZE,1983,8.272837,OWID,Azerbaijan
AZE,1984,8.106972,OWID,Azerbaijan
AZE,1985,7.957367,OWID,Azerbaijan
AZE,1986,7.815198,OWID,Azerbaijan
AZE,1987,7.6944623,OWID,Azerbaijan
AZE,1988,7.6053367,OWID,Azerbaijan
AZE,1989,7.561885,OWID,Azerbaijan
AZE,1990,7.5544047,OWID,Azerbaijan
AZE,1991,7.592397,OWID,Azerbaijan
AZE,1992,7.636329,OWID,Azerbaijan
AZE,1993,7.666635,OWID,Azerbaijan
AZE,1994,7.6449337,OWID,Azerbaijan
AZE,1995,7.5506024,OWID,Azerbaijan
AZE,1996,7.37077,OWID,Azerbaijan
AZE,1997,7.109712,OWID,Azerbaijan
AZE,1998,6.778549,OWID,Azerbaijan
AZE,1999,6.4004974,OWID,Azerbaijan
AZE,2000,5.986888,OWID,Azerbaijan
AZE,2001,5.5743527,OWID,Azerbaijan
AZE,2002,5.1695414,OWID,Azerbaijan
AZE,2003,4.790753,OWID,Azerbaijan
AZE,2004,4.4484043,OWID,Azerbaijan
AZE,2005,4.1438036,OWID,Azerbaijan
AZE,2006,3.8637295,OWID,Azerbaijan
AZE,2007,3.6076052,OWID,Azerbaijan
AZE,2008,3.372453,OWID,Azerbaijan
AZE,2009,3.156332,OWID,Azerbaijan
AZE,2010,2.9513674,OWID,Azerbaijan
AZE,2011,2.7547548,OWID,Azerbaijan
AZE,2012,2.5730927,OWID,Azerbaijan
AZE,2013,2.4055715,OWID,Azerbaijan
AZE,2014,2.253468,OWID,Azerbaijan
AZE,2015,2.1126838,OWID,Azerbaijan
AZE,2016,1.9838219,OWID,Azerbaijan
AZE,2017,1.8675834,OWID,Azerbaijan
AZE,2018,1.7572038,OWID,Azerbaijan
AZE,2019,1.6579548,OWID,Azerbaijan
AZE,2020,1.5647466,OWID,Azerbaijan
AZE,2021,1.4836668,OWID,Azerbaijan
AZE,2022,1.405586,OWID,Azerbaijan
AZE,2023,1.3325222,OWID,Azerbaijan
BHS,1968,2.5258944,OWID,Bahamas
BHS,1969,2.56149,OWID,Bahamas
BHS,1970,2.59712,OWID,Bahamas
BHS,1971,2.6282647,OWID,Bahamas
BHS,1972,2.6525502,OWID,Bahamas
BHS,1973,2.66973,OWID,Bahamas
BHS,1974,2.671877,OWID,Bahamas
BHS,1975,2.6612713,OWID,Bahamas
BHS,1976,2.638525,OWID,Bahamas
BHS,1977,2.6073341,OWID,Bahamas
BHS,1978,2.5706022,OWID,Bahamas
BHS,1979,2.5318055,OWID,Bahamas
BHS,1980,2.4933443,OWID,Bahamas
BHS,1981,2.4581916,OWID,Bahamas
BHS,1982,2.4281342,OWID,Bahamas
BHS,1983,2.3995397,OWID,Bahamas
BHS,1984,2.37413,OWID,Bahamas
BHS,1985,2.343694,OWID,Bahamas
BHS,1986,2.2976584,OWID,Bahamas
BHS,1987,2.2301662,OWID,Bahamas
BHS,1988,2.1489327,OWID,Bahamas
BHS,1989,2.057913,OWID,Bahamas
BHS,1990,1.9662309,OWID,Bahamas
BHS,1991,1.8746033,OWID,Bahamas
BHS,1992,1.787339,OWID,Bahamas
BHS,1993,1.7048999,OWID,Bahamas
BHS,1994,1.624583,OWID,Bahamas
BHS,1995,1.5504118,OWID,Bahamas
BHS,1996,1.4822725,OWID,Bahamas
BHS,1997,1.4288746,OWID,Bahamas
BHS,1998,1.3915323,OWID,Bahamas
BHS,1999,1.3746547,OWID,Bahamas
BHS,2000,1.3747762,OWID,Bahamas
BHS,2001,1.3877226,OWID,Bahamas
BHS,2002,1.4077607,OWID,Bahamas
BHS,2003,1.4287738,OWID,Bahamas
BHS,2004,1.4430907,OWID,Bahamas
BHS,2005,1.4476631,OWID,Bahamas
BHS,2006,1.441094,OWID,Bahamas
BHS,2007,1.4234957,OWID,Bahamas
BHS,2008,1.3985852,OWID,Bahamas
BHS,2009,1.3689998,OWID,Bahamas
BHS,2010,1.3389691,OWID,Bahamas
BHS,2011,1.3108687,OWID,Bahamas
BHS,2012,1.2849005,OWID,Bahamas
BHS,2013,1.2616396,OWID,Bahamas
BHS,2014,1.2424934,OWID,Bahamas
BHS,2015,1.2270553,OWID,Bahamas
BHS,2016,1.2152452,OWID,Bahamas
BHS,2017,1.2067325,OWID,Bahamas
BHS,2018,1.199786,OWID,Bahamas
BHS,2019,1.571123,OWID,Bahamas
BHS,2020,1.184981,OWID,Bahamas
BHS,2021,1.1730963,OWID,Bahamas
BHS,2022,1.1565565,OWID,Bahamas
BHS,2023,1.1365536,OWID,Bahamas
BHR,1955,23.43208,OWID,Bahrain
BHR,1956,21.714983,OWID,Bahrain
BHR,1957,20.166473,OWID,Bahrain
BHR,1958,18.691517,OWID,Bahrain
BHR,1959,17.30629,OWID,Bahrain
BHR,1960,15.99767,OWID,Bahrain
BHR,1961,14.769826,OWID,Bahrain
BHR,1962,13.580253,OWID,Bahrain
BHR,1963,12.489411,OWID,Bahrain
BHR,1964,11.466264,OWID,Bahrain
BHR,1965,10.4934635,OWID,Bahrain
BHR,1966,9.591961,OWID,Bahrain
BHR,1967,8.751359,OWID,Bahrain
BHR,1968,7.9807734,OWID,Bahrain
BHR,1969,7.25843,OWID,Bahrain
BHR,1970,6.5964003,OWID,Bahrain
BHR,1971,5.9891324,OWID,Bahrain
BHR,1972,5.443731,OWID,Bahrain
BHR,1973,4.963049,OWID,Bahrain
BHR,1974,4.5374937,OWID,Bahrain
BHR,1975,4.165352,OWID,Bahrain
BHR,1976,3.840676,OWID,Bahrain
BHR,1977,3.551525,OWID,Bahrain
BHR,1978,3.2964246,OWID,Bahrain
BHR,1979,3.0673454,OWID,Bahrain
BHR,1980,2.866949,OWID,Bahrain
BHR,1981,2.690552,OWID,Bahrain
BHR,1982,2.5364292,OWID,Bahrain
BHR,1983,2.4029791,OWID,Bahrain
BHR,1984,2.289645,OWID,Bahrain
BHR,1985,2.196489,OWID,Bahrain
BHR,1986,2.1239822,OWID,Bahrain
BHR,1987,2.0729568,OWID,Bahrain
BHR,1988,2.0413566,OWID,Bahrain
BHR,1989,2.0211332,OWID,Bahrain
BHR,1990,2.0024369,OWID,Bahrain
BHR,1991,1.9705887,OWID,Bahrain
BHR,1992,1.9110155,OWID,Bahrain
BHR,1993,1.8156103,OWID,Bahrain
BHR,1994,1.6942769,OWID,Bahrain
BHR,1995,1.5569106,OWID,Bahrain
BHR,1996,1.4200344,OWID,Bahrain
BHR,1997,1.2965378,OWID,Bahrain
BHR,1998,1.1949074,OWID,Bahrain
BHR,1999,1.1137329,OWID,Bahrain
BHR,2000,1.052415,OWID,Bahrain
BHR,2001,1.0063124,OWID,Bahrain
BHR,2002,0.9704796,OWID,Bahrain
BHR,2003,0.94067514,OWID,Bahrain
BHR,2004,0.9130201,OWID,Bahrain
BHR,2005,0.8826745,OWID,Bahrain
BHR,2006,0.849921,OWID,Bahrain
BHR,2007,0.8142394,OWID,Bahrain
BHR,2008,0.7771901,OWID,Bahrain
BHR,2009,0.74126744,OWID,Bahrain
BHR,2010,0.7104416,OWID,Bahrain
BHR,2011,0.6848052,OWID,Bahrain
BHR,2012,0.66475576,OWID,Bahrain
BHR,2013,0.6502735,OWID,Bahrain
BHR,2014,0.640315,OWID,Bahrain
BHR,2015,0.63401383,OWID,Bahrain
BHR,2016,0.63137436,OWID,Bahrain
BHR,2017,0.63272655,OWID,Bahrain
BHR,2018,0.63889337,OWID,Bahrain
BHR,2019,0.64884084,OWID,Bahrain
BHR,2020,0.6624691,OWID,Bahrain
BHR,2021,0.6790403,OWID,Bahrain
BHR,2022,0.6974021,OWID,Bahrain
BHR,2023,0.7151581,OWID,Bahrain
BGD,1951,23.840843,OWID,Bangladesh
BGD,1952,23.047207,OWID,Bangladesh
BGD,1953,22.283342,OWID,Bangladesh
BGD,1954,21.534893,OWID,Bangladesh
BGD,1955,20.851543,OWID,Bangladesh
BGD,1956,20.188725,OWID,Bangladesh
BGD,1957,19.572071,OWID,Bangladesh
BGD,1958,18.979874,OWID,Bangladesh
BGD,1959,18.40738,OWID,Bangladesh
BGD,1960,17.85896,OWID,Bangladesh
BGD,1961,17.334045,OWID,Bangladesh
BGD,1962,16.836304,OWID,Bangladesh
BGD,1963,16.371866,OWID,Bangladesh
BGD,1964,15.942941,OWID,Bangladesh
BGD,1965,15.59104,OWID,Bangladesh
BGD,1966,15.306524,OWID,Bangladesh
BGD,1967,15.101448,OWID,Bangladesh
BGD,1968,14.967227,OWID,Bangladesh
BGD,1969,14.892016,OWID,Bangladesh
BGD,1970,16.528067,OWID,Bangladesh
BGD,1971,20.570162,OWID,Bangladesh
BGD,1972,14.841064,OWID,Bangladesh
BGD,1973,14.804909,OWID,Bangladesh
BGD,1974,14.71795,OWID,Bangladesh
BGD,1975,14.592648,OWID,Bangladesh
BGD,1976,14.415239,OWID,Bangladesh
BGD,1977,14.180172,OWID,Bangladesh
BGD,1978,13.897984,OWID,Bangladesh
BGD,1979,13.582464,OWID,Bangladesh
BGD,1980,13.265254,OWID,Bangladesh
BGD,1981,12.939873,OWID,Bangladesh
BGD,1982,12.606584,OWID,Bangladesh
BGD,1983,12.264694,OWID,Bangladesh
BGD,1984,11.906856,OWID,Bangladesh
BGD,1985,11.538727,OWID,Bangladesh
BGD,1986,11.156117,OWID,Bangladesh
BGD,1987,10.765835,OWID,Bangladesh
BGD,1988,10.376126,OWID,Bangladesh
BGD,1989,9.993987,OWID,Bangladesh
BGD,1990,9.62103,OWID,Bangladesh
BGD,1991,9.254675,OWID,Bangladesh
BGD,1992,8.887855,OWID,Bangladesh
BGD,1993,8.51725,OWID,Bangladesh
BGD,1994,8.147598,OWID,Bangladesh
BGD,1995,7.780447,OWID,Bangladesh
BGD,1996,7.418657,OWID,Bangladesh
BGD,1997,7.0537796,OWID,Bangladesh
BGD,1998,6.6860876,OWID,Bangladesh
BGD,1999,6.3261786,OWID,Bangladesh
BGD,2000,5.981016,OWID,Bangladesh
BGD,2001,5.6568837,OWID,Bangladesh
BGD,2002,5.358065,OWID,Bangladesh
BGD,2003,5.085022,OWID,Bangladesh
BGD,2004,4.8356004,OWID,Bangladesh
BGD,2005,4.6040416,OWID,Bangladesh
BGD,2006,4.392301,OWID,Bangladesh
BGD,2007,4.194373,OWID,Bangladesh
BGD,2008,4.0112224,OWID,Bangladesh
BGD,2009,3.8421748,OWID,Bangladesh
BGD,2010,3.6874301,OWID,Bangladesh
BGD,2011,3.5447242,OWID,Bangladesh
BGD,2012,3.407087,OWID,Bangladesh
BGD,2013,3.2719014,OWID,Bangladesh
BGD,2014,3.1353652,OWID,Bangladesh
BGD,2015,2.9983838,OWID,Bangladesh
BGD,2016,2.8646913,OWID,Bangladesh
BGD,2017,2.7406728,OWID,Bangladesh
BGD,2018,2.6322556,OWID,Bangladesh
BGD,2019,2.5448208,OWID,Bangladesh
BGD,2020,2.485585,OWID,Bangladesh
BGD,2021,2.4495523,OWID,Bangladesh
BGD,2022,2.4359066,OWID,Bangladesh
BGD,2023,2.4366615,OWID,Bangladesh
BRB,1949,15.211463,OWID,Barbados
BRB,1950,14.780209,OWID,Barbados
BRB,1951,14.307974,OWID,Barbados
BRB,1952,13.749752,OWID,Barbados
BRB,1953,13.059302,OWID,Barbados
BRB,1954,12.205971,OWID,Barbados
BRB,1955,11.229747,OWID,Barbados
BRB,1956,10.201591,OWID,Barbados
BRB,1957,9.214172,OWID,Barbados
BRB,1958,8.333942,OWID,Barbados
BRB,1959,7.610853,OWID,Barbados
BRB,1960,7.0260496,OWID,Barbados
BRB,1961,6.535855,OWID,Barbados
BRB,1962,6.111546,OWID,Barbados
BRB,1963,5.742222,OWID,Barbados
BRB,1964,5.4190855,OWID,Barbados
BRB,1965,5.1367874,OWID,Barbados
BRB,1966,4.895293,OWID,Barbados
BRB,1967,4.6856704,OWID,Barbados
BRB,1968,4.492775,OWID,Barbados
BRB,1969,4.2991486,OWID,Barbados
BRB,1970,4.104972,OWID,Barbados
BRB,1971,3.91125,OWID,Barbados
BRB,1972,3.7198534,OWID,Barbados
BRB,1973,3.530189,OWID,Barbados
BRB,1974,3.346724,OWID,Barbados
BRB,1975,3.1633897,OWID,Barbados
BRB,1976,2.987737,OWID,Barbados
BRB,1977,2.8190303,OWID,Barbados
BRB,1978,2.6562648,OWID,Barbados
BRB,1979,2.5041757,OWID,Barbados
BRB,1980,2.3656964,OWID,Barbados
BRB,1981,2.2485955,OWID,Barbados
BRB,1982,2.151649,OWID,Barbados
BRB,1983,2.0708897,OWID,Barbados
BRB,1984,2.003055,OWID,Barbados
BRB,1985,1.9426149,OWID,Barbados
BRB,1986,1.882943,OWID,Barbados
BRB,1987,1.8215206,OWID,Barbados
BRB,1988,1.7562791,OWID,Barbados
BRB,1989,1.6883157,OWID,Barbados
BRB,1990,1.6179677,OWID,Barbados
BRB,1991,1.5477611,OWID,Barbados
BRB,1992,1.4820997,OWID,Barbados
BRB,1993,1.4244245,OWID,Barbados
BRB,1994,1.3739436,OWID,Barbados
BRB,1995,1.335263,OWID,Barbados
BRB,1996,1.3072406,OWID,Barbados
BRB,1997,1.2901425,OWID,Barbados
BRB,1998,1.2828631,OWID,Barbados
BRB,1999,1.2864773,OWID,Barbados
BRB,2000,1.2984421,OWID,Barbados
BRB,2001,1.314025,OWID,Barbados
BRB,2002,1.3311424,OWID,Barbados
BRB,2003,1.3442439,OWID,Barbados
BRB,2004,1.3508716,OWID,Barbados
BRB,2005,1.3482857,OWID,Barbados
BRB,2006,1.3380278,OWID,Barbados
BRB,2007,1.3229753,OWID,Barbados
BRB,2008,1.3051134,OWID,Barbados
BRB,2009,1.2865771,OWID,Barbados
BRB,2010,1.270052,OWID,Barbados
BRB,2011,1.2533822,OWID,Barbados
BRB,2012,1.237765,OWID,Barbados
BRB,2013,1.2215468,OWID,Barbados
BRB,2014,1.2002981,OWID,Barbados
BRB,2015,1.1767849,OWID,Barbados
BRB,2016,1.148336,OWID,Barbados
BRB,2017,1.1165354,OWID,Barbados
BRB,2018,1.085316,OWID,Barbados
BRB,2019,1.0527266,OWID,Barbados
BRB,2020,1.0221238,OWID,Barbados
BRB,2021,0.9912218,OWID,Barbados
BRB,2022,0.9609955,OWID,Barbados
BRB,2023,0.9300466,OWID,Barbados
BLR,1958,4.6014004,OWID,Belarus
BLR,1959,4.1188397,OWID,Belarus
BLR,1960,3.6946642,OWID,Belarus
BLR,1961,3.3288233,OWID,Belarus
BLR,1962,3.0173519,OWID,Belarus
BLR,1963,2.7544982,OWID,Belarus
BLR,1964,2.5348182,OWID,Belarus
BLR,1965,2.354585,OWID,Belarus
BLR,1966,2.2083879,OWID,Belarus
BLR,1967,2.0926504,OWID,Belarus
BLR,1968,2.001053,OWID,Belarus
BLR,1969,1.9303683,OWID,Belarus
BLR,1970,1.8753359,OWID,Belarus
BLR,1971,1.8338132,OWID,Belarus
BLR,1972,1.8057305,OWID,Belarus
BLR,1973,1.7875618,OWID,Belarus
BLR,1974,1.7789607,OWID,Belarus
BLR,1975,1.7735947,OWID,Belarus
BLR,1976,1.76669,OWID,Belarus
BLR,1977,1.7551274,OWID,Belarus
BLR,1978,1.7365038,OWID,Belarus
BLR,1979,1.7082772,OWID,Belarus
BLR,1980,1.6696259,OWID,Belarus
BLR,1981,1.622223,OWID,Belarus
BLR,1982,1.5705336,OWID,Belarus
BLR,1983,1.5184373,OWID,Belarus
BLR,1984,1.4682099,OWID,Belarus
BLR,1985,1.4178283,OWID,Belarus
BLR,1986,1.3668147,OWID,Belarus
BLR,1987,1.317611,OWID,Belarus
BLR,1988,1.2731245,OWID,Belarus
BLR,1989,1.2365453,OWID,Belarus
BLR,1990,1.2142682,OWID,Belarus
BLR,1991,1.210957,OWID,Belarus
BLR,1992,1.2209142,OWID,Belarus
BLR,1993,1.2343692,OWID,Belarus
BLR,1994,1.2429783,OWID,Belarus
BLR,1995,1.2408258,OWID,Belarus
BLR,1996,1.2236445,OWID,Belarus
BLR,1997,1.1891356,OWID,Belarus
BLR,1998,1.1364139,OWID,Belarus
BLR,1999,1.0685865,OWID,Belarus
BLR,2000,0.9932703,OWID,Belarus
BLR,2001,0.9170513,OWID,Belarus
BLR,2002,0.84536886,OWID,Belarus
BLR,2003,0.7808605,OWID,Belarus
BLR,2004,0.72337574,OWID,Belarus
BLR,2005,0.66819805,OWID,Belarus
BLR,2006,0.6114471,OWID,Belarus
BLR,2007,0.55586475,OWID,Belarus
BLR,2008,0.5052303,OWID,Belarus
BLR,2009,0.46157396,OWID,Belarus
BLR,2010,0.42473647,OWID,Belarus
BLR,2011,0.39441395,OWID,Belarus
BLR,2012,0.36931503,OWID,Belarus
BLR,2013,0.34812304,OWID,Belarus
BLR,2014,0.32933474,OWID,Belarus
BLR,2015,0.31174016,OWID,Belarus
BLR,2016,0.29432386,OWID,Belarus
BLR,2017,0.2764858,OWID,Belarus
BLR,2018,0.25826052,OWID,Belarus
BLR,2019,0.24013817,OWID,Belarus
BLR,2020,0.22372249,OWID,Belarus
BLR,2021,0.20961873,OWID,Belarus
BLR,2022,0.1980611,OWID,Belarus
BLR,2023,0.18836947,OWID,Belarus
BEL,1949,5.609297,OWID,Belgium
BEL,1950,5.304767,OWID,Belgium
BEL,1951,5.0168996,OWID,Belgium
BEL,1952,4.7440896,OWID,Belgium
BEL,1953,4.4844575,OWID,Belgium
BEL,1954,4.233758,OWID,Belgium
BEL,1955,3.987711,OWID,Belgium
BEL,1956,3.7445014,OWID,Belgium
BEL,1957,3.5143437,OWID,Belgium
BEL,1958,3.3049784,OWID,Belgium
BEL,1959,3.1200397,OWID,Belgium
BEL,1960,2.9608536,OWID,Belgium
BEL,1961,2.8272326,OWID,Belgium
BEL,1962,2.709853,OWID,Belgium
BEL,1963,2.6026323,OWID,Belgium
BEL,1964,2.5032625,OWID,Belgium
BEL,1965,2.4132154,OWID,Belgium
BEL,1966,2.3329535,OWID,Belgium
BEL,1967,2.2598488,OWID,Belgium
BEL,1968,2.1918442,OWID,Belgium
BEL,1969,2.1229355,OWID,Belgium
BEL,1970,2.0463006,OWID,Belgium
BEL,1971,1.9579375,OWID,Belgium
BEL,1972,1.8622863,OWID,Belgium
BEL,1973,1.7624332,OWID,Belgium
BEL,1974,1.6640193,OWID,Belgium
BEL,1975,1.5702726,OWID,Belgium
BEL,1976,1.4838464,OWID,Belgium
BEL,1977,1.4060888,OWID,Belgium
BEL,1978,1.3367848,OWID,Belgium
BEL,1979,1.2740451,OWID,Belgium
BEL,1980,1.215137,OWID,Belgium
BEL,1981,1.159015,OWID,Belgium
BEL,1982,1.107116,OWID,Belgium
BEL,1983,1.05977,OWID,Belgium
BEL,1984,1.0174829,OWID,Belgium
BEL,1985,0.9810613,OWID,Belgium
BEL,1986,0.94910496,OWID,Belgium
BEL,1987,0.92026144,OWID,Belgium
BEL,1988,0.89215803,OWID,Belgium
BEL,1989,0.8636393,OWID,Belgium
BEL,1990,0.83446634,OWID,Belgium
BEL,1991,0.80349237,OWID,Belgium
BEL,1992,0.76788485,OWID,Belgium
BEL,1993,0.726357,OWID,Belgium
BEL,1994,0.6812012,OWID,Belgium
BEL,1995,0.6363479,OWID,Belgium
BEL,1996,0.5943347,OWID,Belgium
BEL,1997,0.5577633,OWID,Belgium
BEL,1998,0.52822256,OWID,Belgium
BEL,1999,0.5044314,OWID,Belgium
BEL,2000,0.48458275,OWID,Belgium
BEL,2001,0.46733817,OWID,Belgium
BEL,2002,0.45182365,OWID,Belgium
BEL,2003,0.4377943,OWID,Belgium
BEL,2004,0.42484608,OWID,Belgium
BEL,2005,0.4132701,OWID,Belgium
BEL,2006,0.40291053,OWID,Belgium
BEL,2007,0.39324972,OWID,Belgium
BEL,2008,0.38390186,OWID,Belgium
BEL,2009,0.37512106,OWID,Belgium
BEL,2010,0.36722195,OWID,Belgium
BEL,2011,0.3603805,OWID,Belgium
BEL,2012,0.35426718,OWID,Belgium
BEL,2013,0.34891224,OWID,Belgium
BEL,2014,0.3443088,OWID,Belgium
BEL,2015,0.34101856,OWID,Belgium
BEL,2016,0.3386319,OWID,Belgium
BEL,2017,0.33635053,OWID,Belgium
BEL,2018,0.33331627,OWID,Belgium
BEL,2019,0.32921705,OWID,Belgium
BEL,2020,0.32395905,OWID,Belgium
BEL,2021,0.31796503,OWID,Belgium
BEL,2022,0.31154728,OWID,Belgium
BEL,2023,0.30426034,OWID,Belgium
BLZ,1967,8.240231,OWID,Belize
BLZ,1968,7.9269643,OWID,Belize
BLZ,1969,7.6249647,OWID,Belize
BLZ,1970,7.328508,OWID,Belize
BLZ,1971,7.0528603,OWID,Belize
BLZ,1972,6.7828684,OWID,Belize
BLZ,1973,6.5199394,OWID,Belize
BLZ,1974,6.2755017,OWID,Belize
BLZ,1975,6.047379,OWID,Belize
BLZ,1976,5.825458,OWID,Belize
BLZ,1977,5.6228147,OWID,Belize
BLZ,1978,5.419334,OWID,Belize
BLZ,1979,5.2270436,OWID,Belize
BLZ,1980,5.038844,OWID,Belize
BLZ,1981,4.859629,OWID,Belize
BLZ,1982,4.6723022,OWID,Belize
BLZ,1983,4.4846087,OWID,Belize
BLZ,1984,4.293642,OWID,Belize
BLZ,1985,4.0949826,OWID,Belize
BLZ,1986,3.8931835,OWID,Belize
BLZ,1987,3.686543,OWID,Belize
BLZ,1988,3.4798644,OWID,Belize
BLZ,1989,3.2831254,OWID,Belize
BLZ,1990,3.0905397,OWID,Belize
BLZ,1991,2.9095802,OWID,Belize
BLZ,1992,2.7500505,OWID,Belize
BLZ,1993,2.608814,OWID,Belize
BLZ,1994,2.4829113,OWID,Belize
BLZ,1995,2.371417,OWID,Belize
BLZ,1996,2.2744877,OWID,Belize
BLZ,1997,2.18708,OWID,Belize
BLZ,1998,2.1066859,OWID,Belize
BLZ,1999,2.0322933,OWID,Belize
BLZ,2000,1.96288,OWID,Belize
BLZ,2001,1.8979149,OWID,Belize
BLZ,2002,1.8398616,OWID,Belize
BLZ,2003,1.7896392,OWID,Belize
BLZ,2004,1.7453811,OWID,Belize
BLZ,2005,1.7091601,OWID,Belize
BLZ,2006,1.6755706,OWID,Belize
BLZ,2007,1.645775,OWID,Belize
BLZ,2008,1.6168829,OWID,Belize
BLZ,2009,1.5867534,OWID,Belize
BLZ,2010,1.5529237,OWID,Belize
BLZ,2011,1.5132669,OWID,Belize
BLZ,2012,1.4672409,OWID,Belize
BLZ,2013,1.4155548,OWID,Belize
BLZ,2014,1.3615019,OWID,Belize
BLZ,2015,1.3078499,OWID,Belize
BLZ,2016,1.256469,OWID,Belize
BLZ,2017,1.2102084,OWID,Belize
BLZ,2018,1.1704609,OWID,Belize
BLZ,2019,1.1380392,OWID,Belize
BLZ,2020,1.1145718,OWID,Belize
BLZ,2021,1.0983275,OWID,Belize
BLZ,2022,1.0891907,OWID,Belize
BLZ,2023,1.0844069,OWID,Belize
BEN,1945,17.422907,OWID,Benin
BEN,1946,17.357634,OWID,Benin
BEN,1947,17.295017,OWID,Benin
BEN,1948,17.234903,OWID,Benin
BEN,1949,17.17331,OWID,Benin
BEN,1950,17.135965,OWID,Benin
BEN,1951,17.075615,OWID,Benin
BEN,1952,17.007738,OWID,Benin
BEN,1953,16.962372,OWID,Benin
BEN,1954,16.899204,OWID,Benin
BEN,1955,16.822296,OWID,Benin
BEN,1956,16.717947,OWID,Benin
BEN,1957,16.596737,OWID,Benin
BEN,1958,16.465837,OWID,Benin
BEN,1959,16.304874,OWID,Benin
BEN,1960,16.135557,OWID,Benin
BEN,1961,15.936345,OWID,Benin
BEN,1962,15.71231,OWID,Benin
BEN,1963,15.464666,OWID,Benin
BEN,1964,15.202865,OWID,Benin
BEN,1965,14.954988,OWID,Benin
BEN,1966,14.703078,OWID,Benin
BEN,1967,14.462789,OWID,Benin
BEN,1968,14.24172,OWID,Benin
BEN,1969,14.029809,OWID,Benin
BEN,1970,13.819682,OWID,Benin
BEN,1971,13.615447,OWID,Benin
BEN,1972,13.390102,OWID,Benin
BEN,1973,13.162436,OWID,Benin
BEN,1974,12.919069,OWID,Benin
BEN,1975,12.67541,OWID,Benin
BEN,1976,12.420633,OWID,Benin
BEN,1977,12.171789,OWID,Benin
BEN,1978,11.936167,OWID,Benin
BEN,1979,11.719166,OWID,Benin
BEN,1980,11.51687,OWID,Benin
BEN,1981,11.332553,OWID,Benin
BEN,1982,11.160225,OWID,Benin
BEN,1983,11.001177,OWID,Benin
BEN,1984,10.833537,OWID,Benin
BEN,1985,10.669241,OWID,Benin
BEN,1986,10.498846,OWID,Benin
BEN,1987,10.330295,OWID,Benin
BEN,1988,10.160126,OWID,Benin
BEN,1989,9.980589,OWID,Benin
BEN,1990,9.793792,OWID,Benin
BEN,1991,9.597576,OWID,Benin
BEN,1992,9.399736,OWID,Benin
BEN,1993,9.198948,OWID,Benin
BEN,1994,9.009113,OWID,Benin
BEN,1995,8.826662,OWID,Benin
BEN,1996,8.6565695,OWID,Benin
BEN,1997,8.491005,OWID,Benin
BEN,1998,8.321576,OWID,Benin
BEN,1999,8.144515,OWID,Benin
BEN,2000,7.9659324,OWID,Benin
BEN,2001,7.782441,OWID,Benin
BEN,2002,7.599828,OWID,Benin
BEN,2003,7.421058,OWID,Benin
BEN,2004,7.248872,OWID,Benin
BEN,2005,7.08538,OWID,Benin
BEN,2006,6.930538,OWID,Benin
BEN,2007,6.786704,OWID,Benin
BEN,2008,6.644678,OWID,Benin
BEN,2009,6.5060887,OWID,Benin
BEN,2010,6.3710546,OWID,Benin
BEN,2011,6.240994,OWID,Benin
BEN,2012,6.1013217,OWID,Benin
BEN,2013,5.9657917,OWID,Benin
BEN,2014,5.8320055,OWID,Benin
BEN,2015,5.696558,OWID,Benin
BEN,2016,5.569334,OWID,Benin
BEN,2017,5.439769,OWID,Benin
BEN,2018,5.311944,OWID,Benin
BEN,2019,5.1750636,OWID,Benin
BEN,2020,5.043382,OWID,Benin
BEN,2021,4.9119434,OWID,Benin
BEN,2022,4.7731986,OWID,Benin
BEN,2023,4.6421504,OWID,Benin
BTN,1968,19.088905,OWID,Bhutan
BTN,1969,18.700317,OWID,Bhutan
BTN,1970,18.374708,OWID,Bhutan
BTN,1971,17.984426,OWID,Bhutan
BTN,1972,17.607906,OWID,Bhutan
BTN,1973,17.210505,OWID,Bhutan
BTN,1974,16.79916,OWID,Bhutan
BTN,1975,16.370388,OWID,Bhutan
BTN,1976,15.948841,OWID,Bhutan
BTN,1977,15.50307,OWID,Bhutan
BTN,1978,15.042291,OWID,Bhutan
BTN,1979,14.595334,OWID,Bhutan
BTN,1980,14.115185,OWID,Bhutan
BTN,1981,13.631688,OWID,Bhutan
BTN,1982,13.158272,OWID,Bhutan
BTN,1983,12.675051,OWID,Bhutan
BTN,1984,12.204597,OWID,Bhutan
BTN,1985,11.725787,OWID,Bhutan
BTN,1986,11.277724,OWID,Bhutan
BTN,1987,10.837614,OWID,Bhutan
BTN,1988,10.395854,OWID,Bhutan
BTN,1989,9.973445,OWID,Bhutan
BTN,1990,9.5776005,OWID,Bhutan
BTN,1991,9.197607,OWID,Bhutan
BTN,1992,8.834875,OWID,Bhutan
BTN,1993,8.476395,OWID,Bhutan
BTN,1994,8.118381,OWID,Bhutan
BTN,1995,7.760492,OWID,Bhutan
BTN,1996,7.402116,OWID,Bhutan
BTN,1997,7.0462546,OWID,Bhutan
BTN,1998,6.6826825,OWID,Bhutan
BTN,1999,6.342315,OWID,Bhutan
BTN,2000,6.0054135,OWID,Bhutan
BTN,2001,5.673473,OWID,Bhutan
BTN,2002,5.3481154,OWID,Bhutan
BTN,2003,5.029904,OWID,Bhutan
BTN,2004,4.717121,OWID,Bhutan
BTN,2005,4.4096494,OWID,Bhutan
BTN,2006,4.119861,OWID,Bhutan
BTN,2007,3.8447995,OWID,Bhutan
BTN,2008,3.5910716,OWID,Bhutan
BTN,2009,3.3553684,OWID,Bhutan
BTN,2010,3.1439445,OWID,Bhutan
BTN,2011,2.9521475,OWID,Bhutan
BTN,2012,2.792448,OWID,Bhutan
BTN,2013,2.654408,OWID,Bhutan
BTN,2014,2.5352051,OWID,Bhutan
BTN,2015,2.4355273,OWID,Bhutan
BTN,2016,2.3441272,OWID,Bhutan
BTN,2017,2.26383,OWID,Bhutan
BTN,2018,2.1835017,OWID,Bhutan
BTN,2019,2.108147,OWID,Bhutan
BTN,2020,2.034112,OWID,Bhutan
BTN,2021,1.9751611,OWID,Bhutan
BTN,2022,1.9128637,OWID,Bhutan
BTN,2023,1.8524648,OWID,Bhutan
BOL,1960,18.736357,OWID,Bolivia
BOL,1961,18.451643,OWID,Bolivia
BOL,1962,18.152351,OWID,Bolivia
BOL,1963,17.863298,OWID,Bolivia
BOL,1964,17.573366,OWID,Bolivia
BOL,1965,17.272507,OWID,Bolivia
BOL,1966,16.958223,OWID,Bolivia
BOL,1967,16.642351,OWID,Bolivia
BOL,1968,16.298521,OWID,Bolivia
BOL,1969,15.935722,OWID,Bolivia
BOL,1970,15.574277,OWID,Bolivia
BOL,1971,15.201094,OWID,Bolivia
BOL,1972,14.821397,OWID,Bolivia
BOL,1973,14.435272,OWID,Bolivia
BOL,1974,14.037674,OWID,Bolivia
BOL,1975,13.64591,OWID,Bolivia
BOL,1976,13.25239,OWID,Bolivia
BOL,1977,12.875727,OWID,Bolivia
BOL,1978,12.526025,OWID,Bolivia
BOL,1979,12.198645,OWID,Bolivia
BOL,1980,11.89698,OWID,Bolivia
BOL,1981,11.61613,OWID,Bolivia
BOL,1982,11.343831,OWID,Bolivia
BOL,1983,11.077415,OWID,Bolivia
BOL,1984,10.808529,OWID,Bolivia
BOL,1985,10.525806,OWID,Bolivia
BOL,1986,10.232742,OWID,Bolivia
BOL,1987,9.92579,OWID,Bolivia
BOL,1988,9.616612,OWID,Bolivia
BOL,1989,9.309078,OWID,Bolivia
BOL,1990,9.0012865,OWID,Bolivia
BOL,1991,8.703687,OWID,Bolivia
BOL,1992,8.402521,OWID,Bolivia
BOL,1993,8.107566,OWID,Bolivia
BOL,1994,7.8097534,OWID,Bolivia
BOL,1995,7.511932,OWID,Bolivia
BOL,1996,7.208597,OWID,Bolivia
BOL,1997,6.899509,OWID,Bolivia
BOL,1998,6.586991,OWID,Bolivia
BOL,1999,6.2735977,OWID,Bolivia
BOL,2000,5.9613137,OWID,Bolivia
BOL,2001,5.655736,OWID,Bolivia
BOL,2002,5.3656316,OWID,Bolivia
BOL,2003,5.0856924,OWID,Bolivia
BOL,2004,4.821527,OWID,Bolivia
BOL,2005,4.568874,OWID,Bolivia
BOL,2006,4.3276377,OWID,Bolivia
BOL,2007,4.097764,OWID,Bolivia
BOL,2008,3.8830464,OWID,Bolivia
BOL,2009,3.680969,OWID,Bolivia
BOL,2010,3.4930396,OWID,Bolivia
BOL,2011,3.3165479,OWID,Bolivia
BOL,2012,3.1484165,OWID,Bolivia
BOL,2013,2.9902875,OWID,Bolivia
BOL,2014,2.843653,OWID,Bolivia
BOL,2015,2.7071083,OWID,Bolivia
BOL,2016,2.5888958,OWID,Bolivia
BOL,2017,2.4846468,OWID,Bolivia
BOL,2018,2.3891027,OWID,Bolivia
BOL,2019,2.3003476,OWID,Bolivia
BOL,2020,2.2199402,OWID,Bolivia
BOL,2021,2.144491,OWID,Bolivia
BOL,2022,2.073066,OWID,Bolivia
BOL,2023,2.0037694,OWID,Bolivia
BIH,1984,2.6229823,OWID,Bosnia and Herzegovina
BIH,1985,2.408278,OWID,Bosnia and Herzegovina
BIH,1986,2.2141457,OWID,Bosnia and Herzegovina
BIH,1987,2.0391307,OWID,Bosnia and Herzegovina
BIH,1988,1.8808641,OWID,Bosnia and Herzegovina
BIH,1989,1.7375952,OWID,Bosnia and Herzegovina
BIH,1990,1.6079822,OWID,Bosnia and Herzegovina
BIH,1991,1.4920876,OWID,Bosnia and Herzegovina
BIH,1992,3.0617666,OWID,Bosnia and Herzegovina
BIH,1993,3.0468066,OWID,Bosnia and Herzegovina
BIH,1994,1.2267127,OWID,Bosnia and Herzegovina
BIH,1995,1.4005326,OWID,Bosnia and Herzegovina
BIH,1996,1.089027,OWID,Bosnia and Herzegovina
BIH,1997,1.023121,OWID,Bosnia and Herzegovina
BIH,1998,0.95736235,OWID,Bosnia and Herzegovina
BIH,1999,0.89374006,OWID,Bosnia and Herzegovina
BIH,2000,0.8333916,OWID,Bosnia and Herzegovina
BIH,2001,0.7788357,OWID,Bosnia and Herzegovina
BIH,2002,0.7321534,OWID,Bosnia and Herzegovina
BIH,2003,0.69414026,OWID,Bosnia and Herzegovina
BIH,2004,0.6646267,OWID,Bosnia and Herzegovina
BIH,2005,0.6431962,OWID,Bosnia and Herzegovina
BIH,2006,0.6279857,OWID,Bosnia and Herzegovina
BIH,2007,0.61712474,OWID,Bosnia and Herzegovina
BIH,2008,0.6088994,OWID,Bosnia and Herzegovina
BIH,2009,0.6023021,OWID,Bosnia and Herzegovina
BIH,2010,0.59640133,OWID,Bosnia and Herzegovina
BIH,2011,0.5914554,OWID,Bosnia and Herzegovina
BIH,2012,0.58805233,OWID,Bosnia and Herzegovina
BIH,2013,0.5866272,OWID,Bosnia and Herzegovina
BIH,2014,0.5877947,OWID,Bosnia and Herzegovina
BIH,2015,0.59076864,OWID,Bosnia and Herzegovina
BIH,2016,0.5945594,OWID,Bosnia and Herzegovina
BIH,2017,0.59659547,OWID,Bosnia and Herzegovina
BIH,2018,0.59497166,OWID,Bosnia and Herzegovina
BIH,2019,0.58956367,OWID,Bosnia and Herzegovina
BIH,2020,0.5795622,OWID,Bosnia and Herzegovina
BIH,2021,0.56591344,OWID,Bosnia and Herzegovina
BIH,2022,0.5504762,OWID,Bosnia and Herzegovina
BIH,2023,0.53459185,OWID,Bosnia and Herzegovina
BWA,1954,13.4324875,OWID,Botswana
BWA,1955,13.093666,OWID,Botswana
BWA,1956,12.817092,OWID,Botswana
BWA,1957,12.531555,OWID,Botswana
BWA,1958,12.256172,OWID,Botswana
BWA,1959,12.000524,OWID,Botswana
BWA,1960,11.757803,OWID,Botswana
BWA,1961,11.50589,OWID,Botswana
BWA,1962,11.279224,OWID,Botswana
BWA,1963,11.056384,OWID,Botswana
BWA,1964,10.832572,OWID,Botswana
BWA,1965,10.609128,OWID,Botswana
BWA,1966,10.388082,OWID,Botswana
BWA,1967,10.169593,OWID,Botswana
BWA,1968,9.948548,OWID,Botswana
BWA,1969,9.713994,OWID,Botswana
BWA,1970,9.458632,OWID,Botswana
BWA,1971,9.166103,OWID,Botswana
BWA,1972,8.865206,OWID,Botswana
BWA,1973,8.5571785,OWID,Botswana
BWA,1974,8.230298,OWID,Botswana
BWA,1975,7.8723726,OWID,Botswana
BWA,1976,7.483449,OWID,Botswana
BWA,1977,7.0926814,OWID,Botswana
BWA,1978,6.7107763,OWID,Botswana
BWA,1979,6.35374,OWID,Botswana
BWA,1980,6.025988,OWID,Botswana
BWA,1981,5.7050953,OWID,Botswana
BWA,1982,5.416174,OWID,Botswana
BWA,1983,5.152476,OWID,Botswana
BWA,1984,4.905606,OWID,Botswana
BWA,1985,4.6514544,OWID,Botswana
BWA,1986,4.411184,OWID,Botswana
BWA,1987,4.1957393,OWID,Botswana
BWA,1988,4.0249496,OWID,Botswana
BWA,1989,3.9169455,OWID,Botswana
BWA,1990,3.8920698,OWID,Botswana
BWA,1991,3.9280734,OWID,Botswana
BWA,1992,4.027149,OWID,Botswana
BWA,1993,4.1478267,OWID,Botswana
BWA,1994,4.263216,OWID,Botswana
BWA,1995,4.1329494,OWID,Botswana
BWA,1996,4.1488814,OWID,Botswana
BWA,1997,4.1616673,OWID,Botswana
BWA,1998,4.173265,OWID,Botswana
BWA,1999,4.2418094,OWID,Botswana
BWA,2000,4.249796,OWID,Botswana
BWA,2001,4.226567,OWID,Botswana
BWA,2002,4.237908,OWID,Botswana
BWA,2003,4.3294125,OWID,Botswana
BWA,2004,4.4528723,OWID,Botswana
BWA,2005,4.2975707,OWID,Botswana
BWA,2006,4.3832536,OWID,Botswana
BWA,2007,4.7083025,OWID,Botswana
BWA,2008,4.895361,OWID,Botswana
BWA,2009,4.9271965,OWID,Botswana
BWA,2010,5.048329,OWID,Botswana
BWA,2011,5.196728,OWID,Botswana
BWA,2012,4.876912,OWID,Botswana
BWA,2013,4.7637334,OWID,Botswana
BWA,2014,4.835401,OWID,Botswana
BWA,2015,4.722379,OWID,Botswana
BWA,2016,4.6663604,OWID,Botswana
BWA,2017,4.428554,OWID,Botswana
BWA,2018,4.3230157,OWID,Botswana
BWA,2019,4.234131,OWID,Botswana
BWA,2020,4.1466966,OWID,Botswana
BWA,2021,4.0285006,OWID,Botswana
BWA,2022,3.92482,OWID,Botswana
BWA,2023,3.8248792,OWID,Botswana
BRA,1934,18.196815,OWID,Brazil
BRA,1935,18.099443,OWID,Brazil
BRA,1936,17.990133,OWID,Brazil
BRA,1937,17.83936,OWID,Brazil
BRA,1938,17.720083,OWID,Brazil
BRA,1939,17.60721,OWID,Brazil
BRA,1940,17.471718,OWID,Brazil
BRA,1941,17.323763,OWID,Brazil
BRA,1942,17.18691,OWID,Brazil
BRA,1943,17.041685,OWID,Brazil
BRA,1944,16.87971,OWID,Brazil
BRA,1945,16.699078,OWID,Brazil
BRA,1946,16.506254,OWID,Brazil
BRA,1947,16.308727,OWID,Brazil
BRA,1948,16.088987,OWID,Brazil
BRA,1949,15.865798,OWID,Brazil
BRA,1950,15.622088,OWID,Brazil
BRA,1951,15.361552,OWID,Brazil
BRA,1952,15.089508,OWID,Brazil
BRA,1953,14.813505,OWID,Brazil
BRA,1954,14.53177,OWID,Brazil
BRA,1955,14.22766,OWID,Brazil
BRA,1956,13.921791,OWID,Brazil
BRA,1957,13.604753,OWID,Brazil
BRA,1958,13.290499,OWID,Brazil
BRA,1959,12.967443,OWID,Brazil
BRA,1960,12.639788,OWID,Brazil
BRA,1961,12.327475,OWID,Brazil
BRA,1962,12.036933,OWID,Brazil
BRA,1963,11.761474,OWID,Brazil
BRA,1964,11.506896,OWID,Brazil
BRA,1965,11.27005,OWID,Brazil
BRA,1966,11.053018,OWID,Brazil
BRA,1967,10.840123,OWID,Brazil
BRA,1968,10.635692,OWID,Brazil
BRA,1969,10.423293,OWID,Brazil
BRA,1970,10.203969,OWID,Brazil
BRA,1971,9.984611,OWID,Brazil
BRA,1972,9.759059,OWID,Brazil
BRA,1973,9.528028,OWID,Brazil
BRA,1974,9.310055,OWID,Brazil
BRA,1975,9.082077,OWID,Brazil
BRA,1976,8.840173,OWID,Brazil
BRA,1977,8.571065,OWID,Brazil
BRA,1978,8.283047,OWID,Brazil
BRA,1979,7.975804,OWID,Brazil
BRA,1980,7.6547794,OWID,Brazil
BRA,1981,7.331833,OWID,Brazil
BRA,1982,7.024205,OWID,Brazil
BRA,1983,6.7328086,OWID,Brazil
BRA,1984,6.4674287,OWID,Brazil
BRA,1985,6.2270937,OWID,Brazil
BRA,1986,6.0109124,OWID,Brazil
BRA,1987,5.807156,OWID,Brazil
BRA,1988,5.607536,OWID,Brazil
BRA,1989,5.4081,OWID,Brazil
BRA,1990,5.1971536,OWID,Brazil
BRA,1991,4.976417,OWID,Brazil
BRA,1992,4.7390647,OWID,Brazil
BRA,1993,4.4912143,OWID,Brazil
BRA,1994,4.2376494,OWID,Brazil
BRA,1995,3.984473,OWID,Brazil
BRA,1996,3.7426815,OWID,Brazil
BRA,1997,3.5141435,OWID,Brazil
BRA,1998,3.300814,OWID,Brazil
BRA,1999,3.1001172,OWID,Brazil
BRA,2000,2.9097662,OWID,Brazil
BRA,2001,2.7261505,OWID,Brazil
BRA,2002,2.5536602,OWID,Brazil
BRA,2003,2.3912568,OWID,Brazil
BRA,2004,2.2384658,OWID,Brazil
BRA,2005,2.097964,OWID,Brazil
BRA,2006,1.9695596,OWID,Brazil
BRA,2007,1.8564892,OWID,Brazil
BRA,2008,1.7569915,OWID,Brazil
BRA,2009,1.6695747,OWID,Brazil
BRA,2010,1.5955187,OWID,Brazil
BRA,2011,1.5324672,OWID,Brazil
BRA,2012,1.4801226,OWID,Brazil
BRA,2013,1.4368991,OWID,Brazil
BRA,2014,1.4016657,OWID,Brazil
BRA,2015,1.3723711,OWID,Brazil
BRA,2016,1.458489,OWID,Brazil
BRA,2017,1.3275926,OWID,Brazil
BRA,2018,1.3096483,OWID,Brazil
BRA,2019,1.2950882,OWID,Brazil
BRA,2020,1.2817967,OWID,Brazil
BRA,2021,1.270236,OWID,Brazil
BRA,2022,1.2588183,OWID,Brazil
BRA,2023,1.2461936,OWID,Brazil
VGB,1955,9.519277,OWID,British Virgin Islands
VGB,1956,8.9715185,OWID,British Virgin Islands
VGB,1957,8.448654,OWID,British Virgin Islands
VGB,1958,7.9590325,OWID,British Virgin Islands
VGB,1959,7.496975,OWID,British Virgin Islands
VGB,1960,7.060701,OWID,British Virgin Islands
VGB,1961,6.639212,OWID,British Virgin Islands
VGB,1962,6.245258,OWID,British Virgin Islands
VGB,1963,5.8662496,OWID,British Virgin Islands
VGB,1964,5.50693,OWID,British Virgin Islands
VGB,1965,5.1677694,OWID,British Virgin Islands
VGB,1966,4.8572865,OWID,British Virgin Islands
VGB,1967,4.5665865,OWID,British Virgin Islands
VGB,1968,4.302033,OWID,British Virgin Islands
VGB,1969,4.063024,OWID,British Virgin Islands
VGB,1970,3.847589,OWID,British Virgin Islands
VGB,1971,3.6578555,OWID,British Virgin Islands
VGB,1972,3.4900641,OWID,British Virgin Islands
VGB,1973,3.3509316,OWID,British Virgin Islands
VGB,1974,3.2318716,OWID,British Virgin Islands
VGB,1975,3.1369202,OWID,British Virgin Islands
VGB,1976,3.060538,OWID,British Virgin Islands
VGB,1977,2.9892914,OWID,British Virgin Islands
VGB,1978,2.9292517,OWID,British Virgin Islands
VGB,1979,2.8660233,OWID,British Virgin Islands
VGB,1980,2.7974045,OWID,British Virgin Islands
VGB,1981,2.7257879,OWID,British Virgin Islands
VGB,1982,2.6475604,OWID,British Virgin Islands
VGB,1983,2.5628119,OWID,British Virgin Islands
VGB,1984,2.473865,OWID,British Virgin Islands
VGB,1985,2.3800044,OWID,British Virgin Islands
VGB,1986,2.2855072,OWID,British Virgin Islands
VGB,1987,2.18862,OWID,British Virgin Islands
VGB,1988,2.0939739,OWID,British Virgin Islands
VGB,1989,2.0008137,OWID,British Virgin Islands
VGB,1990,1.9137954,OWID,British Virgin Islands
VGB,1991,1.833456,OWID,British Virgin Islands
VGB,1992,1.7624016,OWID,British Virgin Islands
VGB,1993,1.6993792,OWID,British Virgin Islands
VGB,1994,1.6469975,OWID,British Virgin Islands
VGB,1995,1.6006501,OWID,British Virgin Islands
VGB,1996,1.5610543,OWID,British Virgin Islands
VGB,1997,1.5280441,OWID,British Virgin Islands
VGB,1998,1.4997948,OWID,British Virgin Islands
VGB,1999,1.4747046,OWID,British Virgin Islands
VGB,2000,1.4540879,OWID,British Virgin Islands
VGB,2001,1.438026,OWID,British Virgin Islands
VGB,2002,1.4213969,OWID,British Virgin Islands
VGB,2003,1.4083673,OWID,British Virgin Islands
VGB,2004,1.397657,OWID,British Virgin Islands
VGB,2005,1.3925759,OWID,British Virgin Islands
VGB,2006,1.3901147,OWID,British Virgin Islands
VGB,2007,1.3874825,OWID,British Virgin Islands
VGB,2008,1.3889322,OWID,British Virgin Islands
VGB,2009,1.3916978,OWID,British Virgin Islands
VGB,2010,1.3928926,OWID,British Virgin Islands
VGB,2011,1.3971199,OWID,British Virgin Islands
VGB,2012,1.401833,OWID,British Virgin Islands
VGB,2013,1.4082265,OWID,British Virgin Islands
VGB,2014,1.4079131,OWID,British Virgin Islands
VGB,2015,1.4008924,OWID,British Virgin Islands
VGB,2016,1.3816587,OWID,British Virgin Islands
VGB,2017,1.3580749,OWID,British Virgin Islands
VGB,2018,1.3286641,OWID,British Virgin Islands
VGB,2019,1.298264,OWID,British Virgin Islands
VGB,2020,1.2687259,OWID,British Virgin Islands
VGB,2021,1.2338636,OWID,British Virgin Islands
VGB,2022,1.2002906,OWID,British Virgin Islands
VGB,2023,1.1649483,OWID,British Virgin Islands
BRN,1945,19.016106,OWID,Brunei
BRN,1946,17.674568,OWID,Brunei
BRN,1947,16.431944,OWID,Brunei
BRN,1948,15.305475,OWID,Brunei
BRN,1949,14.199024,OWID,Brunei
BRN,1950,13.180558,OWID,Brunei
BRN,1951,12.221682,OWID,Brunei
BRN,1952,11.319994,OWID,Brunei
BRN,1953,10.452254,OWID,Brunei
BRN,1954,9.645112,OWID,Brunei
BRN,1955,8.88316,OWID,Brunei
BRN,1956,8.17725,OWID,Brunei
BRN,1957,7.537315,OWID,Brunei
BRN,1958,6.9487424,OWID,Brunei
BRN,1959,6.418037,OWID,Brunei
BRN,1960,5.9444857,OWID,Brunei
BRN,1961,5.5246816,OWID,Brunei
BRN,1962,5.147296,OWID,Brunei
BRN,1963,4.821409,OWID,Brunei
BRN,1964,4.5365467,OWID,Brunei
BRN,1965,4.293538,OWID,Brunei
BRN,1966,4.084814,OWID,Brunei
BRN,1967,3.9060354,OWID,Brunei
BRN,1968,3.7400513,OWID,Brunei
BRN,1969,3.5804327,OWID,Brunei
BRN,1970,3.4197574,OWID,Brunei
BRN,1971,3.2482266,OWID,Brunei
BRN,1972,3.0672688,OWID,Brunei
BRN,1973,2.8788898,OWID,Brunei
BRN,1974,2.687131,OWID,Brunei
BRN,1975,2.4952967,OWID,Brunei
BRN,1976,2.3091772,OWID,Brunei
BRN,1977,2.1315784,OWID,Brunei
BRN,1978,1.9643881,OWID,Brunei
BRN,1979,1.8091115,OWID,Brunei
BRN,1980,1.6682111,OWID,Brunei
BRN,1981,1.5408843,OWID,Brunei
BRN,1982,1.4287874,OWID,Brunei
BRN,1983,1.3301874,OWID,Brunei
BRN,1984,1.2455451,OWID,Brunei
BRN,1985,1.1750144,OWID,Brunei
BRN,1986,1.1191286,OWID,Brunei
BRN,1987,1.0761486,OWID,Brunei
BRN,1988,1.0479218,OWID,Brunei
BRN,1989,1.0320059,OWID,Brunei
BRN,1990,1.0252144,OWID,Brunei
BRN,1991,1.0233828,OWID,Brunei
BRN,1992,1.0218759,OWID,Brunei
BRN,1993,1.0144769,OWID,Brunei
BRN,1994,0.99810576,OWID,Brunei
BRN,1995,0.9744896,OWID,Brunei
BRN,1996,0.9455524,OWID,Brunei
BRN,1997,0.91401577,OWID,Brunei
BRN,1998,0.88324225,OWID,Brunei
BRN,1999,0.8551676,OWID,Brunei
BRN,2000,0.8309537,OWID,Brunei
BRN,2001,0.81121504,OWID,Brunei
BRN,2002,0.79606384,OWID,Brunei
BRN,2003,0.7858166,OWID,Brunei
BRN,2004,0.7804606,OWID,Brunei
BRN,2005,0.77958655,OWID,Brunei
BRN,2006,0.78208923,OWID,Brunei
BRN,2007,0.7874959,OWID,Brunei
BRN,2008,0.7950323,OWID,Brunei
BRN,2009,0.8035907,OWID,Brunei
BRN,2010,0.81357294,OWID,Brunei
BRN,2011,0.82409793,OWID,Brunei
BRN,2012,0.83419514,OWID,Brunei
BRN,2013,0.8433894,OWID,Brunei
BRN,2014,0.8501568,OWID,Brunei
BRN,2015,0.85498214,OWID,Brunei
BRN,2016,0.85799,OWID,Brunei
BRN,2017,0.8580165,OWID,Brunei
BRN,2018,0.85622084,OWID,Brunei
BRN,2019,0.85288495,OWID,Brunei
BRN,2020,0.8472598,OWID,Brunei
BRN,2021,0.8417975,OWID,Brunei
BRN,2022,0.8345232,OWID,Brunei
BRN,2023,0.82454306,OWID,Brunei
BGR,1949,11.429123,OWID,Bulgaria
BGR,1950,10.752818,OWID,Bulgaria
BGR,1951,10.102509,OWID,Bulgaria
BGR,1952,9.470828,OWID,Bulgaria
BGR,1953,8.840515,OWID,Bulgaria
BGR,1954,8.206533,OWID,Bulgaria
BGR,1955,7.5702095,OWID,Bulgaria
BGR,1956,6.9155593,OWID,Bulgaria
BGR,1957,6.26183,OWID,Bulgaria
BGR,1958,5.621305,OWID,Bulgaria
BGR,1959,5.0286026,OWID,Bulgaria
BGR,1960,4.497053,OWID,Bulgaria
BGR,1961,4.0456047,OWID,Bulgaria
BGR,1962,3.680812,OWID,Bulgaria
BGR,1963,3.4078794,OWID,Bulgaria
BGR,1964,3.230523,OWID,Bulgaria
BGR,1965,3.1500092,OWID,Bulgaria
BGR,1966,3.1226504,OWID,Bulgaria
BGR,1967,3.0848727,OWID,Bulgaria
BGR,1968,3.00247,OWID,Bulgaria
BGR,1969,2.8893268,OWID,Bulgaria
BGR,1970,2.7646406,OWID,Bulgaria
BGR,1971,2.6497092,OWID,Bulgaria
BGR,1972,2.5608618,OWID,Bulgaria
BGR,1973,2.503427,OWID,Bulgaria
BGR,1974,2.4611971,OWID,Bulgaria
BGR,1975,2.4168088,OWID,Bulgaria
BGR,1976,2.3578005,OWID,Bulgaria
BGR,1977,2.2754586,OWID,Bulgaria
BGR,1978,2.1687243,OWID,Bulgaria
BGR,1979,2.059254,OWID,Bulgaria
BGR,1980,1.9622574,OWID,Bulgaria
BGR,1981,1.8798308,OWID,Bulgaria
BGR,1982,1.8069259,OWID,Bulgaria
BGR,1983,1.7383327,OWID,Bulgaria
BGR,1984,1.6637187,OWID,Bulgaria
BGR,1985,1.5770586,OWID,Bulgaria
BGR,1986,1.4942932,OWID,Bulgaria
BGR,1987,1.4364315,OWID,Bulgaria
BGR,1988,1.415046,OWID,Bulgaria
BGR,1989,1.4249845,OWID,Bulgaria
BGR,1990,1.4603972,OWID,Bulgaria
BGR,1991,1.5045844,OWID,Bulgaria
BGR,1992,1.5337265,OWID,Bulgaria
BGR,1993,1.5377822,OWID,Bulgaria
BGR,1994,1.5357221,OWID,Bulgaria
BGR,1995,1.5479615,OWID,Bulgaria
BGR,1996,1.5657928,OWID,Bulgaria
BGR,1997,1.565665,OWID,Bulgaria
BGR,1998,1.5354886,OWID,Bulgaria
BGR,1999,1.4874715,OWID,Bulgaria
BGR,2000,1.4338366,OWID,Bulgaria
BGR,2001,1.3773745,OWID,Bulgaria
BGR,2002,1.3158201,OWID,Bulgaria
BGR,2003,1.2491682,OWID,Bulgaria
BGR,2004,1.1775136,OWID,Bulgaria
BGR,2005,1.1037269,OWID,Bulgaria
BGR,2006,1.0362985,OWID,Bulgaria
BGR,2007,0.9864331,OWID,Bulgaria
BGR,2008,0.95570505,OWID,Bulgaria
BGR,2009,0.9327532,OWID,Bulgaria
BGR,2010,0.906377,OWID,Bulgaria
BGR,2011,0.87171024,OWID,Bulgaria
BGR,2012,0.82781285,OWID,Bulgaria
BGR,2013,0.7769213,OWID,Bulgaria
BGR,2014,0.7262198,OWID,Bulgaria
BGR,2015,0.6808871,OWID,Bulgaria
BGR,2016,0.6418344,OWID,Bulgaria
BGR,2017,0.60795623,OWID,Bulgaria
BGR,2018,0.57857096,OWID,Bulgaria
BGR,2019,0.5546598,OWID,Bulgaria
BGR,2020,0.5358309,OWID,Bulgaria
BGR,2021,0.52107364,OWID,Bulgaria
BGR,2022,0.5093513,OWID,Bulgaria
BGR,2023,0.49956107,OWID,Bulgaria
BFA,1944,18.564762,OWID,Burkina Faso
BFA,1945,18.502954,OWID,Burkina Faso
BFA,1946,18.439981,OWID,Burkina Faso
BFA,1947,18.409765,OWID,Burkina Faso
BFA,1948,18.372202,OWID,Burkina Faso
BFA,1949,18.305628,OWID,Burkina Faso
BFA,1950,18.257072,OWID,Burkina Faso
BFA,1951,18.20545,OWID,Burkina Faso
BFA,1952,18.1251,OWID,Burkina Faso
BFA,1953,18.017597,OWID,Burkina Faso
BFA,1954,17.897242,OWID,Burkina Faso
BFA,1955,17.799044,OWID,Burkina Faso
BFA,1956,17.704176,OWID,Burkina Faso
BFA,1957,17.562843,OWID,Burkina Faso
BFA,1958,17.435427,OWID,Burkina Faso
BFA,1959,17.293043,OWID,Burkina Faso
BFA,1960,17.140387,OWID,Burkina Faso
BFA,1961,17.003983,OWID,Burkina Faso
BFA,1962,16.863798,OWID,Burkina Faso
BFA,1963,16.746017,OWID,Burkina Faso
BFA,1964,16.632568,OWID,Burkina Faso
BFA,1965,16.536133,OWID,Burkina Faso
BFA,1966,16.441397,OWID,Burkina Faso
BFA,1967,16.349018,OWID,Burkina Faso
BFA,1968,16.281925,OWID,Burkina Faso
BFA,1969,16.200914,OWID,Burkina Faso
BFA,1970,16.091606,OWID,Burkina Faso
BFA,1971,15.968739,OWID,Burkina Faso
BFA,1972,15.760963,OWID,Burkina Faso
BFA,1973,15.461513,OWID,Burkina Faso
BFA,1974,15.066903,OWID,Burkina Faso
BFA,1975,14.602423,OWID,Burkina Faso
BFA,1976,14.080977,OWID,Burkina Faso
BFA,1977,13.580448,OWID,Burkina Faso
BFA,1978,13.118662,OWID,Burkina Faso
BFA,1979,12.722716,OWID,Burkina Faso
BFA,1980,12.383303,OWID,Burkina Faso
BFA,1981,12.096348,OWID,Burkina Faso
BFA,1982,11.846282,OWID,Burkina Faso
BFA,1983,11.614292,OWID,Burkina Faso
BFA,1984,11.380874,OWID,Burkina Faso
BFA,1985,11.1468525,OWID,Burkina Faso
BFA,1986,10.906979,OWID,Burkina Faso
BFA,1987,10.687627,OWID,Burkina Faso
BFA,1988,10.502874,OWID,Burkina Faso
BFA,1989,10.36955,OWID,Burkina Faso
BFA,1990,10.285774,OWID,Burkina Faso
BFA,1991,10.251563,OWID,Burkina Faso
BFA,1992,10.226427,OWID,Burkina Faso
BFA,1993,10.201362,OWID,Burkina Faso
BFA,1994,10.144693,OWID,Burkina Faso
BFA,1995,10.057541,OWID,Burkina Faso
BFA,1996,9.924924,OWID,Burkina Faso
BFA,1997,9.769527,OWID,Burkina Faso
BFA,1998,9.598905,OWID,Burkina Faso
BFA,1999,9.423274,OWID,Burkina Faso
BFA,2000,9.244514,OWID,Burkina Faso
BFA,2001,9.047778,OWID,Burkina Faso
BFA,2002,8.827473,OWID,Burkina Faso
BFA,2003,8.589888,OWID,Burkina Faso
BFA,2004,8.321068,OWID,Burkina Faso
BFA,2005,8.026433,OWID,Burkina Faso
BFA,2006,7.713393,OWID,Burkina Faso
BFA,2007,7.3929415,OWID,Burkina Faso
BFA,2008,7.095271,OWID,Burkina Faso
BFA,2009,6.817196,OWID,Burkina Faso
BFA,2010,6.569066,OWID,Burkina Faso
BFA,2011,6.354989,OWID,Burkina Faso
BFA,2012,6.1591983,OWID,Burkina Faso
BFA,2013,5.9753895,OWID,Burkina Faso
BFA,2014,5.798058,OWID,Burkina Faso
BFA,2015,5.6284246,OWID,Burkina Faso
BFA,2016,5.4696083,OWID,Burkina Faso
BFA,2017,5.30831,OWID,Burkina Faso
BFA,2018,5.1608977,OWID,Burkina Faso
BFA,2019,5.0166364,OWID,Burkina Faso
BFA,2020,4.868095,OWID,Burkina Faso
BFA,2021,4.732957,OWID,Burkina Faso
BFA,2022,4.6109333,OWID,Burkina Faso
BFA,2023,4.4803786,OWID,Burkina Faso
BDI,1965,11.401798,OWID,Burundi
BDI,1966,11.530074,OWID,Burundi
BDI,1967,11.665791,OWID,Burundi
BDI,1968,11.786326,OWID,Burundi
BDI,1969,11.88873,OWID,Burundi
BDI,1970,11.968109,OWID,Burundi
BDI,1971,12.027096,OWID,Burundi
BDI,1972,13.636327,OWID,Burundi
BDI,1973,12.14793,OWID,Burundi
BDI,1974,12.197106,OWID,Burundi
BDI,1975,12.233345,OWID,Burundi
BDI,1976,12.219682,OWID,Burundi
BDI,1977,12.127057,OWID,Burundi
BDI,1978,11.936299,OWID,Burundi
BDI,1979,11.645062,OWID,Burundi
BDI,1980,11.282857,OWID,Burundi
BDI,1981,10.851343,OWID,Burundi
BDI,1982,10.384929,OWID,Burundi
BDI,1983,9.929511,OWID,Burundi
BDI,1984,9.539911,OWID,Burundi
BDI,1985,9.253574,OWID,Burundi
BDI,1986,9.084071,OWID,Burundi
BDI,1987,9.019981,OWID,Burundi
BDI,1988,9.053785,OWID,Burundi
BDI,1989,9.146489,OWID,Burundi
BDI,1990,9.263087,OWID,Burundi
BDI,1991,9.394054,OWID,Burundi
BDI,1992,9.508122,OWID,Burundi
BDI,1993,10.094896,OWID,Burundi
BDI,1994,9.626361,OWID,Burundi
BDI,1995,9.627721,OWID,Burundi
BDI,1996,9.578598,OWID,Burundi
BDI,1997,9.471862,OWID,Burundi
BDI,1998,9.30306,OWID,Burundi
BDI,1999,9.097932,OWID,Burundi
BDI,2000,8.863145,OWID,Burundi
BDI,2001,8.609006,OWID,Burundi
BDI,2002,8.33376,OWID,Burundi
BDI,2003,8.042546,OWID,Burundi
BDI,2004,7.713385,OWID,Burundi
BDI,2005,7.3402314,OWID,Burundi
BDI,2006,6.9474497,OWID,Burundi
BDI,2007,6.5585756,OWID,Burundi
BDI,2008,6.1778617,OWID,Burundi
BDI,2009,5.8287315,OWID,Burundi
BDI,2010,5.503367,OWID,Burundi
BDI,2011,5.1896844,OWID,Burundi
BDI,2012,4.9034224,OWID,Burundi
BDI,2013,4.632747,OWID,Burundi
BDI,2014,4.3967557,OWID,Burundi
BDI,2015,4.182735,OWID,Burundi
BDI,2016,4.0020757,OWID,Burundi
BDI,2017,3.837274,OWID,Burundi
BDI,2018,3.6961997,OWID,Burundi
BDI,2019,3.5628495,OWID,Burundi
BDI,2020,3.4489958,OWID,Burundi
BDI,2021,3.338192,OWID,Burundi
BDI,2022,3.2374904,OWID,Burundi
BDI,2023,3.1460824,OWID,Burundi
KHM,1976,24.545368,OWID,Cambodia
KHM,1977,23.522743,OWID,Cambodia
KHM,1978,21.614643,OWID,Cambodia
KHM,1979,13.752684,OWID,Cambodia
KHM,1980,12.208572,OWID,Cambodia
KHM,1981,10.856276,OWID,Cambodia
KHM,1982,9.819312,OWID,Cambodia
KHM,1983,9.171538,OWID,Cambodia
KHM,1984,8.832224,OWID,Cambodia
KHM,1985,8.675024,OWID,Cambodia
KHM,1986,8.620071,OWID,Cambodia
KHM,1987,8.626925,OWID,Cambodia
KHM,1988,8.680608,OWID,Cambodia
KHM,1989,8.76003,OWID,Cambodia
KHM,1990,8.843326,OWID,Cambodia
KHM,1991,8.914435,OWID,Cambodia
KHM,1992,9.013859,OWID,Cambodia
KHM,1993,9.155187,OWID,Cambodia
KHM,1994,9.323813,OWID,Cambodia
KHM,1995,9.47874,OWID,Cambodia
KHM,1996,9.572988,OWID,Cambodia
KHM,1997,9.584336,OWID,Cambodia
KHM,1998,9.481534,OWID,Cambodia
KHM,1999,9.195106,OWID,Cambodia
KHM,2000,8.671522,OWID,Cambodia
KHM,2001,7.944152,OWID,Cambodia
KHM,2002,7.182647,OWID,Cambodia
KHM,2003,6.4998965,OWID,Cambodia
KHM,2004,5.926312,OWID,Cambodia
KHM,2005,5.4514966,OWID,Cambodia
KHM,2006,5.0548506,OWID,Cambodia
KHM,2007,4.7075615,OWID,Cambodia
KHM,2008,4.378265,OWID,Cambodia
KHM,2009,4.064077,OWID,Cambodia
KHM,2010,3.7708,OWID,Cambodia
KHM,2011,3.5061257,OWID,Cambodia
KHM,2012,3.277564,OWID,Cambodia
KHM,2013,3.0785244,OWID,Cambodia
KHM,2014,2.910507,OWID,Cambodia
KHM,2015,2.7707224,OWID,Cambodia
KHM,2016,2.648356,OWID,Cambodia
KHM,2017,2.5394883,OWID,Cambodia
KHM,2018,2.4420404,OWID,Cambodia
KHM,2019,2.3528752,OWID,Cambodia
KHM,2020,2.2649112,OWID,Cambodia
KHM,2021,2.1873724,OWID,Cambodia
KHM,2022,2.1118162,OWID,Cambodia
KHM,2023,2.031686,OWID,Cambodia
CMR,1954,22.347755,OWID,Cameroon
CMR,1955,21.397165,OWID,Cameroon
CMR,1956,20.513666,OWID,Cameroon
CMR,1957,19.665014,OWID,Cameroon
CMR,1958,18.882141,OWID,Cameroon
CMR,1959,18.18046,OWID,Cameroon
CMR,1960,17.576086,OWID,Cameroon
CMR,1961,17.06967,OWID,Cameroon
CMR,1962,16.632124,OWID,Cameroon
CMR,1963,16.248777,OWID,Cameroon
CMR,1964,15.860803,OWID,Cameroon
CMR,1965,15.43011,OWID,Cameroon
CMR,1966,14.963124,OWID,Cameroon
CMR,1967,14.432617,OWID,Cameroon
CMR,1968,13.8614235,OWID,Cameroon
CMR,1969,13.287414,OWID,Cameroon
CMR,1970,12.750613,OWID,Cameroon
CMR,1971,12.287222,OWID,Cameroon
CMR,1972,11.926419,OWID,Cameroon
CMR,1973,11.675288,OWID,Cameroon
CMR,1974,11.51334,OWID,Cameroon
CMR,1975,11.419104,OWID,Cameroon
CMR,1976,11.350288,OWID,Cameroon
CMR,1977,11.263172,OWID,Cameroon
CMR,1978,11.142147,OWID,Cameroon
CMR,1979,10.953511,OWID,Cameroon
CMR,1980,10.707164,OWID,Cameroon
CMR,1981,10.395153,OWID,Cameroon
CMR,1982,10.031503,OWID,Cameroon
CMR,1983,9.64141,OWID,Cameroon
CMR,1984,9.2526,OWID,Cameroon
CMR,1985,8.888865,OWID,Cameroon
CMR,1986,8.574323,OWID,Cameroon
CMR,1987,8.326351,OWID,Cameroon
CMR,1988,8.158195,OWID,Cameroon
CMR,1989,8.0755205,OWID,Cameroon
CMR,1990,8.079803,OWID,Cameroon
CMR,1991,8.155963,OWID,Cameroon
CMR,1992,8.266403,OWID,Cameroon
CMR,1993,8.386797,OWID,Cameroon
CMR,1994,8.496483,OWID,Cameroon
CMR,1995,8.576447,OWID,Cameroon
CMR,1996,8.618254,OWID,Cameroon
CMR,1997,8.612114,OWID,Cameroon
CMR,1998,8.548499,OWID,Cameroon
CMR,1999,8.4402485,OWID,Cameroon
CMR,2000,8.282959,OWID,Cameroon
CMR,2001,8.089493,OWID,Cameroon
CMR,2002,7.882443,OWID,Cameroon
CMR,2003,7.685463,OWID,Cameroon
CMR,2004,7.4937134,OWID,Cameroon
CMR,2005,7.327377,OWID,Cameroon
CMR,2006,7.1347814,OWID,Cameroon
CMR,2007,6.974202,OWID,Cameroon
CMR,2008,6.788288,OWID,Cameroon
CMR,2009,6.632105,OWID,Cameroon
CMR,2010,6.386305,OWID,Cameroon
CMR,2011,6.1952376,OWID,Cameroon
CMR,2012,5.9769335,OWID,Cameroon
CMR,2013,5.738348,OWID,Cameroon
CMR,2014,5.542748,OWID,Cameroon
CMR,2015,5.316318,OWID,Cameroon
CMR,2016,5.1578336,OWID,Cameroon
CMR,2017,4.9723186,OWID,Cameroon
CMR,2018,4.807364,OWID,Cameroon
CMR,2019,4.681288,OWID,Cameroon
CMR,2020,4.528829,OWID,Cameroon
CMR,2021,4.3820643,OWID,Cameroon
CMR,2022,4.247366,OWID,Cameroon
CMR,2023,4.12499,OWID,Cameroon
CAN,1949,4.3239436,OWID,Canada
CAN,1950,4.109115,OWID,Canada
CAN,1951,3.9059916,OWID,Canada
CAN,1952,3.7157223,OWID,Canada
CAN,1953,3.544308,OWID,Canada
CAN,1954,3.395084,OWID,Canada
CAN,1955,3.2652805,OWID,Canada
CAN,1956,3.151691,OWID,Canada
CAN,1957,3.0520632,OWID,Canada
CAN,1958,2.9590766,OWID,Canada
CAN,1959,2.869499,OWID,Canada
CAN,1960,2.7818387,OWID,Canada
CAN,1961,2.6927106,OWID,Canada
CAN,1962,2.6005695,OWID,Canada
CAN,1963,2.5054102,OWID,Canada
CAN,1964,2.4073238,OWID,Canada
CAN,1965,2.3089464,OWID,Canada
CAN,1966,2.2127345,OWID,Canada
CAN,1967,2.1203978,OWID,Canada
CAN,1968,2.0302513,OWID,Canada
CAN,1969,1.9416598,OWID,Canada
CAN,1970,1.8525145,OWID,Canada
CAN,1971,1.7635084,OWID,Canada
CAN,1972,1.6744088,OWID,Canada
CAN,1973,1.5859367,OWID,Canada
CAN,1974,1.4987929,OWID,Canada
CAN,1975,1.4133446,OWID,Canada
CAN,1976,1.3301089,OWID,Canada
CAN,1977,1.2497184,OWID,Canada
CAN,1978,1.1727871,OWID,Canada
CAN,1979,1.1000987,OWID,Canada
CAN,1980,1.032868,OWID,Canada
CAN,1981,0.9719555,OWID,Canada
CAN,1982,0.91804713,OWID,Canada
CAN,1983,0.87158585,OWID,Canada
CAN,1984,0.83301187,OWID,Canada
CAN,1985,0.8009949,OWID,Canada
CAN,1986,0.77367467,OWID,Canada
CAN,1987,0.74930894,OWID,Canada
CAN,1988,0.7265095,OWID,Canada
CAN,1989,0.7036856,OWID,Canada
CAN,1990,0.680354,OWID,Canada
CAN,1991,0.65761036,OWID,Canada
CAN,1992,0.6358756,OWID,Canada
CAN,1993,0.61525995,OWID,Canada
CAN,1994,0.59568876,OWID,Canada
CAN,1995,0.577696,OWID,Canada
CAN,1996,0.5615829,OWID,Canada
CAN,1997,0.54807603,OWID,Canada
CAN,1998,0.5377031,OWID,Canada
CAN,1999,0.5309242,OWID,Canada
CAN,2000,0.5273586,OWID,Canada
CAN,2001,0.5262563,OWID,Canada
CAN,2002,0.52658516,OWID,Canada
CAN,2003,0.52698517,OWID,Canada
CAN,2004,0.5261524,OWID,Canada
CAN,2005,0.5237781,OWID,Canada
CAN,2006,0.5199536,OWID,Canada
CAN,2007,0.51466537,OWID,Canada
CAN,2008,0.5087978,OWID,Canada
CAN,2009,0.5026381,OWID,Canada
CAN,2010,0.496626,OWID,Canada
CAN,2011,0.4905882,OWID,Canada
CAN,2012,0.48445186,OWID,Canada
CAN,2013,0.47831777,OWID,Canada
CAN,2014,0.47222507,OWID,Canada
CAN,2015,0.46627316,OWID,Canada
CAN,2016,0.46090552,OWID,Canada
CAN,2017,0.4563134,OWID,Canada
CAN,2018,0.4526612,OWID,Canada
CAN,2019,0.44958165,OWID,Canada
CAN,2020,0.44730902,OWID,Canada
CAN,2021,0.4459504,OWID,Canada
CAN,2022,0.44517252,OWID,Canada
CAN,2023,0.44341674,OWID,Canada
CPV,1945,15.01193,OWID,Cape Verde
CPV,1946,14.689352,OWID,Cape Verde
CPV,1947,14.354254,OWID,Cape Verde
CPV,1948,14.007296,OWID,Cape Verde
CPV,1949,13.676928,OWID,Cape Verde
CPV,1950,13.355664,OWID,Cape Verde
CPV,1951,13.055756,OWID,Cape Verde
CPV,1952,12.782545,OWID,Cape Verde
CPV,1953,12.520305,OWID,Cape Verde
CPV,1954,12.30375,OWID,Cape Verde
CPV,1955,12.104099,OWID,Cape Verde
CPV,1956,11.925401,OWID,Cape Verde
CPV,1957,11.74495,OWID,Cape Verde
CPV,1958,11.5679865,OWID,Cape Verde
CPV,1959,11.402329,OWID,Cape Verde
CPV,1960,11.231705,OWID,Cape Verde
CPV,1961,11.063705,OWID,Cape Verde
CPV,1962,10.866061,OWID,Cape Verde
CPV,1963,10.679369,OWID,Cape Verde
CPV,1964,10.464109,OWID,Cape Verde
CPV,1965,10.218601,OWID,Cape Verde
CPV,1966,9.942674,OWID,Cape Verde
CPV,1967,9.661492,OWID,Cape Verde
CPV,1968,9.331656,OWID,Cape Verde
CPV,1969,8.981025,OWID,Cape Verde
CPV,1970,8.594265,OWID,Cape Verde
CPV,1971,8.191882,OWID,Cape Verde
CPV,1972,7.7821064,OWID,Cape Verde
CPV,1973,7.370046,OWID,Cape Verde
CPV,1974,6.9758754,OWID,Cape Verde
CPV,1975,6.6110916,OWID,Cape Verde
CPV,1976,6.2871575,OWID,Cape Verde
CPV,1977,6.009863,OWID,Cape Verde
CPV,1978,5.7791257,OWID,Cape Verde
CPV,1979,5.617081,OWID,Cape Verde
CPV,1980,5.518564,OWID,Cape Verde
CPV,1981,5.472674,OWID,Cape Verde
CPV,1982,5.4579334,OWID,Cape Verde
CPV,1983,5.4405003,OWID,Cape Verde
CPV,1984,5.378723,OWID,Cape Verde
CPV,1985,5.25922,OWID,Cape Verde
CPV,1986,5.0700727,OWID,Cape Verde
CPV,1987,4.827266,OWID,Cape Verde
CPV,1988,4.577202,OWID,Cape Verde
CPV,1989,4.360632,OWID,Cape Verde
CPV,1990,4.2071695,OWID,Cape Verde
CPV,1991,4.1320243,OWID,Cape Verde
CPV,1992,4.132802,OWID,Cape Verde
CPV,1993,4.172657,OWID,Cape Verde
CPV,1994,4.20283,OWID,Cape Verde
CPV,1995,4.1792336,OWID,Cape Verde
CPV,1996,4.0619264,OWID,Cape Verde
CPV,1997,3.8396728,OWID,Cape Verde
CPV,1998,3.5501182,OWID,Cape Verde
CPV,1999,3.2329175,OWID,Cape Verde
CPV,2000,2.9364758,OWID,Cape Verde
CPV,2001,2.6980574,OWID,Cape Verde
CPV,2002,2.5320423,OWID,Cape Verde
CPV,2003,2.4313505,OWID,Cape Verde
CPV,2004,2.389491,OWID,Cape Verde
CPV,2005,2.389512,OWID,Cape Verde
CPV,2006,2.4097662,OWID,Cape Verde
CPV,2007,2.4326003,OWID,Cape Verde
CPV,2008,2.4428499,OWID,Cape Verde
CPV,2009,2.4261198,OWID,Cape Verde
CPV,2010,2.3763168,OWID,Cape Verde
CPV,2011,2.294411,OWID,Cape Verde
CPV,2012,2.1826844,OWID,Cape Verde
CPV,2013,2.0498323,OWID,Cape Verde
CPV,2014,1.9028997,OWID,Cape Verde
CPV,2015,1.7559112,OWID,Cape Verde
CPV,2016,1.6204646,OWID,Cape Verde
CPV,2017,1.503038,OWID,Cape Verde
CPV,2018,1.4035714,OWID,Cape Verde
CPV,2019,1.3215209,OWID,Cape Verde
CPV,2020,1.2544328,OWID,Cape Verde
CPV,2021,1.1970314,OWID,Cape Verde
CPV,2022,1.1469043,OWID,Cape Verde
CPV,2023,1.1013621,OWID,Cape Verde
CAF,1959,16.030128,OWID,Central African Republic
CAF,1960,15.822598,OWID,Central African Republic
CAF,1961,15.587291,OWID,Central African Republic
CAF,1962,15.350682,OWID,Central African Republic
CAF,1963,15.097552,OWID,Central African Republic
CAF,1964,14.84131,OWID,Central African Republic
CAF,1965,14.562332,OWID,Central African Republic
CAF,1966,14.286866,OWID,Central African Republic
CAF,1967,14.002976,OWID,Central African Republic
CAF,1968,13.723762,OWID,Central African Republic
CAF,1969,13.439604,OWID,Central African Republic
CAF,1970,13.187913,OWID,Central African Republic
CAF,1971,12.948094,OWID,Central African Republic
CAF,1972,12.725799,OWID,Central African Republic
CAF,1973,12.506031,OWID,Central African Republic
CAF,1974,12.293555,OWID,Central African Republic
CAF,1975,12.100955,OWID,Central African Republic
CAF,1976,11.928892,OWID,Central African Republic
CAF,1977,11.764737,OWID,Central African Republic
CAF,1978,11.616199,OWID,Central African Republic
CAF,1979,11.467341,OWID,Central African Republic
CAF,1980,11.348214,OWID,Central African Republic
CAF,1981,11.249377,OWID,Central African Republic
CAF,1982,11.175677,OWID,Central African Republic
CAF,1983,11.121469,OWID,Central African Republic
CAF,1984,11.074253,OWID,Central African Republic
CAF,1985,11.041223,OWID,Central African Republic
CAF,1986,11.023508,OWID,Central African Republic
CAF,1987,10.995363,OWID,Central African Republic
CAF,1988,10.968959,OWID,Central African Republic
CAF,1989,10.935205,OWID,Central African Republic
CAF,1990,10.898916,OWID,Central African Republic
CAF,1991,10.848501,OWID,Central African Republic
CAF,1992,10.785513,OWID,Central African Republic
CAF,1993,10.713618,OWID,Central African Republic
CAF,1994,10.633198,OWID,Central African Republic
CAF,1995,10.558106,OWID,Central African Republic
CAF,1996,10.46828,OWID,Central African Republic
CAF,1997,10.364553,OWID,Central African Republic
CAF,1998,10.252744,OWID,Central African Republic
CAF,1999,10.12067,OWID,Central African Republic
CAF,2000,9.981232,OWID,Central African Republic
CAF,2001,9.830166,OWID,Central African Republic
CAF,2002,9.653539,OWID,Central African Republic
CAF,2003,9.467395,OWID,Central African Republic
CAF,2004,9.25956,OWID,Central African Republic
CAF,2005,9.047618,OWID,Central African Republic
CAF,2006,8.78053,OWID,Central African Republic
CAF,2007,8.557215,OWID,Central African Republic
CAF,2008,8.356646,OWID,Central African Republic
CAF,2009,23.487692,OWID,Central African Republic
CAF,2010,8.808831,OWID,Central African Republic
CAF,2011,7.806801,OWID,Central African Republic
CAF,2012,7.6491814,OWID,Central African Republic
CAF,2013,8.099956,OWID,Central African Republic
CAF,2014,10.015397,OWID,Central African Republic
CAF,2015,7.237348,OWID,Central African Republic
CAF,2016,7.70277,OWID,Central African Republic
CAF,2017,8.743299,OWID,Central African Republic
CAF,2018,7.399723,OWID,Central African Republic
CAF,2019,12.428842,OWID,Central African Republic
CAF,2020,7.447354,OWID,Central African Republic
CAF,2021,9.364889,OWID,Central African Republic
CAF,2022,18.905819,OWID,Central African Republic
CAF,2023,6.041326,OWID,Central African Republic
TCD,1944,14.763448,OWID,Chad
TCD,1945,14.700903,OWID,Chad
TCD,1946,14.659841,OWID,Chad
TCD,1947,14.620102,OWID,Chad
TCD,1948,14.590769,OWID,Chad
TCD,1949,14.54756,OWID,Chad
TCD,1950,14.518298,OWID,Chad
TCD,1951,14.485187,OWID,Chad
TCD,1952,14.4414215,OWID,Chad
TCD,1953,14.410594,OWID,Chad
TCD,1954,14.382957,OWID,Chad
TCD,1955,14.364386,OWID,Chad
TCD,1956,14.337585,OWID,Chad
TCD,1957,14.2931,OWID,Chad
TCD,1958,14.266629,OWID,Chad
TCD,1959,14.230873,OWID,Chad
TCD,1960,14.197401,OWID,Chad
TCD,1961,14.172631,OWID,Chad
TCD,1962,14.140016,OWID,Chad
TCD,1963,14.097082,OWID,Chad
TCD,1964,14.04383,OWID,Chad
TCD,1965,14.001219,OWID,Chad
TCD,1966,13.943881,OWID,Chad
TCD,1967,13.89015,OWID,Chad
TCD,1968,13.825493,OWID,Chad
TCD,1969,13.762956,OWID,Chad
TCD,1970,13.715289,OWID,Chad
TCD,1971,13.652785,OWID,Chad
TCD,1972,13.599853,OWID,Chad
TCD,1973,13.526338,OWID,Chad
TCD,1974,13.467373,OWID,Chad
TCD,1975,13.394731,OWID,Chad
TCD,1976,13.332925,OWID,Chad
TCD,1977,13.269751,OWID,Chad
TCD,1978,13.194335,OWID,Chad
TCD,1979,13.112242,OWID,Chad
TCD,1980,13.008947,OWID,Chad
TCD,1981,12.907249,OWID,Chad
TCD,1982,12.783729,OWID,Chad
TCD,1983,12.658334,OWID,Chad
TCD,1984,12.52123,OWID,Chad
TCD,1985,12.381813,OWID,Chad
TCD,1986,12.238625,OWID,Chad
TCD,1987,12.085895,OWID,Chad
TCD,1988,11.93716,OWID,Chad
TCD,1989,11.779039,OWID,Chad
TCD,1990,11.624687,OWID,Chad
TCD,1991,11.471991,OWID,Chad
TCD,1992,11.326667,OWID,Chad
TCD,1993,11.194485,OWID,Chad
TCD,1994,11.064152,OWID,Chad
TCD,1995,10.936994,OWID,Chad
TCD,1996,10.808107,OWID,Chad
TCD,1997,10.675363,OWID,Chad
TCD,1998,10.529372,OWID,Chad
TCD,1999,10.370555,OWID,Chad
TCD,2000,10.202563,OWID,Chad
TCD,2001,10.027592,OWID,Chad
TCD,2002,9.845443,OWID,Chad
TCD,2003,9.661926,OWID,Chad
TCD,2004,9.482833,OWID,Chad
TCD,2005,9.297529,OWID,Chad
TCD,2006,9.103353,OWID,Chad
TCD,2007,8.904457,OWID,Chad
TCD,2008,8.699486,OWID,Chad
TCD,2009,8.492405,OWID,Chad
TCD,2010,8.278772,OWID,Chad
TCD,2011,8.070617,OWID,Chad
TCD,2012,7.862301,OWID,Chad
TCD,2013,7.663563,OWID,Chad
TCD,2014,7.4767213,OWID,Chad
TCD,2015,7.2830176,OWID,Chad
TCD,2016,7.1014047,OWID,Chad
TCD,2017,6.920401,OWID,Chad
TCD,2018,6.7356167,OWID,Chad
TCD,2019,6.5467496,OWID,Chad
TCD,2020,6.363541,OWID,Chad
TCD,2021,6.188593,OWID,Chad
TCD,2022,6.0301337,OWID,Chad
TCD,2023,5.868753,OWID,Chad
CHL,1954,11.621385,OWID,Chile
CHL,1955,11.716705,OWID,Chile
CHL,1956,11.876404,OWID,Chile
CHL,1957,12.0984535,OWID,Chile
CHL,1958,12.346914,OWID,Chile
CHL,1959,12.490035,OWID,Chile
CHL,1960,12.401618,OWID,Chile
CHL,1961,12.104656,OWID,Chile
CHL,1962,11.697685,OWID,Chile
CHL,1963,11.205895,OWID,Chile
CHL,1964,10.5279875,OWID,Chile
CHL,1965,9.613702,OWID,Chile
CHL,1966,8.650629,OWID,Chile
CHL,1967,7.8585114,OWID,Chile
CHL,1968,7.322315,OWID,Chile
CHL,1969,6.989161,OWID,Chile
CHL,1970,6.796061,OWID,Chile
CHL,1971,6.6850204,OWID,Chile
CHL,1972,6.594212,OWID,Chile
CHL,1973,6.4410453,OWID,Chile
CHL,1974,6.106982,OWID,Chile
CHL,1975,5.526705,OWID,Chile
CHL,1976,4.819477,OWID,Chile
CHL,1977,4.1480145,OWID,Chile
CHL,1978,3.5896213,OWID,Chile
CHL,1979,3.1458457,OWID,Chile
CHL,1980,2.8041337,OWID,Chile
CHL,1981,2.5316985,OWID,Chile
CHL,1982,2.2955372,OWID,Chile
CHL,1983,2.089499,OWID,Chile
CHL,1984,1.9445782,OWID,Chile
CHL,1985,1.8815811,OWID,Chile
CHL,1986,1.8688017,OWID,Chile
CHL,1987,1.8510671,OWID,Chile
CHL,1988,1.7946446,OWID,Chile
CHL,1989,1.7059768,OWID,Chile
CHL,1990,1.596207,OWID,Chile
CHL,1991,1.4771119,OWID,Chile
CHL,1992,1.3592944,OWID,Chile
CHL,1993,1.2518176,OWID,Chile
CHL,1994,1.162463,OWID,Chile
CHL,1995,1.0963525,OWID,Chile
CHL,1996,1.0510309,OWID,Chile
CHL,1997,1.0205075,OWID,Chile
CHL,1998,0.9970013,OWID,Chile
CHL,1999,0.9667679,OWID,Chile
CHL,2000,0.91924226,OWID,Chile
CHL,2001,0.8652723,OWID,Chile
CHL,2002,0.82345223,OWID,Chile
CHL,2003,0.8005008,OWID,Chile
CHL,2004,0.78732085,OWID,Chile
CHL,2005,0.77481467,OWID,Chile
CHL,2006,0.76337737,OWID,Chile
CHL,2007,0.7571866,OWID,Chile
CHL,2008,0.75667614,OWID,Chile
CHL,2009,0.75608605,OWID,Chile
CHL,2010,0.74915594,OWID,Chile
CHL,2011,0.7365211,OWID,Chile
CHL,2012,0.7223181,OWID,Chile
CHL,2013,0.70884246,OWID,Chile
CHL,2014,0.6960232,OWID,Chile
CHL,2015,0.6836845,OWID,Chile
CHL,2016,0.669299,OWID,Chile
CHL,2017,0.6501662,OWID,Chile
CHL,2018,0.6265711,OWID,Chile
CHL,2019,0.60325736,OWID,Chile
CHL,2020,0.5853944,OWID,Chile
CHL,2021,0.5787918,OWID,Chile
CHL,2022,0.5899701,OWID,Chile
CHL,2023,0.6200564,OWID,Chile
CHN,1969,8.853176,OWID,China
CHN,1970,8.431092,OWID,China
CHN,1971,8.033573,OWID,China
CHN,1972,7.6445465,OWID,China
CHN,1973,7.2535343,OWID,China
CHN,1974,6.8605294,OWID,China
CHN,1975,6.4712296,OWID,China
CHN,1976,6.0911913,OWID,China
CHN,1977,5.731264,OWID,China
CHN,1978,5.4028826,OWID,China
CHN,1979,5.1200438,OWID,China
CHN,1980,4.878534,OWID,China
CHN,1981,4.6809673,OWID,China
CHN,1982,4.5277786,OWID,China
CHN,1983,4.4136243,OWID,China
CHN,1984,4.3424854,OWID,China
CHN,1985,4.304608,OWID,China
CHN,1986,4.2977023,OWID,China
CHN,1987,4.3091564,OWID,China
CHN,1988,4.3267093,OWID,China
CHN,1989,4.3348794,OWID,China
CHN,1990,4.3263197,OWID,China
CHN,1991,4.2946744,OWID,China
CHN,1992,4.227321,OWID,China
CHN,1993,4.126976,OWID,China
CHN,1994,4.0075016,OWID,China
CHN,1995,3.8671048,OWID,China
CHN,1996,3.7174044,OWID,China
CHN,1997,3.5561209,OWID,China
CHN,1998,3.3825388,OWID,China
CHN,1999,3.1946266,OWID,China
CHN,2000,2.99571,OWID,China
CHN,2001,2.7832334,OWID,China
CHN,2002,2.5645635,OWID,China
CHN,2003,2.3450022,OWID,China
CHN,2004,2.1344588,OWID,China
CHN,2005,1.940335,OWID,China
CHN,2006,1.7658306,OWID,China
CHN,2007,1.6112304,OWID,China
CHN,2008,1.475011,OWID,China
CHN,2009,1.3553414,OWID,China
CHN,2010,1.2459676,OWID,China
CHN,2011,1.1454368,OWID,China
CHN,2012,1.0535389,OWID,China
CHN,2013,0.96824646,OWID,China
CHN,2014,0.890364,OWID,China
CHN,2015,0.8197347,OWID,China
CHN,2016,0.7551698,OWID,China
CHN,2017,0.6968164,OWID,China
CHN,2018,0.6443219,OWID,China
CHN,2019,0.59686905,OWID,China
CHN,2020,0.5536195,OWID,China
CHN,2021,0.5142925,OWID,China
CHN,2022,0.47799385,OWID,China
CHN,2023,0.44513127,OWID,China
COL,1954,11.255007,OWID,Colombia
COL,1955,10.95462,OWID,Colombia
COL,1956,10.670346,OWID,Colombia
COL,1957,10.381629,OWID,Colombia
COL,1958,10.098122,OWID,Colombia
COL,1959,9.813417,OWID,Colombia
COL,1960,9.541947,OWID,Colombia
COL,1961,9.281069,OWID,Colombia
COL,1962,9.032207,OWID,Colombia
COL,1963,8.797856,OWID,Colombia
COL,1964,8.576245,OWID,Colombia
COL,1965,8.365823,OWID,Colombia
COL,1966,8.156857,OWID,Colombia
COL,1967,7.9447956,OWID,Colombia
COL,1968,7.735029,OWID,Colombia
COL,1969,7.510518,OWID,Colombia
COL,1970,7.283727,OWID,Colombia
COL,1971,7.050613,OWID,Colombia
COL,1972,6.8055587,OWID,Colombia
COL,1973,6.548079,OWID,Colombia
COL,1974,6.274473,OWID,Colombia
COL,1975,5.995606,OWID,Colombia
COL,1976,5.7105875,OWID,Colombia
COL,1977,5.422705,OWID,Colombia
COL,1978,5.142545,OWID,Colombia
COL,1979,4.8682914,OWID,Colombia
COL,1980,4.604832,OWID,Colombia
COL,1981,4.3565974,OWID,Colombia
COL,1982,4.121144,OWID,Colombia
COL,1983,3.9089227,OWID,Colombia
COL,1984,3.7146714,OWID,Colombia
COL,1985,3.741037,OWID,Colombia
COL,1986,3.3918965,OWID,Colombia
COL,1987,3.2617264,OWID,Colombia
COL,1988,3.1493921,OWID,Colombia
COL,1989,3.0500014,OWID,Colombia
COL,1990,2.9577105,OWID,Colombia
COL,1991,2.870394,OWID,Colombia
COL,1992,2.7848759,OWID,Colombia
COL,1993,2.6999137,OWID,Colombia
COL,1994,2.6156547,OWID,Colombia
COL,1995,2.53291,OWID,Colombia
COL,1996,2.4511354,OWID,Colombia
COL,1997,2.3722343,OWID,Colombia
COL,1998,2.2973442,OWID,Colombia
COL,1999,2.2281668,OWID,Colombia
COL,2000,2.1630194,OWID,Colombia
COL,2001,2.1010141,OWID,Colombia
COL,2002,2.0427966,OWID,Colombia
COL,2003,1.987276,OWID,Colombia
COL,2004,1.9337599,OWID,Colombia
COL,2005,1.8823193,OWID,Colombia
COL,2006,1.831249,OWID,Colombia
COL,2007,1.7804548,OWID,Colombia
COL,2008,1.7291708,OWID,Colombia
COL,2009,1.6782956,OWID,Colombia
COL,2010,1.6292151,OWID,Colombia
COL,2011,1.5804275,OWID,Colombia
COL,2012,1.53167,OWID,Colombia
COL,2013,1.4847198,OWID,Colombia
COL,2014,1.4403492,OWID,Colombia
COL,2015,1.3984131,OWID,Colombia
COL,2016,1.3555107,OWID,Colombia
COL,2017,1.3151426,OWID,Colombia
COL,2018,1.2740188,OWID,Colombia
COL,2019,1.2370886,OWID,Colombia
COL,2020,1.1990325,OWID,Colombia
COL,2021,1.1611931,OWID,Colombia
COL,2022,1.1275983,OWID,Colombia
COL,2023,1.0935143,OWID,Colombia
COM,1973,14.82807,OWID,Comoros
COM,1974,14.546324,OWID,Comoros
COM,1975,14.251252,OWID,Comoros
COM,1976,13.946062,OWID,Comoros
COM,1977,13.640693,OWID,Comoros
COM,1978,13.333755,OWID,Comoros
COM,1979,13.005373,OWID,Comoros
COM,1980,12.66677,OWID,Comoros
COM,1981,12.328051,OWID,Comoros
COM,1982,11.978474,OWID,Comoros
COM,1983,11.626294,OWID,Comoros
COM,1984,11.282988,OWID,Comoros
COM,1985,10.940279,OWID,Comoros
COM,1986,10.61837,OWID,Comoros
COM,1987,10.294699,OWID,Comoros
COM,1988,9.971051,OWID,Comoros
COM,1989,9.6621475,OWID,Comoros
COM,1990,9.347119,OWID,Comoros
COM,1991,9.021228,OWID,Comoros
COM,1992,8.694209,OWID,Comoros
COM,1993,8.371775,OWID,Comoros
COM,1994,8.060001,OWID,Comoros
COM,1995,7.7641816,OWID,Comoros
COM,1996,7.4818654,OWID,Comoros
COM,1997,7.22039,OWID,Comoros
COM,1998,6.9636416,OWID,Comoros
COM,1999,6.7121463,OWID,Comoros
COM,2000,6.4818845,OWID,Comoros
COM,2001,6.2660546,OWID,Comoros
COM,2002,6.0534787,OWID,Comoros
COM,2003,5.847561,OWID,Comoros
COM,2004,5.646713,OWID,Comoros
COM,2005,5.4633355,OWID,Comoros
COM,2006,5.290426,OWID,Comoros
COM,2007,5.12162,OWID,Comoros
COM,2008,4.970765,OWID,Comoros
COM,2009,4.832562,OWID,Comoros
COM,2010,4.702445,OWID,Comoros
COM,2011,4.593068,OWID,Comoros
COM,2012,4.490925,OWID,Comoros
COM,2013,4.398036,OWID,Comoros
COM,2014,4.3173156,OWID,Comoros
COM,2015,4.2470193,OWID,Comoros
COM,2016,4.169952,OWID,Comoros
COM,2017,4.099968,OWID,Comoros
COM,2018,4.0257516,OWID,Comoros
COM,2019,3.9494693,OWID,Comoros
COM,2020,3.8710694,OWID,Comoros
COM,2021,3.7792926,OWID,Comoros
COM,2022,3.6767395,OWID,Comoros
COM,2023,3.5653875,OWID,Comoros
COG,1944,12.667455,OWID,Congo
COG,1945,12.551872,OWID,Congo
COG,1946,12.442106,OWID,Congo
COG,1947,12.363207,OWID,Congo
COG,1948,12.27583,OWID,Congo
COG,1949,12.161007,OWID,Congo
COG,1950,12.044872,OWID,Congo
COG,1951,11.868991,OWID,Congo
COG,1952,11.699033,OWID,Congo
COG,1953,11.5019655,OWID,Congo
COG,1954,11.261407,OWID,Congo
COG,1955,10.99242,OWID,Congo
COG,1956,10.703014,OWID,Congo
COG,1957,10.38505,OWID,Congo
COG,1958,10.087743,OWID,Congo
COG,1959,9.802314,OWID,Congo
COG,1960,9.520935,OWID,Congo
COG,1961,9.269769,OWID,Congo
COG,1962,9.028153,OWID,Congo
COG,1963,8.802032,OWID,Congo
COG,1964,8.573298,OWID,Congo
COG,1965,8.357745,OWID,Congo
COG,1966,8.159921,OWID,Congo
COG,1967,7.9735856,OWID,Congo
COG,1968,7.801301,OWID,Congo
COG,1969,7.6322045,OWID,Congo
COG,1970,7.4700265,OWID,Congo
COG,1971,7.3294673,OWID,Congo
COG,1972,7.188654,OWID,Congo
COG,1973,7.0628266,OWID,Congo
COG,1974,6.958491,OWID,Congo
COG,1975,6.8523116,OWID,Congo
COG,1976,6.7459116,OWID,Congo
COG,1977,6.6379294,OWID,Congo
COG,1978,6.538803,OWID,Congo
COG,1979,6.427541,OWID,Congo
COG,1980,6.325392,OWID,Congo
COG,1981,6.2145834,OWID,Congo
COG,1982,6.102926,OWID,Congo
COG,1983,5.9859924,OWID,Congo
COG,1984,5.860028,OWID,Congo
COG,1985,5.7476244,OWID,Congo
COG,1986,5.6648145,OWID,Congo
COG,1987,5.6108336,OWID,Congo
COG,1988,5.5974884,OWID,Congo
COG,1989,5.6290793,OWID,Congo
COG,1990,5.7170563,OWID,Congo
COG,1991,5.842403,OWID,Congo
COG,1992,6.0091558,OWID,Congo
COG,1993,6.2189093,OWID,Congo
COG,1994,6.443062,OWID,Congo
COG,1995,6.6944942,OWID,Congo
COG,1996,6.93897,OWID,Congo
COG,1997,7.1693506,OWID,Congo
COG,1998,7.3308716,OWID,Congo
COG,1999,7.391729,OWID,Congo
COG,2000,7.3322964,OWID,Congo
COG,2001,7.148661,OWID,Congo
COG,2002,6.8582296,OWID,Congo
COG,2003,6.4820776,OWID,Congo
COG,2004,6.06182,OWID,Congo
COG,2005,5.625776,OWID,Congo
COG,2006,5.2125597,OWID,Congo
COG,2007,4.842056,OWID,Congo
COG,2008,4.5332494,OWID,Congo
COG,2009,4.28592,OWID,Congo
COG,2010,4.097318,OWID,Congo
COG,2011,3.9497426,OWID,Congo
COG,2012,3.8293896,OWID,Congo
COG,2013,3.718384,OWID,Congo
COG,2014,3.6077673,OWID,Congo
COG,2015,3.4955323,OWID,Congo
COG,2016,3.389252,OWID,Congo
COG,2017,3.2905147,OWID,Congo
COG,2018,3.197485,OWID,Congo
COG,2019,3.301838,OWID,Congo
COG,2020,3.0193317,OWID,Congo
COG,2021,2.934353,OWID,Congo
COG,2022,2.845848,OWID,Congo
COG,2023,2.764557,OWID,Congo
COK,1951,14.443493,OWID,Cook Islands
COK,1952,13.692429,OWID,Cook Islands
COK,1953,12.987031,OWID,Cook Islands
COK,1954,12.288686,OWID,Cook Islands
COK,1955,11.626258,OWID,Cook Islands
COK,1956,10.975475,OWID,Cook Islands
COK,1957,10.339907,OWID,Cook Islands
COK,1958,9.708485,OWID,Cook Islands
COK,1959,9.101366,OWID,Cook Islands
COK,1960,8.509724,OWID,Cook Islands
COK,1961,7.9253583,OWID,Cook Islands
COK,1962,7.365218,OWID,Cook Islands
COK,1963,6.8294444,OWID,Cook Islands
COK,1964,6.3238244,OWID,Cook Islands
COK,1965,5.852201,OWID,Cook Islands
COK,1966,5.402155,OWID,Cook Islands
COK,1967,4.985368,OWID,Cook Islands
COK,1968,4.5986857,OWID,Cook Islands
COK,1969,4.253052,OWID,Cook Islands
COK,1970,3.9395013,OWID,Cook Islands
COK,1971,3.6599689,OWID,Cook Islands
COK,1972,3.4168296,OWID,Cook Islands
COK,1973,3.208471,OWID,Cook Islands
COK,1974,3.0379992,OWID,Cook Islands
COK,1975,2.8923767,OWID,Cook Islands
COK,1976,2.7732494,OWID,Cook Islands
COK,1977,2.664919,OWID,Cook Islands
COK,1978,2.5683355,OWID,Cook Islands
COK,1979,2.4774601,OWID,Cook Islands
COK,1980,2.3929236,OWID,Cook Islands
COK,1981,2.317882,OWID,Cook Islands
COK,1982,2.2471988,OWID,Cook Islands
COK,1983,2.1851144,OWID,Cook Islands
COK,1984,2.1299036,OWID,Cook Islands
COK,1985,2.079505,OWID,Cook Islands
COK,1986,2.0403323,OWID,Cook Islands
COK,1987,2.0113316,OWID,Cook Islands
COK,1988,1.9922167,OWID,Cook Islands
COK,1989,1.9831272,OWID,Cook Islands
COK,1990,1.9790345,OWID,Cook Islands
COK,1991,1.9782717,OWID,Cook Islands
COK,1992,1.9748437,OWID,Cook Islands
COK,1993,1.9641887,OWID,Cook Islands
COK,1994,1.9395429,OWID,Cook Islands
COK,1995,1.9013624,OWID,Cook Islands
COK,1996,1.8487291,OWID,Cook Islands
COK,1997,1.7838858,OWID,Cook Islands
COK,1998,1.714064,OWID,Cook Islands
COK,1999,1.6444337,OWID,Cook Islands
COK,2000,1.5776491,OWID,Cook Islands
COK,2001,1.5150533,OWID,Cook Islands
COK,2002,1.4558718,OWID,Cook Islands
COK,2003,1.3988459,OWID,Cook Islands
COK,2004,1.342784,OWID,Cook Islands
COK,2005,1.287638,OWID,Cook Islands
COK,2006,1.2359858,OWID,Cook Islands
COK,2007,1.1889741,OWID,Cook Islands
COK,2008,1.1480672,OWID,Cook Islands
COK,2009,1.1161573,OWID,Cook Islands
COK,2010,1.0949727,OWID,Cook Islands
COK,2011,1.086819,OWID,Cook Islands
COK,2012,1.0905598,OWID,Cook Islands
COK,2013,1.1025743,OWID,Cook Islands
COK,2014,1.121964,OWID,Cook Islands
COK,2015,1.1452738,OWID,Cook Islands
COK,2016,1.1704669,OWID,Cook Islands
COK,2017,1.1968907,OWID,Cook Islands
COK,2018,1.218473,OWID,Cook Islands
COK,2019,1.2297821,OWID,Cook Islands
COK,2020,1.2296063,OWID,Cook Islands
COK,2021,1.2173059,OWID,Cook Islands
COK,2022,1.1994021,OWID,Cook Islands
COK,2023,1.1759062,OWID,Cook Islands
CRI,1949,9.1532755,OWID,Costa Rica
CRI,1950,9.135534,OWID,Costa Rica
CRI,1951,9.116498,OWID,Costa Rica
CRI,1952,9.0821495,OWID,Costa Rica
CRI,1953,9.012669,OWID,Costa Rica
CRI,1954,8.903385,OWID,Costa Rica
CRI,1955,8.726019,OWID,Costa Rica
CRI,1956,8.463461,OWID,Costa Rica
CRI,1957,8.120702,OWID,Costa Rica
CRI,1958,7.742137,OWID,Costa Rica
CRI,1959,7.3793755,OWID,Costa Rica
CRI,1960,7.0891623,OWID,Costa Rica
CRI,1961,6.932657,OWID,Costa Rica
CRI,1962,6.913549,OWID,Costa Rica
CRI,1963,6.9480596,OWID,Costa Rica
CRI,1964,6.9434457,OWID,Costa Rica
CRI,1965,6.878765,OWID,Costa Rica
CRI,1966,6.75663,OWID,Costa Rica
CRI,1967,6.5903673,OWID,Costa Rica
CRI,1968,6.39874,OWID,Costa Rica
CRI,1969,6.198284,OWID,Costa Rica
CRI,1970,5.958033,OWID,Costa Rica
CRI,1971,5.636067,OWID,Costa Rica
CRI,1972,5.2206817,OWID,Costa Rica
CRI,1973,4.743913,OWID,Costa Rica
CRI,1974,4.2391186,OWID,Costa Rica
CRI,1975,3.7337468,OWID,Costa Rica
CRI,1976,3.249584,OWID,Costa Rica
CRI,1977,2.8132102,OWID,Costa Rica
CRI,1978,2.4613404,OWID,Costa Rica
CRI,1979,2.209759,OWID,Costa Rica
CRI,1980,2.0473502,OWID,Costa Rica
CRI,1981,1.9582845,OWID,Costa Rica
CRI,1982,1.924657,OWID,Costa Rica
CRI,1983,1.9147816,OWID,Costa Rica
CRI,1984,1.8996866,OWID,Costa Rica
CRI,1985,1.8633827,OWID,Costa Rica
CRI,1986,1.7967831,OWID,Costa Rica
CRI,1987,1.7035884,OWID,Costa Rica
CRI,1988,1.6033623,OWID,Costa Rica
CRI,1989,1.5141879,OWID,Costa Rica
CRI,1990,1.4405804,OWID,Costa Rica
CRI,1991,1.3828182,OWID,Costa Rica
CRI,1992,1.3390636,OWID,Costa Rica
CRI,1993,1.3075603,OWID,Costa Rica
CRI,1994,1.2862974,OWID,Costa Rica
CRI,1995,1.2707868,OWID,Costa Rica
CRI,1996,1.2550178,OWID,Costa Rica
CRI,1997,1.234763,OWID,Costa Rica
CRI,1998,1.2065634,OWID,Costa Rica
CRI,1999,1.1673757,OWID,Costa Rica
CRI,2000,1.1222113,OWID,Costa Rica
CRI,2001,1.0786378,OWID,Costa Rica
CRI,2002,1.0416257,OWID,Costa Rica
CRI,2003,1.0120016,OWID,Costa Rica
CRI,2004,0.99007595,OWID,Costa Rica
CRI,2005,0.9745396,OWID,Costa Rica
CRI,2006,0.9629014,OWID,Costa Rica
CRI,2007,0.9529595,OWID,Costa Rica
CRI,2008,0.94115347,OWID,Costa Rica
CRI,2009,0.92515904,OWID,Costa Rica
CRI,2010,0.9043582,OWID,Costa Rica
CRI,2011,0.8789357,OWID,Costa Rica
CRI,2012,0.8502849,OWID,Costa Rica
CRI,2013,0.8220522,OWID,Costa Rica
CRI,2014,0.79785544,OWID,Costa Rica
CRI,2015,0.7798027,OWID,Costa Rica
CRI,2016,0.76967174,OWID,Costa Rica
CRI,2017,0.7692191,OWID,Costa Rica
CRI,2018,0.7775109,OWID,Costa Rica
CRI,2019,0.79379076,OWID,Costa Rica
CRI,2020,0.8178959,OWID,Costa Rica
CRI,2021,0.8491311,OWID,Costa Rica
CRI,2022,0.8848811,OWID,Costa Rica
CRI,2023,0.91752434,OWID,Costa Rica
CIV,1956,23.07574,OWID,Cote d'Ivoire
CIV,1957,22.496979,OWID,Cote d'Ivoire
CIV,1958,21.93954,OWID,Cote d'Ivoire
CIV,1959,21.382809,OWID,Cote d'Ivoire
CIV,1960,20.825394,OWID,Cote d'Ivoire
CIV,1961,20.317495,OWID,Cote d'Ivoire
CIV,1962,19.805866,OWID,Cote d'Ivoire
CIV,1963,19.301888,OWID,Cote d'Ivoire
CIV,1964,18.810987,OWID,Cote d'Ivoire
CIV,1965,18.355427,OWID,Cote d'Ivoire
CIV,1966,17.892044,OWID,Cote d'Ivoire
CIV,1967,17.42737,OWID,Cote d'Ivoire
CIV,1968,16.971312,OWID,Cote d'Ivoire
CIV,1969,16.524912,OWID,Cote d'Ivoire
CIV,1970,16.066692,OWID,Cote d'Ivoire
CIV,1971,15.575428,OWID,Cote d'Ivoire
CIV,1972,15.052152,OWID,Cote d'Ivoire
CIV,1973,14.511129,OWID,Cote d'Ivoire
CIV,1974,13.937243,OWID,Cote d'Ivoire
CIV,1975,13.362528,OWID,Cote d'Ivoire
CIV,1976,12.82057,OWID,Cote d'Ivoire
CIV,1977,12.315119,OWID,Cote d'Ivoire
CIV,1978,11.863276,OWID,Cote d'Ivoire
CIV,1979,11.475894,OWID,Cote d'Ivoire
CIV,1980,11.1593895,OWID,Cote d'Ivoire
CIV,1981,10.870926,OWID,Cote d'Ivoire
CIV,1982,10.641739,OWID,Cote d'Ivoire
CIV,1983,10.456622,OWID,Cote d'Ivoire
CIV,1984,10.314695,OWID,Cote d'Ivoire
CIV,1985,10.206508,OWID,Cote d'Ivoire
CIV,1986,10.13674,OWID,Cote d'Ivoire
CIV,1987,10.09072,OWID,Cote d'Ivoire
CIV,1988,10.054863,OWID,Cote d'Ivoire
CIV,1989,10.076584,OWID,Cote d'Ivoire
CIV,1990,10.061509,OWID,Cote d'Ivoire
CIV,1991,10.047559,OWID,Cote d'Ivoire
CIV,1992,10.019008,OWID,Cote d'Ivoire
CIV,1993,9.974107,OWID,Cote d'Ivoire
CIV,1994,9.916979,OWID,Cote d'Ivoire
CIV,1995,9.844779,OWID,Cote d'Ivoire
CIV,1996,9.759418,OWID,Cote d'Ivoire
CIV,1997,9.62905,OWID,Cote d'Ivoire
CIV,1998,9.490538,OWID,Cote d'Ivoire
CIV,1999,9.323012,OWID,Cote d'Ivoire
CIV,2000,9.136466,OWID,Cote d'Ivoire
CIV,2001,8.937838,OWID,Cote d'Ivoire
CIV,2002,8.72671,OWID,Cote d'Ivoire
CIV,2003,8.509039,OWID,Cote d'Ivoire
CIV,2004,8.279054,OWID,Cote d'Ivoire
CIV,2005,8.022198,OWID,Cote d'Ivoire
CIV,2006,7.8083134,OWID,Cote d'Ivoire
CIV,2007,7.5577393,OWID,Cote d'Ivoire
CIV,2008,7.2981143,OWID,Cote d'Ivoire
CIV,2009,7.0882325,OWID,Cote d'Ivoire
CIV,2010,6.880987,OWID,Cote d'Ivoire
CIV,2011,6.699458,OWID,Cote d'Ivoire
CIV,2012,6.4936743,OWID,Cote d'Ivoire
CIV,2013,6.2841706,OWID,Cote d'Ivoire
CIV,2014,6.0801973,OWID,Cote d'Ivoire
CIV,2015,5.8977413,OWID,Cote d'Ivoire
CIV,2016,5.742905,OWID,Cote d'Ivoire
CIV,2017,5.5773478,OWID,Cote d'Ivoire
CIV,2018,5.4123025,OWID,Cote d'Ivoire
CIV,2019,5.232311,OWID,Cote d'Ivoire
CIV,2020,5.085444,OWID,Cote d'Ivoire
CIV,2021,4.921875,OWID,Cote d'Ivoire
CIV,2022,4.787204,OWID,Cote d'Ivoire
CIV,2023,4.661332,OWID,Cote d'Ivoire
HRV,1981,1.9195745,OWID,Croatia
HRV,1982,1.8363813,OWID,Croatia
HRV,1983,1.7538285,OWID,Croatia
HRV,1984,1.6677723,OWID,Croatia
HRV,1985,1.575942,OWID,Croatia
HRV,1986,1.4796524,OWID,Croatia
HRV,1987,1.3824924,OWID,Croatia
HRV,1988,1.2866145,OWID,Croatia
HRV,1989,1.1979542,OWID,Croatia
HRV,1990,1.1197386,OWID,Croatia
HRV,1991,1.1244106,OWID,Croatia
HRV,1992,0.9947319,OWID,Croatia
HRV,1993,0.9450561,OWID,Croatia
HRV,1994,0.9020221,OWID,Croatia
HRV,1995,0.864478,OWID,Croatia
HRV,1996,0.8317277,OWID,Croatia
HRV,1997,0.8013057,OWID,Croatia
HRV,1998,0.7730454,OWID,Croatia
HRV,1999,0.7459309,OWID,Croatia
HRV,2000,0.7192544,OWID,Croatia
HRV,2001,0.69214815,OWID,Croatia
HRV,2002,0.6641356,OWID,Croatia
HRV,2003,0.6576155,OWID,Croatia
HRV,2004,0.6067616,OWID,Croatia
HRV,2005,0.57881916,OWID,Croatia
HRV,2006,0.5521721,OWID,Croatia
HRV,2007,0.5272743,OWID,Croatia
HRV,2008,0.5045407,OWID,Croatia
HRV,2009,0.48439854,OWID,Croatia
HRV,2010,0.4666121,OWID,Croatia
HRV,2011,0.45181087,OWID,Croatia
HRV,2012,0.44002104,OWID,Croatia
HRV,2013,0.43079832,OWID,Croatia
HRV,2014,0.423789,OWID,Croatia
HRV,2015,0.4180238,OWID,Croatia
HRV,2016,0.41327298,OWID,Croatia
HRV,2017,0.40888187,OWID,Croatia
HRV,2018,0.4047097,OWID,Croatia
HRV,2019,0.4007142,OWID,Croatia
HRV,2020,0.39702594,OWID,Croatia
HRV,2021,0.39334577,OWID,Croatia
HRV,2022,0.39012125,OWID,Croatia
HRV,2023,0.38625556,OWID,Croatia
CUB,1958,3.5919015,OWID,Cuba
CUB,1959,3.6196885,OWID,Cuba
CUB,1960,3.6502705,OWID,Cuba
CUB,1961,3.675006,OWID,Cuba
CUB,1962,3.6892245,OWID,Cuba
CUB,1963,3.69157,OWID,Cuba
CUB,1964,3.6738038,OWID,Cuba
CUB,1965,3.6355038,OWID,Cuba
CUB,1966,3.5790453,OWID,Cuba
CUB,1967,3.506341,OWID,Cuba
CUB,1968,3.4125288,OWID,Cuba
CUB,1969,3.298604,OWID,Cuba
CUB,1970,3.1718278,OWID,Cuba
CUB,1971,3.0296736,OWID,Cuba
CUB,1972,2.8818028,OWID,Cuba
CUB,1973,2.7297378,OWID,Cuba
CUB,1974,2.5790365,OWID,Cuba
CUB,1975,2.433387,OWID,Cuba
CUB,1976,2.2918208,OWID,Cuba
CUB,1977,2.1595688,OWID,Cuba
CUB,1978,2.0370295,OWID,Cuba
CUB,1979,1.9248691,OWID,Cuba
CUB,1980,1.8200928,OWID,Cuba
CUB,1981,1.7267197,OWID,Cuba
CUB,1982,1.6387253,OWID,Cuba
CUB,1983,1.5574034,OWID,Cuba
CUB,1984,1.4798492,OWID,Cuba
CUB,1985,1.4072304,OWID,Cuba
CUB,1986,1.3357826,OWID,Cuba
CUB,1987,1.2692958,OWID,Cuba
CUB,1988,1.2042412,OWID,Cuba
CUB,1989,1.14204,OWID,Cuba
CUB,1990,1.0842367,OWID,Cuba
CUB,1991,1.0307938,OWID,Cuba
CUB,1992,0.9793477,OWID,Cuba
CUB,1993,0.93243307,OWID,Cuba
CUB,1994,0.8885666,OWID,Cuba
CUB,1995,0.8484503,OWID,Cuba
CUB,1996,0.81051165,OWID,Cuba
CUB,1997,0.7752365,OWID,Cuba
CUB,1998,0.7420512,OWID,Cuba
CUB,1999,0.7105498,OWID,Cuba
CUB,2000,0.6808054,OWID,Cuba
CUB,2001,0.6529866,OWID,Cuba
CUB,2002,0.62743384,OWID,Cuba
CUB,2003,0.6032599,OWID,Cuba
CUB,2004,0.58076954,OWID,Cuba
CUB,2005,0.5602232,OWID,Cuba
CUB,2006,0.5413739,OWID,Cuba
CUB,2007,0.524298,OWID,Cuba
CUB,2008,0.50928694,OWID,Cuba
CUB,2009,0.49730563,OWID,Cuba
CUB,2010,0.48782352,OWID,Cuba
CUB,2011,0.48079845,OWID,Cuba
CUB,2012,0.4761929,OWID,Cuba
CUB,2013,0.47472477,OWID,Cuba
CUB,2014,0.47659156,OWID,Cuba
CUB,2015,0.482225,OWID,Cuba
CUB,2016,0.4916885,OWID,Cuba
CUB,2017,0.5049756,OWID,Cuba
CUB,2018,0.52239984,OWID,Cuba
CUB,2019,0.5441662,OWID,Cuba
CUB,2020,0.5703756,OWID,Cuba
CUB,2021,0.60042495,OWID,Cuba
CUB,2022,0.6316302,OWID,Cuba
CUB,2023,0.65885746,OWID,Cuba
CYP,1971,3.5443807,OWID,Cyprus
CYP,1972,3.4568624,OWID,Cyprus
CYP,1973,3.3703022,OWID,Cyprus
CYP,1974,3.266834,OWID,Cyprus
CYP,1975,3.1138928,OWID,Cyprus
CYP,1976,2.9111307,OWID,Cyprus
CYP,1977,2.6750908,OWID,Cyprus
CYP,1978,2.4287584,OWID,Cyprus
CYP,1979,2.1903148,OWID,Cyprus
CYP,1980,1.9746166,OWID,Cyprus
CYP,1981,1.7867794,OWID,Cyprus
CYP,1982,1.6176237,OWID,Cyprus
CYP,1983,1.4589514,OWID,Cyprus
CYP,1984,1.3170727,OWID,Cyprus
CYP,1985,1.1968739,OWID,Cyprus
CYP,1986,1.1041865,OWID,Cyprus
CYP,1987,1.0423383,OWID,Cyprus
CYP,1988,1.0121101,OWID,Cyprus
CYP,1989,1.001705,OWID,Cyprus
CYP,1990,0.9926001,OWID,Cyprus
CYP,1991,0.9737448,OWID,Cyprus
CYP,1992,0.9435556,OWID,Cyprus
CYP,1993,0.90083486,OWID,Cyprus
CYP,1994,0.85187334,OWID,Cyprus
CYP,1995,0.8006928,OWID,Cyprus
CYP,1996,0.7520902,OWID,Cyprus
CYP,1997,0.70481443,OWID,Cyprus
CYP,1998,0.6597733,OWID,Cyprus
CYP,1999,0.6167576,OWID,Cyprus
CYP,2000,0.5760668,OWID,Cyprus
CYP,2001,0.5370518,OWID,Cyprus
CYP,2002,0.4989136,OWID,Cyprus
CYP,2003,0.46194175,OWID,Cyprus
CYP,2004,0.42592838,OWID,Cyprus
CYP,2005,0.39186546,OWID,Cyprus
CYP,2006,0.3611056,OWID,Cyprus
CYP,2007,0.33406642,OWID,Cyprus
CYP,2008,0.31143272,OWID,Cyprus
CYP,2009,0.2928636,OWID,Cyprus
CYP,2010,0.27736744,OWID,Cyprus
CYP,2011,0.26464573,OWID,Cyprus
CYP,2012,0.2543538,OWID,Cyprus
CYP,2013,0.24662459,OWID,Cyprus
CYP,2014,0.24162094,OWID,Cyprus
CYP,2015,0.23940474,OWID,Cyprus
CYP,2016,0.2400309,OWID,Cyprus
CYP,2017,0.24293853,OWID,Cyprus
CYP,2018,0.24806598,OWID,Cyprus
CYP,2019,0.2551622,OWID,Cyprus
CYP,2020,0.26402912,OWID,Cyprus
CYP,2021,0.27337658,OWID,Cyprus
CYP,2022,0.28164503,OWID,Cyprus
CYP,2023,0.28629258,OWID,Cyprus
CZE,1950,5.7988777,OWID,Czechia
CZE,1951,4.9635234,OWID,Czechia
CZE,1952,4.2691956,OWID,Czechia
CZE,1953,3.695655,OWID,Czechia
CZE,1954,3.2418125,OWID,Czechia
CZE,1955,2.8890593,OWID,Czechia
CZE,1956,2.6242738,OWID,Czechia
CZE,1957,2.4258926,OWID,Czechia
CZE,1958,2.2814183,OWID,Czechia
CZE,1959,2.1805882,OWID,Czechia
CZE,1960,2.1193285,OWID,Czechia
CZE,1961,2.086832,OWID,Czechia
CZE,1962,2.076299,OWID,Czechia
CZE,1963,2.0828662,OWID,Czechia
CZE,1964,2.0987797,OWID,Czechia
CZE,1965,2.1165457,OWID,Czechia
CZE,1966,2.1313746,OWID,Czechia
CZE,1967,2.1402996,OWID,Czechia
CZE,1968,2.139219,OWID,Czechia
CZE,1969,2.1271892,OWID,Czechia
CZE,1970,2.1061883,OWID,Czechia
CZE,1971,2.0762298,OWID,Czechia
CZE,1972,2.0371685,OWID,Czechia
CZE,1973,1.9926491,OWID,Czechia
CZE,1974,1.9387066,OWID,Czechia
CZE,1975,1.8779933,OWID,Czechia
CZE,1976,1.8084551,OWID,Czechia
CZE,1977,1.7288401,OWID,Czechia
CZE,1978,1.6421574,OWID,Czechia
CZE,1979,1.5522591,OWID,Czechia
CZE,1980,1.4637039,OWID,Czechia
CZE,1981,1.3829073,OWID,Czechia
CZE,1982,1.3192111,OWID,Czechia
CZE,1983,1.2754763,OWID,Czechia
CZE,1984,1.2445601,OWID,Czechia
CZE,1985,1.2189525,OWID,Czechia
CZE,1986,1.1923229,OWID,Czechia
CZE,1987,1.157895,OWID,Czechia
CZE,1988,1.1142077,OWID,Czechia
CZE,1989,1.069947,OWID,Czechia
CZE,1990,1.0308272,OWID,Czechia
CZE,1991,0.9896137,OWID,Czechia
CZE,1992,0.93508786,OWID,Czechia
CZE,1993,0.86415464,OWID,Czechia
CZE,1994,0.7858197,OWID,Czechia
CZE,1995,0.7090695,OWID,Czechia
CZE,1996,0.6380425,OWID,Czechia
CZE,1997,0.5748743,OWID,Czechia
CZE,1998,0.52111334,OWID,Czechia
CZE,1999,0.47839057,OWID,Czechia
CZE,2000,0.44675818,OWID,Czechia
CZE,2001,0.42383903,OWID,Czechia
CZE,2002,0.4050648,OWID,Czechia
CZE,2003,0.3878221,OWID,Czechia
CZE,2004,0.37070575,OWID,Czechia
CZE,2005,0.35286266,OWID,Czechia
CZE,2006,0.33458415,OWID,Czechia
CZE,2007,0.31663677,OWID,Czechia
CZE,2008,0.29991683,OWID,Czechia
CZE,2009,0.28488058,OWID,Czechia
CZE,2010,0.27235034,OWID,Czechia
CZE,2011,0.26263908,OWID,Czechia
CZE,2012,0.2563465,OWID,Czechia
CZE,2013,0.2534725,OWID,Czechia
CZE,2014,0.25347203,OWID,Czechia
CZE,2015,0.25546917,OWID,Czechia
CZE,2016,0.2573548,OWID,Czechia
CZE,2017,0.25676143,OWID,Czechia
CZE,2018,0.2522356,OWID,Czechia
CZE,2019,0.24459226,OWID,Czechia
CZE,2020,0.23509331,OWID,Czechia
CZE,2021,0.22535694,OWID,Czechia
CZE,2022,0.21580055,OWID,Czechia
CZE,2023,0.20731346,OWID,Czechia
COD,1969,12.905905,OWID,Democratic Republic of Congo
COD,1970,12.75373,OWID,Democratic Republic of Congo
COD,1971,12.623637,OWID,Democratic Republic of Congo
COD,1972,12.51242,OWID,Democratic Republic of Congo
COD,1973,12.390469,OWID,Democratic Republic of Congo
COD,1974,12.258884,OWID,Democratic Republic of Congo
COD,1975,12.111072,OWID,Democratic Republic of Congo
COD,1976,11.96669,OWID,Democratic Republic of Congo
COD,1977,11.828454,OWID,Democratic Republic of Congo
COD,1978,11.670403,OWID,Democratic Republic of Congo
COD,1979,11.518393,OWID,Democratic Republic of Congo
COD,1980,11.365629,OWID,Democratic Republic of Congo
COD,1981,11.221506,OWID,Democratic Republic of Congo
COD,1982,11.089553,OWID,Democratic Republic of Congo
COD,1983,10.964732,OWID,Democratic Republic of Congo
COD,1984,10.851796,OWID,Democratic Republic of Congo
COD,1985,10.741099,OWID,Democratic Republic of Congo
COD,1986,10.640394,OWID,Democratic Republic of Congo
COD,1987,10.538894,OWID,Democratic Republic of Congo
COD,1988,10.443698,OWID,Democratic Republic of Congo
COD,1989,10.343347,OWID,Democratic Republic of Congo
COD,1990,10.24048,OWID,Democratic Republic of Congo
COD,1991,10.144374,OWID,Democratic Republic of Congo
COD,1992,10.060662,OWID,Democratic Republic of Congo
COD,1993,9.976106,OWID,Democratic Republic of Congo
COD,1994,9.907459,OWID,Democratic Republic of Congo
COD,1995,9.829037,OWID,Democratic Republic of Congo
COD,1996,9.749536,OWID,Democratic Republic of Congo
COD,1997,9.638648,OWID,Democratic Republic of Congo
COD,1998,9.497407,OWID,Democratic Republic of Congo
COD,1999,9.327263,OWID,Democratic Republic of Congo
COD,2000,9.124569,OWID,Democratic Republic of Congo
COD,2001,8.901256,OWID,Democratic Republic of Congo
COD,2002,8.653487,OWID,Democratic Republic of Congo
COD,2003,8.398333,OWID,Democratic Republic of Congo
COD,2004,8.132642,OWID,Democratic Republic of Congo
COD,2005,7.8616996,OWID,Democratic Republic of Congo
COD,2006,7.5909142,OWID,Democratic Republic of Congo
COD,2007,7.3324385,OWID,Democratic Republic of Congo
COD,2008,7.0744433,OWID,Democratic Republic of Congo
COD,2009,6.8265715,OWID,Democratic Republic of Congo
COD,2010,6.592356,OWID,Democratic Republic of Congo
COD,2011,6.377291,OWID,Democratic Republic of Congo
COD,2012,6.1765466,OWID,Democratic Republic of Congo
COD,2013,5.9868865,OWID,Democratic Republic of Congo
COD,2014,5.79958,OWID,Democratic Republic of Congo
COD,2015,5.618681,OWID,Democratic Republic of Congo
COD,2016,5.4457407,OWID,Democratic Republic of Congo
COD,2017,5.2910657,OWID,Democratic Republic of Congo
COD,2018,5.130561,OWID,Democratic Republic of Congo
COD,2019,4.981473,OWID,Democratic Republic of Congo
COD,2020,4.8378825,OWID,Democratic Republic of Congo
COD,2021,4.7062473,OWID,Democratic Republic of Congo
COD,2022,4.581694,OWID,Democratic Republic of Congo
COD,2023,4.447165,OWID,Democratic Republic of Congo
DNK,1950,2.9204054,OWID,Denmark
DNK,1951,2.8607333,OWID,Denmark
DNK,1952,2.7908926,OWID,Denmark
DNK,1953,2.7073076,OWID,Denmark
DNK,1954,2.6093323,OWID,Denmark
DNK,1955,2.5045066,OWID,Denmark
DNK,1956,2.403284,OWID,Denmark
DNK,1957,2.3137486,OWID,Denmark
DNK,1958,2.2390993,OWID,Denmark
DNK,1959,2.182453,OWID,Denmark
DNK,1960,2.1349254,OWID,Denmark
DNK,1961,2.085837,OWID,Denmark
DNK,1962,2.0271747,OWID,Denmark
DNK,1963,1.9574145,OWID,Denmark
DNK,1964,1.876466,OWID,Denmark
DNK,1965,1.7879515,OWID,Denmark
DNK,1966,1.6966833,OWID,Denmark
DNK,1967,1.6080033,OWID,Denmark
DNK,1968,1.5274327,OWID,Denmark
DNK,1969,1.4578204,OWID,Denmark
DNK,1970,1.3929478,OWID,Denmark
DNK,1971,1.3214493,OWID,Denmark
DNK,1972,1.241052,OWID,Denmark
DNK,1973,1.1597993,OWID,Denmark
DNK,1974,1.0859623,OWID,Denmark
DNK,1975,1.0210325,OWID,Denmark
DNK,1976,0.96492285,OWID,Denmark
DNK,1977,0.9174198,OWID,Denmark
DNK,1978,0.8778375,OWID,Denmark
DNK,1979,0.8455075,OWID,Denmark
DNK,1980,0.82035315,OWID,Denmark
DNK,1981,0.80188465,OWID,Denmark
DNK,1982,0.79027885,OWID,Denmark
DNK,1983,0.78547084,OWID,Denmark
DNK,1984,0.78723323,OWID,Denmark
DNK,1985,0.79250574,OWID,Denmark
DNK,1986,0.79697496,OWID,Denmark
DNK,1987,0.7965145,OWID,Denmark
DNK,1988,0.7867163,OWID,Denmark
DNK,1989,0.7651289,OWID,Denmark
DNK,1990,0.73226213,OWID,Denmark
DNK,1991,0.69143456,OWID,Denmark
DNK,1992,0.64663583,OWID,Denmark
DNK,1993,0.6041508,OWID,Denmark
DNK,1994,0.56797594,OWID,Denmark
DNK,1995,0.53881997,OWID,Denmark
DNK,1996,0.51574194,OWID,Denmark
DNK,1997,0.49810067,OWID,Denmark
DNK,1998,0.4849452,OWID,Denmark
DNK,1999,0.47531393,OWID,Denmark
DNK,2000,0.4671937,OWID,Denmark
DNK,2001,0.4586978,OWID,Denmark
DNK,2002,0.44818473,OWID,Denmark
DNK,2003,0.43566445,OWID,Denmark
DNK,2004,0.4212552,OWID,Denmark
DNK,2005,0.4060007,OWID,Denmark
DNK,2006,0.391133,OWID,Denmark
DNK,2007,0.37737986,OWID,Denmark
DNK,2008,0.36570373,OWID,Denmark
DNK,2009,0.35683864,OWID,Denmark
DNK,2010,0.3510071,OWID,Denmark
DNK,2011,0.34866875,OWID,Denmark
DNK,2012,0.3492247,OWID,Denmark
DNK,2013,0.3509601,OWID,Denmark
DNK,2014,0.35198992,OWID,Denmark
DNK,2015,0.35166955,OWID,Denmark
DNK,2016,0.34921497,OWID,Denmark
DNK,2017,0.34455055,OWID,Denmark
DNK,2018,0.33804414,OWID,Denmark
DNK,2019,0.33063334,OWID,Denmark
DNK,2020,0.32307354,OWID,Denmark
DNK,2021,0.31585717,OWID,Denmark
DNK,2022,0.30922842,OWID,Denmark
DNK,2023,0.3022083,OWID,Denmark
DJI,1978,10.805214,OWID,Djibouti
DJI,1979,10.62369,OWID,Djibouti
DJI,1980,10.459105,OWID,Djibouti
DJI,1981,10.28402,OWID,Djibouti
DJI,1982,10.084665,OWID,Djibouti
DJI,1983,9.899933,OWID,Djibouti
DJI,1984,9.720497,OWID,Djibouti
DJI,1985,9.532406,OWID,Djibouti
DJI,1986,9.356319,OWID,Djibouti
DJI,1987,9.210832,OWID,Djibouti
DJI,1988,9.06022,OWID,Djibouti
DJI,1989,8.933432,OWID,Djibouti
DJI,1990,8.820541,OWID,Djibouti
DJI,1991,8.715744,OWID,Djibouti
DJI,1992,8.64846,OWID,Djibouti
DJI,1993,8.591046,OWID,Djibouti
DJI,1994,8.546601,OWID,Djibouti
DJI,1995,8.501625,OWID,Djibouti
DJI,1996,8.451919,OWID,Djibouti
DJI,1997,8.392498,OWID,Djibouti
DJI,1998,8.307273,OWID,Djibouti
DJI,1999,8.204543,OWID,Djibouti
DJI,2000,8.088989,OWID,Djibouti
DJI,2001,7.9499764,OWID,Djibouti
DJI,2002,7.800276,OWID,Djibouti
DJI,2003,7.6412663,OWID,Djibouti
DJI,2004,7.485281,OWID,Djibouti
DJI,2005,7.3262486,OWID,Djibouti
DJI,2006,7.1623845,OWID,Djibouti
DJI,2007,6.985156,OWID,Djibouti
DJI,2008,6.811792,OWID,Djibouti
DJI,2009,6.655854,OWID,Djibouti
DJI,2010,6.4927297,OWID,Djibouti
DJI,2011,6.326682,OWID,Djibouti
DJI,2012,6.159989,OWID,Djibouti
DJI,2013,5.994859,OWID,Djibouti
DJI,2014,5.83043,OWID,Djibouti
DJI,2015,5.6610727,OWID,Djibouti
DJI,2016,5.511511,OWID,Djibouti
DJI,2017,5.3501954,OWID,Djibouti
DJI,2018,5.1977196,OWID,Djibouti
DJI,2019,5.0372205,OWID,Djibouti
DJI,2020,4.881868,OWID,Djibouti
DJI,2021,4.7323074,OWID,Djibouti
DJI,2022,4.589984,OWID,Djibouti
DJI,2023,4.443628,OWID,Djibouti
DMA,1960,8.190059,OWID,Dominica
DMA,1961,7.5600386,OWID,Dominica
DMA,1962,6.9745317,OWID,Dominica
DMA,1963,6.438134,OWID,Dominica
DMA,1964,5.94141,OWID,Dominica
DMA,1965,5.48427,OWID,Dominica
DMA,1966,5.0649767,OWID,Dominica
DMA,1967,4.6806498,OWID,Dominica
DMA,1968,4.3255177,OWID,Dominica
DMA,1969,3.9992666,OWID,Dominica
DMA,1970,3.7019453,OWID,Dominica
DMA,1971,3.4288912,OWID,Dominica
DMA,1972,3.1803606,OWID,Dominica
DMA,1973,2.9556224,OWID,Dominica
DMA,1974,2.7522635,OWID,Dominica
DMA,1975,2.5703654,OWID,Dominica
DMA,1976,2.407314,OWID,Dominica
DMA,1977,2.2623324,OWID,Dominica
DMA,1978,2.1336243,OWID,Dominica
DMA,1979,2.0212803,OWID,Dominica
DMA,1980,1.922223,OWID,Dominica
DMA,1981,1.8364977,OWID,Dominica
DMA,1982,1.7626344,OWID,Dominica
DMA,1983,1.699618,OWID,Dominica
DMA,1984,1.6466798,OWID,Dominica
DMA,1985,1.6022723,OWID,Dominica
DMA,1986,1.5664015,OWID,Dominica
DMA,1987,1.5388056,OWID,Dominica
DMA,1988,1.5175973,OWID,Dominica
DMA,1989,1.5031475,OWID,Dominica
DMA,1990,1.4943564,OWID,Dominica
DMA,1991,1.4910996,OWID,Dominica
DMA,1992,1.4926096,OWID,Dominica
DMA,1993,1.4990898,OWID,Dominica
DMA,1994,1.5104455,OWID,Dominica
DMA,1995,1.5256608,OWID,Dominica
DMA,1996,1.5449209,OWID,Dominica
DMA,1997,1.5686487,OWID,Dominica
DMA,1998,1.596054,OWID,Dominica
DMA,1999,1.6280059,OWID,Dominica
DMA,2000,1.6632751,OWID,Dominica
DMA,2001,1.7033387,OWID,Dominica
DMA,2002,1.7477599,OWID,Dominica
DMA,2003,1.7962682,OWID,Dominica
DMA,2004,1.8482817,OWID,Dominica
DMA,2005,1.904591,OWID,Dominica
DMA,2006,1.964994,OWID,Dominica
DMA,2007,2.0283868,OWID,Dominica
DMA,2008,2.0964766,OWID,Dominica
DMA,2009,2.169401,OWID,Dominica
DMA,2010,2.2462566,OWID,Dominica
DMA,2011,2.3261085,OWID,Dominica
DMA,2012,2.410226,OWID,Dominica
DMA,2013,2.498352,OWID,Dominica
DMA,2014,2.589011,OWID,Dominica
DMA,2015,2.6838162,OWID,Dominica
DMA,2016,2.779785,OWID,Dominica
DMA,2017,2.8757818,OWID,Dominica
DMA,2018,2.9702237,OWID,Dominica
DMA,2019,3.060705,OWID,Dominica
DMA,2020,3.1425114,OWID,Dominica
DMA,2021,3.21335,OWID,Dominica
DMA,2022,3.272946,OWID,Dominica
DMA,2023,3.3123446,OWID,Dominica
DOM,1951,9.755129,OWID,Dominican Republic
DOM,1952,9.844744,OWID,Dominican Republic
DOM,1953,9.938144,OWID,Dominican Republic
DOM,1954,10.016326,OWID,Dominican Republic
DOM,1955,10.106607,OWID,Dominican Republic
DOM,1956,10.183568,OWID,Dominican Republic
DOM,1957,10.237946,OWID,Dominican Republic
DOM,1958,10.291121,OWID,Dominican Republic
DOM,1959,10.302566,OWID,Dominican Republic
DOM,1960,10.292572,OWID,Dominican Republic
DOM,1961,10.249182,OWID,Dominican Republic
DOM,1962,10.175955,OWID,Dominican Republic
DOM,1963,10.069691,OWID,Dominican Republic
DOM,1964,9.936803,OWID,Dominican Republic
DOM,1965,9.789918,OWID,Dominican Republic
DOM,1966,9.629946,OWID,Dominican Republic
DOM,1967,9.464569,OWID,Dominican Republic
DOM,1968,9.297806,OWID,Dominican Republic
DOM,1969,9.12591,OWID,Dominican Republic
DOM,1970,8.94561,OWID,Dominican Republic
DOM,1971,8.745524,OWID,Dominican Republic
DOM,1972,8.522987,OWID,Dominican Republic
DOM,1973,8.277649,OWID,Dominican Republic
DOM,1974,8.029977,OWID,Dominican Republic
DOM,1975,7.7736645,OWID,Dominican Republic
DOM,1976,7.5278068,OWID,Dominican Republic
DOM,1977,7.2870193,OWID,Dominican Republic
DOM,1978,7.057412,OWID,Dominican Republic
DOM,1979,6.8338003,OWID,Dominican Republic
DOM,1980,6.621325,OWID,Dominican Republic
DOM,1981,6.415057,OWID,Dominican Republic
DOM,1982,6.2149625,OWID,Dominican Republic
DOM,1983,6.024762,OWID,Dominican Republic
DOM,1984,5.8422523,OWID,Dominican Republic
DOM,1985,5.664382,OWID,Dominican Republic
DOM,1986,5.487176,OWID,Dominican Republic
DOM,1987,5.313134,OWID,Dominican Republic
DOM,1988,5.1430025,OWID,Dominican Republic
DOM,1989,4.9725204,OWID,Dominican Republic
DOM,1990,4.8007035,OWID,Dominican Republic
DOM,1991,4.6257725,OWID,Dominican Republic
DOM,1992,4.452187,OWID,Dominican Republic
DOM,1993,4.2778673,OWID,Dominican Republic
DOM,1994,4.1115823,OWID,Dominican Republic
DOM,1995,3.9522107,OWID,Dominican Republic
DOM,1996,3.8048787,OWID,Dominican Republic
DOM,1997,3.6704657,OWID,Dominican Republic
DOM,1998,3.5521445,OWID,Dominican Republic
DOM,1999,3.4505126,OWID,Dominican Republic
DOM,2000,3.3634336,OWID,Dominican Republic
DOM,2001,3.2904832,OWID,Dominican Republic
DOM,2002,3.2309284,OWID,Dominican Republic
DOM,2003,3.1847956,OWID,Dominican Republic
DOM,2004,3.1487348,OWID,Dominican Republic
DOM,2005,3.1211,OWID,Dominican Republic
DOM,2006,3.1004763,OWID,Dominican Republic
DOM,2007,3.087041,OWID,Dominican Republic
DOM,2008,3.077427,OWID,Dominican Republic
DOM,2009,3.0738418,OWID,Dominican Republic
DOM,2010,3.0740788,OWID,Dominican Republic
DOM,2011,3.075724,OWID,Dominican Republic
DOM,2012,3.0822134,OWID,Dominican Republic
DOM,2013,3.093524,OWID,Dominican Republic
DOM,2014,3.104771,OWID,Dominican Republic
DOM,2015,3.1161616,OWID,Dominican Republic
DOM,2016,3.1268718,OWID,Dominican Republic
DOM,2017,3.1307201,OWID,Dominican Republic
DOM,2018,3.1174185,OWID,Dominican Republic
DOM,2019,3.0882406,OWID,Dominican Republic
DOM,2020,3.0403621,OWID,Dominican Republic
DOM,2021,2.9839983,OWID,Dominican Republic
DOM,2022,2.9138334,OWID,Dominican Republic
DOM,2023,2.841308,OWID,Dominican Republic
TLS,1985,20.060019,OWID,East Timor
TLS,1986,19.386995,OWID,East Timor
TLS,1987,18.073639,OWID,East Timor
TLS,1988,17.706015,OWID,East Timor
TLS,1989,16.861181,OWID,East Timor
TLS,1990,16.435503,OWID,East Timor
TLS,1991,16.042183,OWID,East Timor
TLS,1992,15.237059,OWID,East Timor
TLS,1993,14.464636,OWID,East Timor
TLS,1994,13.867611,OWID,East Timor
TLS,1995,13.788273,OWID,East Timor
TLS,1996,13.176478,OWID,East Timor
TLS,1997,12.589655,OWID,East Timor
TLS,1998,12.623606,OWID,East Timor
TLS,1999,13.033361,OWID,East Timor
TLS,2000,8.391103,OWID,East Timor
TLS,2001,7.9875593,OWID,East Timor
TLS,2002,7.598223,OWID,East Timor
TLS,2003,7.2242017,OWID,East Timor
TLS,2004,6.871091,OWID,East Timor
TLS,2005,6.533814,OWID,East Timor
TLS,2006,6.221477,OWID,East Timor
TLS,2007,5.9346533,OWID,East Timor
TLS,2008,5.6677613,OWID,East Timor
TLS,2009,5.4267097,OWID,East Timor
TLS,2010,5.207454,OWID,East Timor
TLS,2011,5.0026593,OWID,East Timor
TLS,2012,4.8244004,OWID,East Timor
TLS,2013,4.659085,OWID,East Timor
TLS,2014,4.5107265,OWID,East Timor
TLS,2015,4.3778057,OWID,East Timor
TLS,2016,4.2614436,OWID,East Timor
TLS,2017,4.156986,OWID,East Timor
TLS,2018,4.06952,OWID,East Timor
TLS,2019,3.98585,OWID,East Timor
TLS,2020,3.8899262,OWID,East Timor
TLS,2021,3.7912226,OWID,East Timor
TLS,2022,3.6918478,OWID,East Timor
TLS,2023,3.592704,OWID,East Timor
ECU,1955,14.919966,OWID,Ecuador
ECU,1956,14.477095,OWID,Ecuador
ECU,1957,14.071083,OWID,Ecuador
ECU,1958,13.654107,OWID,Ecuador
ECU,1959,13.269977,OWID,Ecuador
ECU,1960,12.882985,OWID,Ecuador
ECU,1961,12.518077,OWID,Ecuador
ECU,1962,12.162425,OWID,Ecuador
ECU,1963,11.832047,OWID,Ecuador
ECU,1964,11.532764,OWID,Ecuador
ECU,1965,11.2718525,OWID,Ecuador
ECU,1966,11.034498,OWID,Ecuador
ECU,1967,10.831835,OWID,Ecuador
ECU,1968,10.638689,OWID,Ecuador
ECU,1969,10.458536,OWID,Ecuador
ECU,1970,10.255967,OWID,Ecuador
ECU,1971,10.026109,OWID,Ecuador
ECU,1972,9.756938,OWID,Ecuador
ECU,1973,9.428959,OWID,Ecuador
ECU,1974,9.081244,OWID,Ecuador
ECU,1975,8.709218,OWID,Ecuador
ECU,1976,8.33681,OWID,Ecuador
ECU,1977,7.984747,OWID,Ecuador
ECU,1978,7.649809,OWID,Ecuador
ECU,1979,7.3322124,OWID,Ecuador
ECU,1980,7.007709,OWID,Ecuador
ECU,1981,6.686268,OWID,Ecuador
ECU,1982,6.3574014,OWID,Ecuador
ECU,1983,6.030874,OWID,Ecuador
ECU,1984,5.7110014,OWID,Ecuador
ECU,1985,5.4134564,OWID,Ecuador
ECU,1986,5.1448803,OWID,Ecuador
ECU,1987,4.897999,OWID,Ecuador
ECU,1988,4.671663,OWID,Ecuador
ECU,1989,4.4640365,OWID,Ecuador
ECU,1990,4.262329,OWID,Ecuador
ECU,1991,4.064669,OWID,Ecuador
ECU,1992,3.8727973,OWID,Ecuador
ECU,1993,3.6765053,OWID,Ecuador
ECU,1994,3.476966,OWID,Ecuador
ECU,1995,3.2747731,OWID,Ecuador
ECU,1996,3.0747561,OWID,Ecuador
ECU,1997,2.8834965,OWID,Ecuador
ECU,1998,2.7094479,OWID,Ecuador
ECU,1999,2.5529218,OWID,Ecuador
ECU,2000,2.4148521,OWID,Ecuador
ECU,2001,2.2953346,OWID,Ecuador
ECU,2002,2.1944892,OWID,Ecuador
ECU,2003,2.1067739,OWID,Ecuador
ECU,2004,2.0276268,OWID,Ecuador
ECU,2005,1.9527178,OWID,Ecuador
ECU,2006,1.8836106,OWID,Ecuador
ECU,2007,1.8142962,OWID,Ecuador
ECU,2008,1.743168,OWID,Ecuador
ECU,2009,1.6706364,OWID,Ecuador
ECU,2010,1.5993809,OWID,Ecuador
ECU,2011,1.5290197,OWID,Ecuador
ECU,2012,1.4605066,OWID,Ecuador
ECU,2013,1.3966173,OWID,Ecuador
ECU,2014,1.3396896,OWID,Ecuador
ECU,2015,1.2915542,OWID,Ecuador
ECU,2016,1.2517247,OWID,Ecuador
ECU,2017,1.2187418,OWID,Ecuador
ECU,2018,1.1911714,OWID,Ecuador
ECU,2019,1.1682686,OWID,Ecuador
ECU,2020,1.1490438,OWID,Ecuador
ECU,2021,1.1334082,OWID,Ecuador
ECU,2022,1.1209651,OWID,Ecuador
ECU,2023,1.1094198,OWID,Ecuador
EGY,1955,18.542482,OWID,Egypt
EGY,1956,18.225252,OWID,Egypt
EGY,1957,17.888996,OWID,Egypt
EGY,1958,17.572561,OWID,Egypt
EGY,1959,17.230701,OWID,Egypt
EGY,1960,16.870636,OWID,Egypt
EGY,1961,16.483362,OWID,Egypt
EGY,1962,16.097723,OWID,Egypt
EGY,1963,15.728873,OWID,Egypt
EGY,1964,15.394044,OWID,Egypt
EGY,1965,15.114235,OWID,Egypt
EGY,1966,14.91597,OWID,Egypt
EGY,1967,14.779536,OWID,Egypt
EGY,1968,14.719044,OWID,Egypt
EGY,1969,14.710379,OWID,Egypt
EGY,1970,14.725004,OWID,Egypt
EGY,1971,14.730304,OWID,Egypt
EGY,1972,14.7005005,OWID,Egypt
EGY,1973,14.589677,OWID,Egypt
EGY,1974,14.377982,OWID,Egypt
EGY,1975,14.075393,OWID,Egypt
EGY,1976,13.698606,OWID,Egypt
EGY,1977,13.269703,OWID,Egypt
EGY,1978,12.813095,OWID,Egypt
EGY,1979,12.337418,OWID,Egypt
EGY,1980,11.8434305,OWID,Egypt
EGY,1981,11.3233185,OWID,Egypt
EGY,1982,10.766513,OWID,Egypt
EGY,1983,10.170448,OWID,Egypt
EGY,1984,9.534316,OWID,Egypt
EGY,1985,8.897895,OWID,Egypt
EGY,1986,8.314493,OWID,Egypt
EGY,1987,7.805471,OWID,Egypt
EGY,1988,7.3776584,OWID,Egypt
EGY,1989,7.02694,OWID,Egypt
EGY,1990,6.7302227,OWID,Egypt
EGY,1991,6.452725,OWID,Egypt
EGY,1992,6.1789675,OWID,Egypt
EGY,1993,5.8952827,OWID,Egypt
EGY,1994,5.596635,OWID,Egypt
EGY,1995,5.290501,OWID,Egypt
EGY,1996,4.987724,OWID,Egypt
EGY,1997,4.7012,OWID,Egypt
EGY,1998,4.4321747,OWID,Egypt
EGY,1999,4.1835046,OWID,Egypt
EGY,2000,3.9567165,OWID,Egypt
EGY,2001,3.753439,OWID,Egypt
EGY,2002,3.569926,OWID,Egypt
EGY,2003,3.4048078,OWID,Egypt
EGY,2004,3.256795,OWID,Egypt
EGY,2005,3.1233156,OWID,Egypt
EGY,2006,2.9999907,OWID,Egypt
EGY,2007,2.884317,OWID,Egypt
EGY,2008,2.772353,OWID,Egypt
EGY,2009,2.6671438,OWID,Egypt
EGY,2010,2.5620956,OWID,Egypt
EGY,2011,2.462779,OWID,Egypt
EGY,2012,2.3706033,OWID,Egypt
EGY,2013,2.28163,OWID,Egypt
EGY,2014,2.1954124,OWID,Egypt
EGY,2015,2.1201398,OWID,Egypt
EGY,2016,2.0490825,OWID,Egypt
EGY,2017,1.978616,OWID,Egypt
EGY,2018,1.9064695,OWID,Egypt
EGY,2019,1.8437024,OWID,Egypt
EGY,2020,1.7799453,OWID,Egypt
EGY,2021,1.7238215,OWID,Egypt
EGY,2022,1.6661743,OWID,Egypt
EGY,2023,1.6145948,OWID,Egypt
SLV,1955,13.5377245,OWID,El Salvador
SLV,1956,13.339289,OWID,El Salvador
SLV,1957,13.121323,OWID,El Salvador
SLV,1958,12.92669,OWID,El Salvador
SLV,1959,12.743775,OWID,El Salvador
SLV,1960,12.547275,OWID,El Salvador
SLV,1961,12.364731,OWID,El Salvador
SLV,1962,12.192498,OWID,El Salvador
SLV,1963,12.024412,OWID,El Salvador
SLV,1964,11.859146,OWID,El Salvador
SLV,1965,11.69615,OWID,El Salvador
SLV,1966,11.525281,OWID,El Salvador
SLV,1967,11.365285,OWID,El Salvador
SLV,1968,11.200447,OWID,El Salvador
SLV,1969,11.030974,OWID,El Salvador
SLV,1970,10.860348,OWID,El Salvador
SLV,1971,10.682828,OWID,El Salvador
SLV,1972,10.485284,OWID,El Salvador
SLV,1973,10.266169,OWID,El Salvador
SLV,1974,10.020954,OWID,El Salvador
SLV,1975,9.746086,OWID,El Salvador
SLV,1976,9.448797,OWID,El Salvador
SLV,1977,9.1238165,OWID,El Salvador
SLV,1978,8.777383,OWID,El Salvador
SLV,1979,8.420169,OWID,El Salvador
SLV,1980,8.826961,OWID,El Salvador
SLV,1981,7.662651,OWID,El Salvador
SLV,1982,7.278656,OWID,El Salvador
SLV,1983,6.900774,OWID,El Salvador
SLV,1984,6.529033,OWID,El Salvador
SLV,1985,6.1707754,OWID,El Salvador
SLV,1986,5.833148,OWID,El Salvador
SLV,1987,5.518272,OWID,El Salvador
SLV,1988,5.229626,OWID,El Salvador
SLV,1989,4.962614,OWID,El Salvador
SLV,1990,4.710688,OWID,El Salvador
SLV,1991,4.469096,OWID,El Salvador
SLV,1992,4.2379117,OWID,El Salvador
SLV,1993,4.0103755,OWID,El Salvador
SLV,1994,3.7877698,OWID,El Salvador
SLV,1995,3.5733237,OWID,El Salvador
SLV,1996,3.3631563,OWID,El Salvador
SLV,1997,3.1642976,OWID,El Salvador
SLV,1998,2.9781463,OWID,El Salvador
SLV,1999,2.809217,OWID,El Salvador
SLV,2000,2.648883,OWID,El Salvador
SLV,2001,2.502615,OWID,El Salvador
SLV,2002,2.3669283,OWID,El Salvador
SLV,2003,2.2397752,OWID,El Salvador
SLV,2004,2.1178434,OWID,El Salvador
SLV,2005,2.0057347,OWID,El Salvador
SLV,2006,1.9019217,OWID,El Salvador
SLV,2007,1.8067558,OWID,El Salvador
SLV,2008,1.7174834,OWID,El Salvador
SLV,2009,1.6362334,OWID,El Salvador
SLV,2010,1.5612162,OWID,El Salvador
SLV,2011,1.4902875,OWID,El Salvador
SLV,2012,1.4264271,OWID,El Salvador
SLV,2013,1.3641374,OWID,El Salvador
SLV,2014,1.3062567,OWID,El Salvador
SLV,2015,1.2526684,OWID,El Salvador
SLV,2016,1.2020283,OWID,El Salvador
SLV,2017,1.1528068,OWID,El Salvador
SLV,2018,1.1050878,OWID,El Salvador
SLV,2019,1.0610061,OWID,El Salvador
SLV,2020,1.0216798,OWID,El Salvador
SLV,2021,0.98448414,OWID,El Salvador
SLV,2022,0.9493193,OWID,El Salvador
SLV,2023,0.91705537,OWID,El Salvador
GNQ,1982,12.914561,OWID,Equatorial Guinea
GNQ,1983,12.7010975,OWID,Equatorial Guinea
GNQ,1984,12.479923,OWID,Equatorial Guinea
GNQ,1985,12.289376,OWID,Equatorial Guinea
GNQ,1986,12.13431,OWID,Equatorial Guinea
GNQ,1987,12.02739,OWID,Equatorial Guinea
GNQ,1988,11.945613,OWID,Equatorial Guinea
GNQ,1989,11.898595,OWID,Equatorial Guinea
GNQ,1990,11.854288,OWID,Equatorial Guinea
GNQ,1991,11.805993,OWID,Equatorial Guinea
GNQ,1992,11.76559,OWID,Equatorial Guinea
GNQ,1993,11.72343,OWID,Equatorial Guinea
GNQ,1994,11.671329,OWID,Equatorial Guinea
GNQ,1995,11.589811,OWID,Equatorial Guinea
GNQ,1996,11.483768,OWID,Equatorial Guinea
GNQ,1997,11.350001,OWID,Equatorial Guinea
GNQ,1998,11.1551,OWID,Equatorial Guinea
GNQ,1999,10.918449,OWID,Equatorial Guinea
GNQ,2000,10.64572,OWID,Equatorial Guinea
GNQ,2001,10.3404875,OWID,Equatorial Guinea
GNQ,2002,10.03885,OWID,Equatorial Guinea
GNQ,2003,9.723235,OWID,Equatorial Guinea
GNQ,2004,9.386867,OWID,Equatorial Guinea
GNQ,2005,9.058337,OWID,Equatorial Guinea
GNQ,2006,8.725904,OWID,Equatorial Guinea
GNQ,2007,8.407266,OWID,Equatorial Guinea
GNQ,2008,8.078647,OWID,Equatorial Guinea
GNQ,2009,7.78625,OWID,Equatorial Guinea
GNQ,2010,7.5057673,OWID,Equatorial Guinea
GNQ,2011,7.2390604,OWID,Equatorial Guinea
GNQ,2012,6.988391,OWID,Equatorial Guinea
GNQ,2013,6.7614417,OWID,Equatorial Guinea
GNQ,2014,6.545793,OWID,Equatorial Guinea
GNQ,2015,6.3397374,OWID,Equatorial Guinea
GNQ,2016,6.128899,OWID,Equatorial Guinea
GNQ,2017,5.944981,OWID,Equatorial Guinea
GNQ,2018,5.766678,OWID,Equatorial Guinea
GNQ,2019,5.6112556,OWID,Equatorial Guinea
GNQ,2020,5.426923,OWID,Equatorial Guinea
GNQ,2021,5.2612734,OWID,Equatorial Guinea
GNQ,2022,5.087781,OWID,Equatorial Guinea
GNQ,2023,4.9109445,OWID,Equatorial Guinea
ERI,1975,11.841045,OWID,Eritrea
ERI,1976,9.582358,OWID,Eritrea
ERI,1977,9.457497,OWID,Eritrea
ERI,1978,9.359869,OWID,Eritrea
ERI,1979,9.290031,OWID,Eritrea
ERI,1980,9.228922,OWID,Eritrea
ERI,1981,9.168573,OWID,Eritrea
ERI,1982,9.102876,OWID,Eritrea
ERI,1983,14.349215,OWID,Eritrea
ERI,1984,14.142874,OWID,Eritrea
ERI,1985,13.652582,OWID,Eritrea
ERI,1986,13.428493,OWID,Eritrea
ERI,1987,8.64768,OWID,Eritrea
ERI,1988,8.47374,OWID,Eritrea
ERI,1989,8.2689495,OWID,Eritrea
ERI,1990,8.028844,OWID,Eritrea
ERI,1991,7.7423897,OWID,Eritrea
ERI,1992,7.4221754,OWID,Eritrea
ERI,1993,7.076713,OWID,Eritrea
ERI,1994,6.7199483,OWID,Eritrea
ERI,1995,6.371205,OWID,Eritrea
ERI,1996,6.045283,OWID,Eritrea
ERI,1997,5.7573137,OWID,Eritrea
ERI,1998,5.504582,OWID,Eritrea
ERI,1999,6.016228,OWID,Eritrea
ERI,2000,5.079318,OWID,Eritrea
ERI,2001,4.9029574,OWID,Eritrea
ERI,2002,4.745522,OWID,Eritrea
ERI,2003,4.598211,OWID,Eritrea
ERI,2004,4.4620013,OWID,Eritrea
ERI,2005,4.334234,OWID,Eritrea
ERI,2006,4.2110033,OWID,Eritrea
ERI,2007,4.091872,OWID,Eritrea
ERI,2008,3.9773626,OWID,Eritrea
ERI,2009,3.8630235,OWID,Eritrea
ERI,2010,3.7543368,OWID,Eritrea
ERI,2011,3.6490128,OWID,Eritrea
ERI,2012,3.5465703,OWID,Eritrea
ERI,2013,3.438076,OWID,Eritrea
ERI,2014,3.3394186,OWID,Eritrea
ERI,2015,3.237473,OWID,Eritrea
ERI,2016,3.144081,OWID,Eritrea
ERI,2017,3.0584724,OWID,Eritrea
ERI,2018,2.9632678,OWID,Eritrea
ERI,2019,2.8745508,OWID,Eritrea
ERI,2020,2.7916768,OWID,Eritrea
ERI,2021,2.717218,OWID,Eritrea
ERI,2022,2.6366,OWID,Eritrea
ERI,2023,2.5525486,OWID,Eritrea
EST,1980,1.7600608,OWID,Estonia
EST,1981,1.6981306,OWID,Estonia
EST,1982,1.6403936,OWID,Estonia
EST,1983,1.5878937,OWID,Estonia
EST,1984,1.542259,OWID,Estonia
EST,1985,1.5031563,OWID,Estonia
EST,1986,1.4728438,OWID,Estonia
EST,1987,1.4487941,OWID,Estonia
EST,1988,1.4302663,OWID,Estonia
EST,1989,1.4157671,OWID,Estonia
EST,1990,1.4032056,OWID,Estonia
EST,1991,1.3916003,OWID,Estonia
EST,1992,1.3747021,OWID,Estonia
EST,1993,1.347075,OWID,Estonia
EST,1994,1.3038054,OWID,Estonia
EST,1995,1.2476404,OWID,Estonia
EST,1996,1.1804683,OWID,Estonia
EST,1997,1.1060375,OWID,Estonia
EST,1998,1.0293835,OWID,Estonia
EST,1999,0.9530022,OWID,Estonia
EST,2000,0.87867564,OWID,Estonia
EST,2001,0.8069955,OWID,Estonia
EST,2002,0.7389907,OWID,Estonia
EST,2003,0.6752196,OWID,Estonia
EST,2004,0.6164249,OWID,Estonia
EST,2005,0.5624016,OWID,Estonia
EST,2006,0.5127933,OWID,Estonia
EST,2007,0.46739802,OWID,Estonia
EST,2008,0.42648184,OWID,Estonia
EST,2009,0.38940623,OWID,Estonia
EST,2010,0.3569322,OWID,Estonia
EST,2011,0.3281263,OWID,Estonia
EST,2012,0.30291924,OWID,Estonia
EST,2013,0.28120637,OWID,Estonia
EST,2014,0.26211974,OWID,Estonia
EST,2015,0.24527413,OWID,Estonia
EST,2016,0.2302573,OWID,Estonia
EST,2017,0.21674928,OWID,Estonia
EST,2018,0.20487136,OWID,Estonia
EST,2019,0.19421892,OWID,Estonia
EST,2020,0.18441987,OWID,Estonia
EST,2021,0.17551856,OWID,Estonia
EST,2022,0.16722475,OWID,Estonia
EST,2023,0.15979616,OWID,Estonia
SWZ,1949,14.593785,OWID,Eswatini
SWZ,1950,14.500822,OWID,Eswatini
SWZ,1951,14.41373,OWID,Eswatini
SWZ,1952,14.338943,OWID,Eswatini
SWZ,1953,14.2250805,OWID,Eswatini
SWZ,1954,14.137782,OWID,Eswatini
SWZ,1955,14.066957,OWID,Eswatini
SWZ,1956,13.986175,OWID,Eswatini
SWZ,1957,13.891736,OWID,Eswatini
SWZ,1958,13.784137,OWID,Eswatini
SWZ,1959,13.666322,OWID,Eswatini
SWZ,1960,13.544663,OWID,Eswatini
SWZ,1961,13.404261,OWID,Eswatini
SWZ,1962,13.2609005,OWID,Eswatini
SWZ,1963,13.100985,OWID,Eswatini
SWZ,1964,12.93781,OWID,Eswatini
SWZ,1965,12.756738,OWID,Eswatini
SWZ,1966,12.570089,OWID,Eswatini
SWZ,1967,12.362582,OWID,Eswatini
SWZ,1968,12.141074,OWID,Eswatini
SWZ,1969,11.929136,OWID,Eswatini
SWZ,1970,11.68042,OWID,Eswatini
SWZ,1971,11.408653,OWID,Eswatini
SWZ,1972,11.115383,OWID,Eswatini
SWZ,1973,10.814529,OWID,Eswatini
SWZ,1974,10.484659,OWID,Eswatini
SWZ,1975,10.134936,OWID,Eswatini
SWZ,1976,9.78604,OWID,Eswatini
SWZ,1977,9.44316,OWID,Eswatini
SWZ,1978,9.098888,OWID,Eswatini
SWZ,1979,8.764189,OWID,Eswatini
SWZ,1980,8.427592,OWID,Eswatini
SWZ,1981,8.090028,OWID,Eswatini
SWZ,1982,7.75323,OWID,Eswatini
SWZ,1983,8.011708,OWID,Eswatini
SWZ,1984,7.064539,OWID,Eswatini
SWZ,1985,6.7444563,OWID,Eswatini
SWZ,1986,6.445385,OWID,Eswatini
SWZ,1987,6.176194,OWID,Eswatini
SWZ,1988,5.948462,OWID,Eswatini
SWZ,1989,5.775321,OWID,Eswatini
SWZ,1990,5.657465,OWID,Eswatini
SWZ,1991,5.6345634,OWID,Eswatini
SWZ,1992,5.701897,OWID,Eswatini
SWZ,1993,5.858635,OWID,Eswatini
SWZ,1994,6.0541215,OWID,Eswatini
SWZ,1995,6.26391,OWID,Eswatini
SWZ,1996,6.5429416,OWID,Eswatini
SWZ,1997,6.7746596,OWID,Eswatini
SWZ,1998,6.966774,OWID,Eswatini
SWZ,1999,7.147863,OWID,Eswatini
SWZ,2000,7.298825,OWID,Eswatini
SWZ,2001,7.427612,OWID,Eswatini
SWZ,2002,7.5154386,OWID,Eswatini
SWZ,2003,7.594762,OWID,Eswatini
SWZ,2004,7.5659018,OWID,Eswatini
SWZ,2005,7.472426,OWID,Eswatini
SWZ,2006,6.562027,OWID,Eswatini
SWZ,2007,6.6272583,OWID,Eswatini
SWZ,2008,6.847583,OWID,Eswatini
SWZ,2009,6.5501227,OWID,Eswatini
SWZ,2010,6.198976,OWID,Eswatini
SWZ,2011,5.780934,OWID,Eswatini
SWZ,2012,5.802349,OWID,Eswatini
SWZ,2013,5.7354817,OWID,Eswatini
SWZ,2014,5.7940235,OWID,Eswatini
SWZ,2015,5.4885163,OWID,Eswatini
SWZ,2016,5.198999,OWID,Eswatini
SWZ,2017,5.1499486,OWID,Eswatini
SWZ,2018,4.849793,OWID,Eswatini
SWZ,2019,4.817347,OWID,Eswatini
SWZ,2020,4.7053947,OWID,Eswatini
SWZ,2021,4.5828643,OWID,Eswatini
SWZ,2022,4.4611444,OWID,Eswatini
SWZ,2023,4.354938,OWID,Eswatini
ETH,1966,15.796376,OWID,Ethiopia
ETH,1967,14.224698,OWID,Ethiopia
ETH,1968,14.276014,OWID,Ethiopia
ETH,1969,14.307563,OWID,Ethiopia
ETH,1970,14.357322,OWID,Ethiopia
ETH,1971,14.408095,OWID,Ethiopia
ETH,1972,14.44683,OWID,Ethiopia
ETH,1973,14.504694,OWID,Ethiopia
ETH,1974,16.673101,OWID,Ethiopia
ETH,1975,16.675497,OWID,Ethiopia
ETH,1976,14.660352,OWID,Ethiopia
ETH,1977,14.694961,OWID,Ethiopia
ETH,1978,14.711341,OWID,Ethiopia
ETH,1979,14.696501,OWID,Ethiopia
ETH,1980,14.640604,OWID,Ethiopia
ETH,1981,14.542289,OWID,Ethiopia
ETH,1982,14.395576,OWID,Ethiopia
ETH,1983,19.341017,OWID,Ethiopia
ETH,1984,19.04573,OWID,Ethiopia
ETH,1985,18.422453,OWID,Ethiopia
ETH,1986,18.07481,OWID,Ethiopia
ETH,1987,13.365165,OWID,Ethiopia
ETH,1988,13.149868,OWID,Ethiopia
ETH,1989,12.923499,OWID,Ethiopia
ETH,1990,12.669765,OWID,Ethiopia
ETH,1991,12.38903,OWID,Ethiopia
ETH,1992,12.083749,OWID,Ethiopia
ETH,1993,11.7448015,OWID,Ethiopia
ETH,1994,11.375386,OWID,Ethiopia
ETH,1995,10.996823,OWID,Ethiopia
ETH,1996,10.617275,OWID,Ethiopia
ETH,1997,10.24962,OWID,Ethiopia
ETH,1998,9.896756,OWID,Ethiopia
ETH,1999,9.557038,OWID,Ethiopia
ETH,2000,9.217071,OWID,Ethiopia
ETH,2001,8.868915,OWID,Ethiopia
ETH,2002,8.514174,OWID,Ethiopia
ETH,2003,8.15684,OWID,Ethiopia
ETH,2004,7.793557,OWID,Ethiopia
ETH,2005,7.4364653,OWID,Ethiopia
ETH,2006,7.0927267,OWID,Ethiopia
ETH,2007,6.767657,OWID,Ethiopia
ETH,2008,6.467921,OWID,Ethiopia
ETH,2009,6.1942024,OWID,Ethiopia
ETH,2010,5.9322658,OWID,Ethiopia
ETH,2011,5.6815805,OWID,Ethiopia
ETH,2012,5.446053,OWID,Ethiopia
ETH,2013,5.2230663,OWID,Ethiopia
ETH,2014,5.0088034,OWID,Ethiopia
ETH,2015,4.802589,OWID,Ethiopia
ETH,2016,4.598925,OWID,Ethiopia
ETH,2017,4.4180236,OWID,Ethiopia
ETH,2018,4.249828,OWID,Ethiopia
ETH,2019,4.0982504,OWID,Ethiopia
ETH,2020,3.9559042,OWID,Ethiopia
ETH,2021,3.8251233,OWID,Ethiopia
ETH,2022,3.6972275,OWID,Ethiopia
ETH,2023,3.574161,OWID,Ethiopia
,1968,2.5707538,OWID,Europe
,1969,2.4864583,OWID,Europe
,1970,2.3902996,OWID,Europe
,1971,2.352647,OWID,Europe
,1972,2.261274,OWID,Europe
,1973,2.178159,OWID,Europe
,1974,2.0990982,OWID,Europe
,1975,2.0190098,OWID,Europe
,1976,1.9398764,OWID,Europe
,1977,1.8657992,OWID,Europe
,1978,1.8179696,OWID,Europe
,1979,1.7519488,OWID,Europe
,1980,1.6889014,OWID,Europe
,1981,1.6406884,OWID,Europe
,1982,1.5823761,OWID,Europe
,1983,1.527168,OWID,Europe
,1984,1.5060849,OWID,Europe
,1985,1.4854244,OWID,Europe
,1986,1.43807,OWID,Europe
,1987,1.3899883,OWID,Europe
,1988,1.341019,OWID,Europe
,1989,1.2941209,OWID,Europe
,1990,1.2532147,OWID,Europe
,1991,1.2192782,OWID,Europe
,1992,1.1991957,OWID,Europe
,1993,1.172547,OWID,Europe
,1994,1.1360061,OWID,Europe
,1995,1.1056145,OWID,Europe
,1996,1.0689989,OWID,Europe
,1997,1.031359,OWID,Europe
,1998,0.9911287,OWID,Europe
,1999,0.9483346,OWID,Europe
,2000,0.90483606,OWID,Europe
,2001,0.86120653,OWID,Europe
,2002,0.8180004,OWID,Europe
,2003,0.7759687,OWID,Europe
,2004,0.7345825,OWID,Europe
,2005,0.6947093,OWID,Europe
,2006,0.65751284,OWID,Europe
,2007,0.6239052,OWID,Europe
,2008,0.5944439,OWID,Europe
,2009,0.5697545,OWID,Europe
,2010,0.5493093,OWID,Europe
,2011,0.5315356,OWID,Europe
,2012,0.51502943,OWID,Europe
,2013,0.49855486,OWID,Europe
,2014,0.48105595,OWID,Europe
,2015,0.46245575,OWID,Europe
,2016,0.44419727,OWID,Europe
,2017,0.42707545,OWID,Europe
,2018,0.41135296,OWID,Europe
,2019,0.3976241,OWID,Europe
,2020,0.38646787,OWID,Europe
,2021,0.3775536,OWID,Europe
,2022,0.3689657,OWID,Europe
,2023,0.36064368,OWID,Europe
,1968,2.7784877,OWID,European Union (27)
,1969,2.6768577,OWID,European Union (27)
,1970,2.5524511,OWID,European Union (27)
,1971,2.4210663,OWID,European Union (27)
,1972,2.295436,OWID,European Union (27)
,1973,2.1819937,OWID,European Union (27)
,1974,2.0724602,OWID,European Union (27)
,1975,1.9578131,OWID,European Union (27)
,1976,1.8423407,OWID,European Union (27)
,1977,1.7343943,OWID,European Union (27)
,1978,1.6376973,OWID,European Union (27)
,1979,1.5501572,OWID,European Union (27)
,1980,1.4715781,OWID,European Union (27)
,1981,1.4052106,OWID,European Union (27)
,1982,1.3382617,OWID,European Union (27)
,1983,1.2776624,OWID,European Union (27)
,1984,1.2246348,OWID,European Union (27)
,1985,1.1800691,OWID,European Union (27)
,1986,1.1416432,OWID,European Union (27)
,1987,1.1046546,OWID,European Union (27)
,1988,1.0654645,OWID,European Union (27)
,1989,1.0250597,OWID,European Union (27)
,1990,0.98488355,OWID,European Union (27)
,1991,0.94541293,OWID,European Union (27)
,1992,0.9030968,OWID,European Union (27)
,1993,0.8605398,OWID,European Union (27)
,1994,0.8177673,OWID,European Union (27)
,1995,0.77558684,OWID,European Union (27)
,1996,0.73487985,OWID,European Union (27)
,1997,0.6958169,OWID,European Union (27)
,1998,0.6590953,OWID,European Union (27)
,1999,0.625752,OWID,European Union (27)
,2000,0.5965825,OWID,European Union (27)
,2001,0.5714893,OWID,European Union (27)
,2002,0.5496114,OWID,European Union (27)
,2003,0.5299964,OWID,European Union (27)
,2004,0.50985575,OWID,European Union (27)
,2005,0.48831594,OWID,European Union (27)
,2006,0.46640456,OWID,European Union (27)
,2007,0.44611093,OWID,European Union (27)
,2008,0.42831463,OWID,European Union (27)
,2009,0.41281575,OWID,European Union (27)
,2010,0.39910972,OWID,European Union (27)
,2011,0.386967,OWID,European Union (27)
,2012,0.37627763,OWID,European Union (27)
,2013,0.3669806,OWID,European Union (27)
,2014,0.35886118,OWID,European Union (27)
,2015,0.35159776,OWID,European Union (27)
,2016,0.3446532,OWID,European Union (27)
,2017,0.33745888,OWID,European Union (27)
,2018,0.33002624,OWID,European Union (27)
,2019,0.32338196,OWID,European Union (27)
,2020,0.31844515,OWID,European Union (27)
,2021,0.31515148,OWID,European Union (27)
,2022,0.31300005,OWID,European Union (27)
,2023,0.3112111,OWID,European Union (27)
FJI,1940,10.585546,OWID,Fiji
FJI,1941,10.514177,OWID,Fiji
FJI,1942,10.479845,OWID,Fiji
FJI,1943,10.411576,OWID,Fiji
FJI,1944,10.357754,OWID,Fiji
FJI,1945,10.28736,OWID,Fiji
FJI,1946,10.189674,OWID,Fiji
FJI,1947,10.067792,OWID,Fiji
FJI,1948,9.918758,OWID,Fiji
FJI,1949,9.727866,OWID,Fiji
FJI,1950,9.496379,OWID,Fiji
FJI,1951,9.211676,OWID,Fiji
FJI,1952,8.87258,OWID,Fiji
FJI,1953,8.507642,OWID,Fiji
FJI,1954,8.12319,OWID,Fiji
FJI,1955,7.7483077,OWID,Fiji
FJI,1956,7.380911,OWID,Fiji
FJI,1957,7.029967,OWID,Fiji
FJI,1958,6.6997137,OWID,Fiji
FJI,1959,6.384002,OWID,Fiji
FJI,1960,6.0958343,OWID,Fiji
FJI,1961,5.8245697,OWID,Fiji
FJI,1962,5.5736227,OWID,Fiji
FJI,1963,5.337211,OWID,Fiji
FJI,1964,5.111923,OWID,Fiji
FJI,1965,4.9135094,OWID,Fiji
FJI,1966,4.7464385,OWID,Fiji
FJI,1967,4.6137037,OWID,Fiji
FJI,1968,4.510712,OWID,Fiji
FJI,1969,4.438354,OWID,Fiji
FJI,1970,4.39059,OWID,Fiji
FJI,1971,4.3628693,OWID,Fiji
FJI,1972,4.3354125,OWID,Fiji
FJI,1973,4.2969437,OWID,Fiji
FJI,1974,4.236969,OWID,Fiji
FJI,1975,4.1488132,OWID,Fiji
FJI,1976,4.03622,OWID,Fiji
FJI,1977,3.8945072,OWID,Fiji
FJI,1978,3.732406,OWID,Fiji
FJI,1979,3.5595222,OWID,Fiji
FJI,1980,3.3813105,OWID,Fiji
FJI,1981,3.2063775,OWID,Fiji
FJI,1982,3.039025,OWID,Fiji
FJI,1983,2.8894038,OWID,Fiji
FJI,1984,2.7533293,OWID,Fiji
FJI,1985,2.6277044,OWID,Fiji
FJI,1986,2.5147972,OWID,Fiji
FJI,1987,2.4115973,OWID,Fiji
FJI,1988,2.3154519,OWID,Fiji
FJI,1989,2.2239525,OWID,Fiji
FJI,1990,2.1362512,OWID,Fiji
FJI,1991,2.0523717,OWID,Fiji
FJI,1992,1.9770057,OWID,Fiji
FJI,1993,1.9087011,OWID,Fiji
FJI,1994,1.8484714,OWID,Fiji
FJI,1995,1.7974542,OWID,Fiji
FJI,1996,1.7536011,OWID,Fiji
FJI,1997,1.7185988,OWID,Fiji
FJI,1998,1.6904974,OWID,Fiji
FJI,1999,1.6715392,OWID,Fiji
FJI,2000,1.6620693,OWID,Fiji
FJI,2001,1.6603528,OWID,Fiji
FJI,2002,1.6668767,OWID,Fiji
FJI,2003,1.6827813,OWID,Fiji
FJI,2004,1.7053989,OWID,Fiji
FJI,2005,1.7279435,OWID,Fiji
FJI,2006,1.7446643,OWID,Fiji
FJI,2007,1.7497207,OWID,Fiji
FJI,2008,1.7384255,OWID,Fiji
FJI,2009,1.7119246,OWID,Fiji
FJI,2010,1.6758946,OWID,Fiji
FJI,2011,1.6388682,OWID,Fiji
FJI,2012,1.608054,OWID,Fiji
FJI,2013,1.5921704,OWID,Fiji
FJI,2014,1.5987033,OWID,Fiji
FJI,2015,1.6323115,OWID,Fiji
FJI,2016,1.6985989,OWID,Fiji
FJI,2017,1.7968811,OWID,Fiji
FJI,2018,1.9219735,OWID,Fiji
FJI,2019,2.0615048,OWID,Fiji
FJI,2020,2.1931822,OWID,Fiji
FJI,2021,2.2919464,OWID,Fiji
FJI,2022,2.3548632,OWID,Fiji
FJI,2023,2.3819225,OWID,Fiji
FIN,1949,3.8704762,OWID,Finland
FIN,1950,3.6775103,OWID,Finland
FIN,1951,3.497538,OWID,Finland
FIN,1952,3.3305452,OWID,Finland
FIN,1953,3.1783073,OWID,Finland
FIN,1954,3.037635,OWID,Finland
FIN,1955,2.902326,OWID,Finland
FIN,1956,2.7680056,OWID,Finland
FIN,1957,2.6267998,OWID,Finland
FIN,1958,2.4789007,OWID,Finland
FIN,1959,2.3321486,OWID,Finland
FIN,1960,2.1928973,OWID,Finland
FIN,1961,2.064918,OWID,Finland
FIN,1962,1.9484617,OWID,Finland
FIN,1963,1.8426377,OWID,Finland
FIN,1964,1.746003,OWID,Finland
FIN,1965,1.6580191,OWID,Finland
FIN,1966,1.5787132,OWID,Finland
FIN,1967,1.5077695,OWID,Finland
FIN,1968,1.4444274,OWID,Finland
FIN,1969,1.3845413,OWID,Finland
FIN,1970,1.3247074,OWID,Finland
FIN,1971,1.2640886,OWID,Finland
FIN,1972,1.2031442,OWID,Finland
FIN,1973,1.1413264,OWID,Finland
FIN,1974,1.0778594,OWID,Finland
FIN,1975,1.011519,OWID,Finland
FIN,1976,0.9440747,OWID,Finland
FIN,1977,0.8782161,OWID,Finland
FIN,1978,0.81709296,OWID,Finland
FIN,1979,0.76288366,OWID,Finland
FIN,1980,0.7169191,OWID,Finland
FIN,1981,0.679887,OWID,Finland
FIN,1982,0.6517514,OWID,Finland
FIN,1983,0.6315916,OWID,Finland
FIN,1984,0.6183944,OWID,Finland
FIN,1985,0.6095248,OWID,Finland
FIN,1986,0.6033694,OWID,Finland
FIN,1987,0.5974928,OWID,Finland
FIN,1988,0.5893461,OWID,Finland
FIN,1989,0.57667613,OWID,Finland
FIN,1990,0.5578559,OWID,Finland
FIN,1991,0.53377557,OWID,Finland
FIN,1992,0.50646305,OWID,Finland
FIN,1993,0.47815895,OWID,Finland
FIN,1994,0.4513106,OWID,Finland
FIN,1995,0.42747384,OWID,Finland
FIN,1996,0.40721014,OWID,Finland
FIN,1997,0.38987294,OWID,Finland
FIN,1998,0.3751794,OWID,Finland
FIN,1999,0.3624097,OWID,Finland
FIN,2000,0.35111246,OWID,Finland
FIN,2001,0.34116307,OWID,Finland
FIN,2002,0.3321984,OWID,Finland
FIN,2003,0.32373887,OWID,Finland
FIN,2004,0.3148754,OWID,Finland
FIN,2005,0.3048305,OWID,Finland
FIN,2006,0.29340088,OWID,Finland
FIN,2007,0.28109008,OWID,Finland
FIN,2008,0.2684464,OWID,Finland
FIN,2009,0.25583762,OWID,Finland
FIN,2010,0.24371818,OWID,Finland
FIN,2011,0.23228556,OWID,Finland
FIN,2012,0.22188047,OWID,Finland
FIN,2013,0.2126782,OWID,Finland
FIN,2014,0.20484665,OWID,Finland
FIN,2015,0.1987904,OWID,Finland
FIN,2016,0.19416513,OWID,Finland
FIN,2017,0.19077784,OWID,Finland
FIN,2018,0.18813805,OWID,Finland
FIN,2019,0.186283,OWID,Finland
FIN,2020,0.18482542,OWID,Finland
FIN,2021,0.18374392,OWID,Finland
FIN,2022,0.18286386,OWID,Finland
FIN,2023,0.18189012,OWID,Finland
FRA,1949,5.1413984,OWID,France
FRA,1950,4.793241,OWID,France
FRA,1951,4.4669147,OWID,France
FRA,1952,4.1590757,OWID,France
FRA,1953,3.8674872,OWID,France
FRA,1954,3.596198,OWID,France
FRA,1955,3.343677,OWID,France
FRA,1956,3.1108906,OWID,France
FRA,1957,2.893867,OWID,France
FRA,1958,2.694883,OWID,France
FRA,1959,2.5184827,OWID,France
FRA,1960,2.369545,OWID,France
FRA,1961,2.243942,OWID,France
FRA,1962,2.1330254,OWID,France
FRA,1963,2.0328357,OWID,France
FRA,1964,1.9415096,OWID,France
FRA,1965,1.8582366,OWID,France
FRA,1966,1.782294,OWID,France
FRA,1967,1.7126476,OWID,France
FRA,1968,1.6466765,OWID,France
FRA,1969,1.578962,OWID,France
FRA,1970,1.5064675,OWID,France
FRA,1971,1.4336219,OWID,France
FRA,1972,1.3682773,OWID,France
FRA,1973,1.3138331,OWID,France
FRA,1974,1.2676393,OWID,France
FRA,1975,1.2254194,OWID,France
FRA,1976,1.1842822,OWID,France
FRA,1977,1.1412141,OWID,France
FRA,1978,1.0956545,OWID,France
FRA,1979,1.0514508,OWID,France
FRA,1980,1.0121024,OWID,France
FRA,1981,0.97673094,OWID,France
FRA,1982,0.94326854,OWID,France
FRA,1983,0.910411,OWID,France
FRA,1984,0.88003176,OWID,France
FRA,1985,0.8537974,OWID,France
FRA,1986,0.83143985,OWID,France
FRA,1987,0.811839,OWID,France
FRA,1988,0.7931519,OWID,France
FRA,1989,0.7717798,OWID,France
FRA,1990,0.7448016,OWID,France
FRA,1991,0.71046,OWID,France
FRA,1992,0.6681299,OWID,France
FRA,1993,0.6201606,OWID,France
FRA,1994,0.57225496,OWID,France
FRA,1995,0.52887195,OWID,France
FRA,1996,0.49246,OWID,France
FRA,1997,0.4638064,OWID,France
FRA,1998,0.44223344,OWID,France
FRA,1999,0.4246915,OWID,France
FRA,2000,0.4084515,OWID,France
FRA,2001,0.3923996,OWID,France
FRA,2002,0.37601644,OWID,France
FRA,2003,0.36001787,OWID,France
FRA,2004,0.34579203,OWID,France
FRA,2005,0.33512202,OWID,France
FRA,2006,0.32757992,OWID,France
FRA,2007,0.32231003,OWID,France
FRA,2008,0.31816038,OWID,France
FRA,2009,0.31469247,OWID,France
FRA,2010,0.3112896,OWID,France
FRA,2011,0.30859405,OWID,France
FRA,2012,0.3079327,OWID,France
FRA,2013,0.3098791,OWID,France
FRA,2014,0.31380695,OWID,France
FRA,2015,0.31872386,OWID,France
FRA,2016,0.32371217,OWID,France
FRA,2017,0.32761005,OWID,France
FRA,2018,0.32988587,OWID,France
FRA,2019,0.33140585,OWID,France
FRA,2020,0.33298838,OWID,France
FRA,2021,0.33507648,OWID,France
FRA,2022,0.33791366,OWID,France
FRA,2023,0.341166,OWID,France
GAB,1944,14.038259,OWID,Gabon
GAB,1945,13.879982,OWID,Gabon
GAB,1946,13.71666,OWID,Gabon
GAB,1947,13.560605,OWID,Gabon
GAB,1948,13.406727,OWID,Gabon
GAB,1949,13.257634,OWID,Gabon
GAB,1950,13.107292,OWID,Gabon
GAB,1951,12.932494,OWID,Gabon
GAB,1952,12.77097,OWID,Gabon
GAB,1953,12.580243,OWID,Gabon
GAB,1954,12.392043,OWID,Gabon
GAB,1955,12.208683,OWID,Gabon
GAB,1956,11.995927,OWID,Gabon
GAB,1957,11.789241,OWID,Gabon
GAB,1958,11.57906,OWID,Gabon
GAB,1959,11.368958,OWID,Gabon
GAB,1960,11.161542,OWID,Gabon
GAB,1961,10.951357,OWID,Gabon
GAB,1962,10.757566,OWID,Gabon
GAB,1963,10.551369,OWID,Gabon
GAB,1964,10.336125,OWID,Gabon
GAB,1965,10.128284,OWID,Gabon
GAB,1966,9.918692,OWID,Gabon
GAB,1967,9.711343,OWID,Gabon
GAB,1968,9.5049515,OWID,Gabon
GAB,1969,9.30429,OWID,Gabon
GAB,1970,9.10733,OWID,Gabon
GAB,1971,8.900206,OWID,Gabon
GAB,1972,8.699937,OWID,Gabon
GAB,1973,8.512045,OWID,Gabon
GAB,1974,8.317703,OWID,Gabon
GAB,1975,8.123775,OWID,Gabon
GAB,1976,7.9384284,OWID,Gabon
GAB,1977,7.7487154,OWID,Gabon
GAB,1978,7.5539427,OWID,Gabon
GAB,1979,7.367091,OWID,Gabon
GAB,1980,7.188388,OWID,Gabon
GAB,1981,7.0142226,OWID,Gabon
GAB,1982,6.8493085,OWID,Gabon
GAB,1983,6.6892686,OWID,Gabon
GAB,1984,6.534726,OWID,Gabon
GAB,1985,6.3936844,OWID,Gabon
GAB,1986,6.2661304,OWID,Gabon
GAB,1987,6.149951,OWID,Gabon
GAB,1988,6.0489693,OWID,Gabon
GAB,1989,5.962505,OWID,Gabon
GAB,1990,5.885,OWID,Gabon
GAB,1991,5.8119226,OWID,Gabon
GAB,1992,5.752552,OWID,Gabon
GAB,1993,5.6921563,OWID,Gabon
GAB,1994,5.6240726,OWID,Gabon
GAB,1995,5.561102,OWID,Gabon
GAB,1996,5.487839,OWID,Gabon
GAB,1997,5.405811,OWID,Gabon
GAB,1998,5.30438,OWID,Gabon
GAB,1999,5.194129,OWID,Gabon
GAB,2000,5.0790644,OWID,Gabon
GAB,2001,4.9524164,OWID,Gabon
GAB,2002,4.8265724,OWID,Gabon
GAB,2003,4.6936893,OWID,Gabon
GAB,2004,4.5587482,OWID,Gabon
GAB,2005,4.4356685,OWID,Gabon
GAB,2006,4.3275094,OWID,Gabon
GAB,2007,4.182722,OWID,Gabon
GAB,2008,4.0741262,OWID,Gabon
GAB,2009,3.9996264,OWID,Gabon
GAB,2010,3.8739948,OWID,Gabon
GAB,2011,3.7521806,OWID,Gabon
GAB,2012,3.6352305,OWID,Gabon
GAB,2013,3.5224466,OWID,Gabon
GAB,2014,3.4584079,OWID,Gabon
GAB,2015,3.3533776,OWID,Gabon
GAB,2016,3.2279608,OWID,Gabon
GAB,2017,3.1694846,OWID,Gabon
GAB,2018,3.0731957,OWID,Gabon
GAB,2019,2.9714441,OWID,Gabon
GAB,2020,2.8462522,OWID,Gabon
GAB,2021,2.8083427,OWID,Gabon
GAB,2022,2.7205603,OWID,Gabon
GAB,2023,2.6495976,OWID,Gabon
GMB,1956,16.084803,OWID,Gambia
GMB,1957,15.969284,OWID,Gambia
GMB,1958,15.855433,OWID,Gambia
GMB,1959,15.743947,OWID,Gambia
GMB,1960,15.6361475,OWID,Gambia
GMB,1961,15.527611,OWID,Gambia
GMB,1962,15.413148,OWID,Gambia
GMB,1963,15.319337,OWID,Gambia
GMB,1964,15.216991,OWID,Gambia
GMB,1965,15.10036,OWID,Gambia
GMB,1966,14.979488,OWID,Gambia
GMB,1967,14.865671,OWID,Gambia
GMB,1968,14.743309,OWID,Gambia
GMB,1969,14.608147,OWID,Gambia
GMB,1970,14.459586,OWID,Gambia
GMB,1971,14.291017,OWID,Gambia
GMB,1972,14.108692,OWID,Gambia
GMB,1973,13.940516,OWID,Gambia
GMB,1974,13.754621,OWID,Gambia
GMB,1975,13.556756,OWID,Gambia
GMB,1976,13.348102,OWID,Gambia
GMB,1977,13.147249,OWID,Gambia
GMB,1978,12.948952,OWID,Gambia
GMB,1979,12.74221,OWID,Gambia
GMB,1980,12.523898,OWID,Gambia
GMB,1981,12.292533,OWID,Gambia
GMB,1982,12.046557,OWID,Gambia
GMB,1983,11.799374,OWID,Gambia
GMB,1984,11.534476,OWID,Gambia
GMB,1985,11.261722,OWID,Gambia
GMB,1986,10.98484,OWID,Gambia
GMB,1987,10.70442,OWID,Gambia
GMB,1988,10.432271,OWID,Gambia
GMB,1989,10.167883,OWID,Gambia
GMB,1990,9.9060135,OWID,Gambia
GMB,1991,9.647897,OWID,Gambia
GMB,1992,9.385757,OWID,Gambia
GMB,1993,9.121732,OWID,Gambia
GMB,1994,8.859184,OWID,Gambia
GMB,1995,8.597907,OWID,Gambia
GMB,1996,8.332402,OWID,Gambia
GMB,1997,8.067851,OWID,Gambia
GMB,1998,7.809972,OWID,Gambia
GMB,1999,7.5614405,OWID,Gambia
GMB,2000,7.3172016,OWID,Gambia
GMB,2001,7.079478,OWID,Gambia
GMB,2002,6.841539,OWID,Gambia
GMB,2003,6.6066666,OWID,Gambia
GMB,2004,6.377504,OWID,Gambia
GMB,2005,6.1555095,OWID,Gambia
GMB,2006,5.9397664,OWID,Gambia
GMB,2007,5.733725,OWID,Gambia
GMB,2008,5.536458,OWID,Gambia
GMB,2009,5.3507447,OWID,Gambia
GMB,2010,5.1679244,OWID,Gambia
GMB,2011,4.9985385,OWID,Gambia
GMB,2012,4.835925,OWID,Gambia
GMB,2013,4.676392,OWID,Gambia
GMB,2014,4.5234876,OWID,Gambia
GMB,2015,4.3752165,OWID,Gambia
GMB,2016,4.233555,OWID,Gambia
GMB,2017,4.097485,OWID,Gambia
GMB,2018,3.9683106,OWID,Gambia
GMB,2019,3.8398266,OWID,Gambia
GMB,2020,3.7204425,OWID,Gambia
GMB,2021,3.6025755,OWID,Gambia
GMB,2022,3.4916313,OWID,Gambia
GMB,2023,3.3848662,OWID,Gambia
GEO,1975,5.73025,OWID,Georgia
GEO,1976,5.522126,OWID,Georgia
GEO,1977,5.3178444,OWID,Georgia
GEO,1978,5.117953,OWID,Georgia
GEO,1979,4.9343886,OWID,Georgia
GEO,1980,4.7460747,OWID,Georgia
GEO,1981,4.577197,OWID,Georgia
GEO,1982,4.4118953,OWID,Georgia
GEO,1983,4.2672215,OWID,Georgia
GEO,1984,4.145605,OWID,Georgia
GEO,1985,4.0487165,OWID,Georgia
GEO,1986,3.9740212,OWID,Georgia
GEO,1987,3.9170518,OWID,Georgia
GEO,1988,3.877331,OWID,Georgia
GEO,1989,3.8475795,OWID,Georgia
GEO,1990,3.8241663,OWID,Georgia
GEO,1991,3.8019223,OWID,Georgia
GEO,1992,3.7688253,OWID,Georgia
GEO,1993,3.7297883,OWID,Georgia
GEO,1994,3.6742113,OWID,Georgia
GEO,1995,3.608572,OWID,Georgia
GEO,1996,3.521689,OWID,Georgia
GEO,1997,3.4117324,OWID,Georgia
GEO,1998,3.2743387,OWID,Georgia
GEO,1999,3.1138647,OWID,Georgia
GEO,2000,2.9372425,OWID,Georgia
GEO,2001,2.7438684,OWID,Georgia
GEO,2002,2.54052,OWID,Georgia
GEO,2003,2.3299274,OWID,Georgia
GEO,2004,2.1207426,OWID,Georgia
GEO,2005,1.9195052,OWID,Georgia
GEO,2006,1.7318057,OWID,Georgia
GEO,2007,1.5619093,OWID,Georgia
GEO,2008,1.4123194,OWID,Georgia
GEO,2009,1.282435,OWID,Georgia
GEO,2010,1.1725961,OWID,Georgia
GEO,2011,1.0833169,OWID,Georgia
GEO,2012,1.011966,OWID,Georgia
GEO,2013,0.9573403,OWID,Georgia
GEO,2014,0.9166268,OWID,Georgia
GEO,2015,0.88763756,OWID,Georgia
GEO,2016,0.86640656,OWID,Georgia
GEO,2017,0.851777,OWID,Georgia
GEO,2018,0.83991855,OWID,Georgia
GEO,2019,0.8302316,OWID,Georgia
GEO,2020,0.82260996,OWID,Georgia
GEO,2021,0.8161602,OWID,Georgia
GEO,2022,0.8074895,OWID,Georgia
GEO,2023,0.79514486,OWID,Georgia
DEU,1968,2.345692,OWID,Germany
DEU,1969,2.2761936,OWID,Germany
DEU,1970,2.2081559,OWID,Germany
DEU,1971,2.1369042,OWID,Germany
DEU,1972,2.0593092,OWID,Germany
DEU,1973,1.9736073,OWID,Germany
DEU,1974,1.8780354,OWID,Germany
DEU,1975,1.771245,OWID,Germany
DEU,1976,1.6595916,OWID,Germany
DEU,1977,1.5492547,OWID,Germany
DEU,1978,1.4449996,OWID,Germany
DEU,1979,1.3478842,OWID,Germany
DEU,1980,1.2582239,OWID,Germany
DEU,1981,1.1762499,OWID,Germany
DEU,1982,1.1019338,OWID,Germany
DEU,1983,1.0349418,OWID,Germany
DEU,1984,0.97495055,OWID,Germany
DEU,1985,0.9213727,OWID,Germany
DEU,1986,0.87265354,OWID,Germany
DEU,1987,0.82698977,OWID,Germany
DEU,1988,0.7829998,OWID,Germany
DEU,1989,0.7399463,OWID,Germany
DEU,1990,0.69775087,OWID,Germany
DEU,1991,0.65696824,OWID,Germany
DEU,1992,0.6189556,OWID,Germany
DEU,1993,0.58421886,OWID,Germany
DEU,1994,0.553269,OWID,Germany
DEU,1995,0.526213,OWID,Germany
DEU,1996,0.50281173,OWID,Germany
DEU,1997,0.4825304,OWID,Germany
DEU,1998,0.4651846,OWID,Germany
DEU,1999,0.4504277,OWID,Germany
DEU,2000,0.43807507,OWID,Germany
DEU,2001,0.42747372,OWID,Germany
DEU,2002,0.41789928,OWID,Germany
DEU,2003,0.40866664,OWID,Germany
DEU,2004,0.3995932,OWID,Germany
DEU,2005,0.39032927,OWID,Germany
DEU,2006,0.38099158,OWID,Germany
DEU,2007,0.3717332,OWID,Germany
DEU,2008,0.36287653,OWID,Germany
DEU,2009,0.35480943,OWID,Germany
DEU,2010,0.34771124,OWID,Germany
DEU,2011,0.34182057,OWID,Germany
DEU,2012,0.3371935,OWID,Germany
DEU,2013,0.3337707,OWID,Germany
DEU,2014,0.33108717,OWID,Germany
DEU,2015,0.32887033,OWID,Germany
DEU,2016,0.3264025,OWID,Germany
DEU,2017,0.32317036,OWID,Germany
DEU,2018,0.31903252,OWID,Germany
DEU,2019,0.31471395,OWID,Germany
DEU,2020,0.3111896,OWID,Germany
DEU,2021,0.3087783,OWID,Germany
DEU,2022,0.3075237,OWID,Germany
DEU,2023,0.30717576,OWID,Germany
GHA,1932,17.171825,OWID,Ghana
GHA,1933,17.053986,OWID,Ghana
GHA,1934,16.905916,OWID,Ghana
GHA,1935,16.749514,OWID,Ghana
GHA,1936,16.586914,OWID,Ghana
GHA,1937,16.438375,OWID,Ghana
GHA,1938,16.30269,OWID,Ghana
GHA,1939,16.145227,OWID,Ghana
GHA,1940,15.964105,OWID,Ghana
GHA,1941,15.77168,OWID,Ghana
GHA,1942,15.565743,OWID,Ghana
GHA,1943,15.395123,OWID,Ghana
GHA,1944,15.208184,OWID,Ghana
GHA,1945,15.030437,OWID,Ghana
GHA,1946,14.848936,OWID,Ghana
GHA,1947,14.668336,OWID,Ghana
GHA,1948,14.474794,OWID,Ghana
GHA,1949,14.262472,OWID,Ghana
GHA,1950,14.042599,OWID,Ghana
GHA,1951,13.829609,OWID,Ghana
GHA,1952,13.605732,OWID,Ghana
GHA,1953,13.395032,OWID,Ghana
GHA,1954,13.189626,OWID,Ghana
GHA,1955,12.980797,OWID,Ghana
GHA,1956,12.783014,OWID,Ghana
GHA,1957,12.622052,OWID,Ghana
GHA,1958,12.461635,OWID,Ghana
GHA,1959,12.317317,OWID,Ghana
GHA,1960,12.179744,OWID,Ghana
GHA,1961,12.07097,OWID,Ghana
GHA,1962,11.975637,OWID,Ghana
GHA,1963,11.897665,OWID,Ghana
GHA,1964,11.836115,OWID,Ghana
GHA,1965,11.7900915,OWID,Ghana
GHA,1966,11.749746,OWID,Ghana
GHA,1967,11.707578,OWID,Ghana
GHA,1968,11.659768,OWID,Ghana
GHA,1969,11.573966,OWID,Ghana
GHA,1970,11.4619055,OWID,Ghana
GHA,1971,11.294846,OWID,Ghana
GHA,1972,11.075913,OWID,Ghana
GHA,1973,10.805882,OWID,Ghana
GHA,1974,10.488565,OWID,Ghana
GHA,1975,10.141249,OWID,Ghana
GHA,1976,9.797046,OWID,Ghana
GHA,1977,9.491002,OWID,Ghana
GHA,1978,9.239966,OWID,Ghana
GHA,1979,9.066199,OWID,Ghana
GHA,1980,8.960955,OWID,Ghana
GHA,1981,8.901864,OWID,Ghana
GHA,1982,8.851048,OWID,Ghana
GHA,1983,8.788445,OWID,Ghana
GHA,1984,8.681029,OWID,Ghana
GHA,1985,8.514852,OWID,Ghana
GHA,1986,8.29282,OWID,Ghana
GHA,1987,8.036512,OWID,Ghana
GHA,1988,7.7590237,OWID,Ghana
GHA,1989,7.4959283,OWID,Ghana
GHA,1990,7.2622685,OWID,Ghana
GHA,1991,7.079838,OWID,Ghana
GHA,1992,6.9497757,OWID,Ghana
GHA,1993,6.868194,OWID,Ghana
GHA,1994,6.8174276,OWID,Ghana
GHA,1995,6.782237,OWID,Ghana
GHA,1996,6.737459,OWID,Ghana
GHA,1997,6.653853,OWID,Ghana
GHA,1998,6.5280957,OWID,Ghana
GHA,1999,6.3678885,OWID,Ghana
GHA,2000,6.178601,OWID,Ghana
GHA,2001,5.9821267,OWID,Ghana
GHA,2002,5.796058,OWID,Ghana
GHA,2003,5.6271467,OWID,Ghana
GHA,2004,5.4764476,OWID,Ghana
GHA,2005,5.3430543,OWID,Ghana
GHA,2006,5.211839,OWID,Ghana
GHA,2007,5.0720105,OWID,Ghana
GHA,2008,4.9161086,OWID,Ghana
GHA,2009,4.746738,OWID,Ghana
GHA,2010,4.565356,OWID,Ghana
GHA,2011,4.3855224,OWID,Ghana
GHA,2012,4.2132845,OWID,Ghana
GHA,2013,4.052737,OWID,Ghana
GHA,2014,3.9075274,OWID,Ghana
GHA,2015,3.7721596,OWID,Ghana
GHA,2016,3.6381125,OWID,Ghana
GHA,2017,3.512194,OWID,Ghana
GHA,2018,3.3856475,OWID,Ghana
GHA,2019,3.2582784,OWID,Ghana
GHA,2020,3.1382215,OWID,Ghana
GHA,2021,3.0241756,OWID,Ghana
GHA,2022,2.9166942,OWID,Ghana
GHA,2023,2.8172605,OWID,Ghana
GRC,1951,4.428259,OWID,Greece
GRC,1952,4.3349633,OWID,Greece
GRC,1953,4.2476597,OWID,Greece
GRC,1954,4.1679387,OWID,Greece
GRC,1955,4.1000333,OWID,Greece
GRC,1956,4.0534387,OWID,Greece
GRC,1957,4.01195,OWID,Greece
GRC,1958,3.966716,OWID,Greece
GRC,1959,3.9168363,OWID,Greece
GRC,1960,3.8631203,OWID,Greece
GRC,1961,3.8037105,OWID,Greece
GRC,1962,3.7292016,OWID,Greece
GRC,1963,3.6330287,OWID,Greece
GRC,1964,3.5279744,OWID,Greece
GRC,1965,3.4339185,OWID,Greece
GRC,1966,3.3533366,OWID,Greece
GRC,1967,3.2512388,OWID,Greece
GRC,1968,3.1010506,OWID,Greece
GRC,1969,2.9222293,OWID,Greece
GRC,1970,2.7523375,OWID,Greece
GRC,1971,2.6127825,OWID,Greece
GRC,1972,2.509243,OWID,Greece
GRC,1973,2.4426332,OWID,Greece
GRC,1974,2.3914487,OWID,Greece
GRC,1975,2.3251226,OWID,Greece
GRC,1976,2.2288249,OWID,Greece
GRC,1977,2.11246,OWID,Greece
GRC,1978,1.98857,OWID,Greece
GRC,1979,1.8633313,OWID,Greece
GRC,1980,1.7411258,OWID,Greece
GRC,1981,1.6256227,OWID,Greece
GRC,1982,1.5244324,OWID,Greece
GRC,1983,1.4420489,OWID,Greece
GRC,1984,1.3692796,OWID,Greece
GRC,1985,1.2944123,OWID,Greece
GRC,1986,1.2131437,OWID,Greece
GRC,1987,1.1305066,OWID,Greece
GRC,1988,1.052796,OWID,Greece
GRC,1989,0.98318166,OWID,Greece
GRC,1990,0.923083,OWID,Greece
GRC,1991,0.87365216,OWID,Greece
GRC,1992,0.83323896,OWID,Greece
GRC,1993,0.7995963,OWID,Greece
GRC,1994,0.7695524,OWID,Greece
GRC,1995,0.7391465,OWID,Greece
GRC,1996,0.70609486,OWID,Greece
GRC,1997,0.67005855,OWID,Greece
GRC,1998,0.63164115,OWID,Greece
GRC,1999,0.5918519,OWID,Greece
GRC,2000,0.552061,OWID,Greece
GRC,2001,0.5133964,OWID,Greece
GRC,2002,0.47694305,OWID,Greece
GRC,2003,0.44368723,OWID,Greece
GRC,2004,0.41405335,OWID,Greece
GRC,2005,0.3880766,OWID,Greece
GRC,2006,0.36636764,OWID,Greece
GRC,2007,0.3498579,OWID,Greece
GRC,2008,0.33924344,OWID,Greece
GRC,2009,0.33403915,OWID,Greece
GRC,2010,0.3329505,OWID,Greece
GRC,2011,0.33546853,OWID,Greece
GRC,2012,0.34089005,OWID,Greece
GRC,2013,0.34911832,OWID,Greece
GRC,2014,0.35791346,OWID,Greece
GRC,2015,0.36364958,OWID,Greece
GRC,2016,0.36464083,OWID,Greece
GRC,2017,0.36141294,OWID,Greece
GRC,2018,0.3554258,OWID,Greece
GRC,2019,0.34799716,OWID,Greece
GRC,2020,0.34007904,OWID,Greece
GRC,2021,0.33285117,OWID,Greece
GRC,2022,0.32577914,OWID,Greece
GRC,2023,0.31798756,OWID,Greece
GRD,1949,9.02057,OWID,Grenada
GRD,1950,8.782121,OWID,Grenada
GRD,1951,8.529987,OWID,Grenada
GRD,1952,8.276523,OWID,Grenada
GRD,1953,8.031257,OWID,Grenada
GRD,1954,7.7851644,OWID,Grenada
GRD,1955,7.5406737,OWID,Grenada
GRD,1956,7.296133,OWID,Grenada
GRD,1957,7.0367274,OWID,Grenada
GRD,1958,6.7532187,OWID,Grenada
GRD,1959,6.438279,OWID,Grenada
GRD,1960,6.0905733,OWID,Grenada
GRD,1961,5.7169743,OWID,Grenada
GRD,1962,5.32686,OWID,Grenada
GRD,1963,4.9502115,OWID,Grenada
GRD,1964,4.6037827,OWID,Grenada
GRD,1965,4.301059,OWID,Grenada
GRD,1966,4.045046,OWID,Grenada
GRD,1967,3.8379183,OWID,Grenada
GRD,1968,3.6710277,OWID,Grenada
GRD,1969,3.5429425,OWID,Grenada
GRD,1970,3.4442236,OWID,Grenada
GRD,1971,3.3655193,OWID,Grenada
GRD,1972,3.3082204,OWID,Grenada
GRD,1973,3.2543402,OWID,Grenada
GRD,1974,3.2037907,OWID,Grenada
GRD,1975,3.15621,OWID,Grenada
GRD,1976,3.1032777,OWID,Grenada
GRD,1977,3.0421963,OWID,Grenada
GRD,1978,2.9735076,OWID,Grenada
GRD,1979,2.8910494,OWID,Grenada
GRD,1980,2.8007405,OWID,Grenada
GRD,1981,2.6991248,OWID,Grenada
GRD,1982,2.5940363,OWID,Grenada
GRD,1983,2.4885504,OWID,Grenada
GRD,1984,2.3840642,OWID,Grenada
GRD,1985,2.2833462,OWID,Grenada
GRD,1986,2.1858888,OWID,Grenada
GRD,1987,2.0930898,OWID,Grenada
GRD,1988,2.0067673,OWID,Grenada
GRD,1989,1.9240199,OWID,Grenada
GRD,1990,1.8446783,OWID,Grenada
GRD,1991,1.7683451,OWID,Grenada
GRD,1992,1.6954,OWID,Grenada
GRD,1993,1.6283517,OWID,Grenada
GRD,1994,1.5678843,OWID,Grenada
GRD,1995,1.513289,OWID,Grenada
GRD,1996,1.4644585,OWID,Grenada
GRD,1997,1.4229699,OWID,Grenada
GRD,1998,1.3868724,OWID,Grenada
GRD,1999,1.3571405,OWID,Grenada
GRD,2000,1.3330865,OWID,Grenada
GRD,2001,1.3147626,OWID,Grenada
GRD,2002,1.3018117,OWID,Grenada
GRD,2003,1.2947388,OWID,Grenada
GRD,2004,1.2934803,OWID,Grenada
GRD,2005,1.2952026,OWID,Grenada
GRD,2006,1.3028268,OWID,Grenada
GRD,2007,1.315462,OWID,Grenada
GRD,2008,1.3324838,OWID,Grenada
GRD,2009,1.3569125,OWID,Grenada
GRD,2010,1.3874656,OWID,Grenada
GRD,2011,1.4229903,OWID,Grenada
GRD,2012,1.4609287,OWID,Grenada
GRD,2013,1.5005977,OWID,Grenada
GRD,2014,1.539378,OWID,Grenada
GRD,2015,1.5751629,OWID,Grenada
GRD,2016,1.6067876,OWID,Grenada
GRD,2017,1.6352648,OWID,Grenada
GRD,2018,1.658454,OWID,Grenada
GRD,2019,1.6792381,OWID,Grenada
GRD,2020,1.6952977,OWID,Grenada
GRD,2021,1.6988494,OWID,Grenada
GRD,2022,1.6871926,OWID,Grenada
GRD,2023,1.6679682,OWID,Grenada
GTM,1957,16.574598,OWID,Guatemala
GTM,1958,16.220255,OWID,Guatemala
GTM,1959,15.877658,OWID,Guatemala
GTM,1960,15.545844,OWID,Guatemala
GTM,1961,15.214683,OWID,Guatemala
GTM,1962,14.893043,OWID,Guatemala
GTM,1963,14.565559,OWID,Guatemala
GTM,1964,14.241758,OWID,Guatemala
GTM,1965,13.92603,OWID,Guatemala
GTM,1966,13.5979395,OWID,Guatemala
GTM,1967,13.268863,OWID,Guatemala
GTM,1968,12.934045,OWID,Guatemala
GTM,1969,12.5964575,OWID,Guatemala
GTM,1970,12.252378,OWID,Guatemala
GTM,1971,11.900061,OWID,Guatemala
GTM,1972,11.548354,OWID,Guatemala
GTM,1973,11.206089,OWID,Guatemala
GTM,1974,10.856111,OWID,Guatemala
GTM,1975,10.519997,OWID,Guatemala
GTM,1976,11.142487,OWID,Guatemala
GTM,1977,9.865565,OWID,Guatemala
GTM,1978,9.547138,OWID,Guatemala
GTM,1979,9.232315,OWID,Guatemala
GTM,1980,8.920178,OWID,Guatemala
GTM,1981,8.611955,OWID,Guatemala
GTM,1982,9.192266,OWID,Guatemala
GTM,1983,8.006304,OWID,Guatemala
GTM,1984,7.713681,OWID,Guatemala
GTM,1985,7.4208565,OWID,Guatemala
GTM,1986,7.1293855,OWID,Guatemala
GTM,1987,6.8461304,OWID,Guatemala
GTM,1988,6.572192,OWID,Guatemala
GTM,1989,6.3082643,OWID,Guatemala
GTM,1990,6.0517473,OWID,Guatemala
GTM,1991,5.804584,OWID,Guatemala
GTM,1992,5.569135,OWID,Guatemala
GTM,1993,5.343323,OWID,Guatemala
GTM,1994,5.1309743,OWID,Guatemala
GTM,1995,4.9330454,OWID,Guatemala
GTM,1996,4.742128,OWID,Guatemala
GTM,1997,4.562252,OWID,Guatemala
GTM,1998,4.3921657,OWID,Guatemala
GTM,1999,4.2318797,OWID,Guatemala
GTM,2000,4.0778728,OWID,Guatemala
GTM,2001,3.9328332,OWID,Guatemala
GTM,2002,3.7912352,OWID,Guatemala
GTM,2003,3.6560166,OWID,Guatemala
GTM,2004,3.526907,OWID,Guatemala
GTM,2005,3.4023674,OWID,Guatemala
GTM,2006,3.2804039,OWID,Guatemala
GTM,2007,3.1597872,OWID,Guatemala
GTM,2008,3.042254,OWID,Guatemala
GTM,2009,2.9261308,OWID,Guatemala
GTM,2010,2.8160994,OWID,Guatemala
GTM,2011,2.7092707,OWID,Guatemala
GTM,2012,2.6066303,OWID,Guatemala
GTM,2013,2.5089712,OWID,Guatemala
GTM,2014,2.4142735,OWID,Guatemala
GTM,2015,2.3262875,OWID,Guatemala
GTM,2016,2.2458994,OWID,Guatemala
GTM,2017,2.1711373,OWID,Guatemala
GTM,2018,2.1003907,OWID,Guatemala
GTM,2019,2.0354722,OWID,Guatemala
GTM,2020,1.9701388,OWID,Guatemala
GTM,2021,1.9044703,OWID,Guatemala
GTM,2022,1.8448097,OWID,Guatemala
GTM,2023,1.7869859,OWID,Guatemala
GIN,1937,16.805521,OWID,Guinea
GIN,1938,16.965767,OWID,Guinea
GIN,1939,17.098005,OWID,Guinea
GIN,1940,17.25083,OWID,Guinea
GIN,1941,17.40954,OWID,Guinea
GIN,1942,17.563911,OWID,Guinea
GIN,1943,17.725826,OWID,Guinea
GIN,1944,17.880407,OWID,Guinea
GIN,1945,18.044125,OWID,Guinea
GIN,1946,18.19615,OWID,Guinea
GIN,1947,18.348253,OWID,Guinea
GIN,1948,18.49734,OWID,Guinea
GIN,1949,18.644344,OWID,Guinea
GIN,1950,18.768764,OWID,Guinea
GIN,1951,18.888086,OWID,Guinea
GIN,1952,19.010214,OWID,Guinea
GIN,1953,19.09566,OWID,Guinea
GIN,1954,19.154886,OWID,Guinea
GIN,1955,19.217,OWID,Guinea
GIN,1956,19.237614,OWID,Guinea
GIN,1957,19.243708,OWID,Guinea
GIN,1958,19.220667,OWID,Guinea
GIN,1959,19.174822,OWID,Guinea
GIN,1960,19.122377,OWID,Guinea
GIN,1961,19.049154,OWID,Guinea
GIN,1962,18.947876,OWID,Guinea
GIN,1963,18.856108,OWID,Guinea
GIN,1964,18.76708,OWID,Guinea
GIN,1965,18.653606,OWID,Guinea
GIN,1966,18.529713,OWID,Guinea
GIN,1967,18.423786,OWID,Guinea
GIN,1968,18.288128,OWID,Guinea
GIN,1969,18.150347,OWID,Guinea
GIN,1970,18.02421,OWID,Guinea
GIN,1971,17.90289,OWID,Guinea
GIN,1972,17.758694,OWID,Guinea
GIN,1973,17.613197,OWID,Guinea
GIN,1974,17.439684,OWID,Guinea
GIN,1975,17.262669,OWID,Guinea
GIN,1976,17.056747,OWID,Guinea
GIN,1977,16.813498,OWID,Guinea
GIN,1978,16.567743,OWID,Guinea
GIN,1979,16.296068,OWID,Guinea
GIN,1980,16.01573,OWID,Guinea
GIN,1981,15.747932,OWID,Guinea
GIN,1982,15.49451,OWID,Guinea
GIN,1983,15.239155,OWID,Guinea
GIN,1984,14.972711,OWID,Guinea
GIN,1985,14.708169,OWID,Guinea
GIN,1986,14.447555,OWID,Guinea
GIN,1987,14.199982,OWID,Guinea
GIN,1988,13.946901,OWID,Guinea
GIN,1989,13.672039,OWID,Guinea
GIN,1990,13.373859,OWID,Guinea
GIN,1991,13.044938,OWID,Guinea
GIN,1992,12.694091,OWID,Guinea
GIN,1993,12.327638,OWID,Guinea
GIN,1994,11.959354,OWID,Guinea
GIN,1995,11.584766,OWID,Guinea
GIN,1996,11.209535,OWID,Guinea
GIN,1997,10.833544,OWID,Guinea
GIN,1998,10.4617605,OWID,Guinea
GIN,1999,10.078354,OWID,Guinea
GIN,2000,9.696723,OWID,Guinea
GIN,2001,9.324213,OWID,Guinea
GIN,2002,8.972509,OWID,Guinea
GIN,2003,8.658745,OWID,Guinea
GIN,2004,8.378534,OWID,Guinea
GIN,2005,8.137059,OWID,Guinea
GIN,2006,7.933665,OWID,Guinea
GIN,2007,7.7680883,OWID,Guinea
GIN,2008,7.637084,OWID,Guinea
GIN,2009,7.52788,OWID,Guinea
GIN,2010,7.4417205,OWID,Guinea
GIN,2011,7.3606915,OWID,Guinea
GIN,2012,7.2910957,OWID,Guinea
GIN,2013,7.2265034,OWID,Guinea
GIN,2014,7.2170362,OWID,Guinea
GIN,2015,7.156135,OWID,Guinea
GIN,2016,7.017623,OWID,Guinea
GIN,2017,6.9364514,OWID,Guinea
GIN,2018,6.8494897,OWID,Guinea
GIN,2019,6.7358885,OWID,Guinea
GIN,2020,6.5983324,OWID,Guinea
GIN,2021,6.45605,OWID,Guinea
GIN,2022,6.3072157,OWID,Guinea
GIN,2023,6.1548734,OWID,Guinea
GNB,1985,13.195838,OWID,Guinea-Bissau
GNB,1986,13.009884,OWID,Guinea-Bissau
GNB,1987,12.825209,OWID,Guinea-Bissau
GNB,1988,12.660227,OWID,Guinea-Bissau
GNB,1989,12.496064,OWID,Guinea-Bissau
GNB,1990,12.328445,OWID,Guinea-Bissau
GNB,1991,12.139615,OWID,Guinea-Bissau
GNB,1992,11.938898,OWID,Guinea-Bissau
GNB,1993,11.728248,OWID,Guinea-Bissau
GNB,1994,11.518731,OWID,Guinea-Bissau
GNB,1995,11.291039,OWID,Guinea-Bissau
GNB,1996,11.047496,OWID,Guinea-Bissau
GNB,1997,10.79459,OWID,Guinea-Bissau
GNB,1998,10.549743,OWID,Guinea-Bissau
GNB,1999,10.285439,OWID,Guinea-Bissau
GNB,2000,10.029878,OWID,Guinea-Bissau
GNB,2001,9.7506695,OWID,Guinea-Bissau
GNB,2002,9.45437,OWID,Guinea-Bissau
GNB,2003,9.151074,OWID,Guinea-Bissau
GNB,2004,8.8333645,OWID,Guinea-Bissau
GNB,2005,8.495002,OWID,Guinea-Bissau
GNB,2006,8.149819,OWID,Guinea-Bissau
GNB,2007,7.796106,OWID,Guinea-Bissau
GNB,2008,7.449817,OWID,Guinea-Bissau
GNB,2009,7.107895,OWID,Guinea-Bissau
GNB,2010,6.7801805,OWID,Guinea-Bissau
GNB,2011,6.462996,OWID,Guinea-Bissau
GNB,2012,6.178624,OWID,Guinea-Bissau
GNB,2013,5.936542,OWID,Guinea-Bissau
GNB,2014,5.7175946,OWID,Guinea-Bissau
GNB,2015,5.526118,OWID,Guinea-Bissau
GNB,2016,5.338338,OWID,Guinea-Bissau
GNB,2017,5.169639,OWID,Guinea-Bissau
GNB,2018,4.996751,OWID,Guinea-Bissau
GNB,2019,4.8339844,OWID,Guinea-Bissau
GNB,2020,4.699934,OWID,Guinea-Bissau
GNB,2021,4.567917,OWID,Guinea-Bissau
GNB,2022,4.4327455,OWID,Guinea-Bissau
GNB,2023,4.305592,OWID,Guinea-Bissau
GUY,1949,11.266752,OWID,Guyana
GUY,1950,10.854809,OWID,Guyana
GUY,1951,10.452657,OWID,Guyana
GUY,1952,10.048154,OWID,Guyana
GUY,1953,9.651618,OWID,Guyana
GUY,1954,9.243617,OWID,Guyana
GUY,1955,8.834657,OWID,Guyana
GUY,1956,8.426504,OWID,Guyana
GUY,1957,8.039356,OWID,Guyana
GUY,1958,7.6769915,OWID,Guyana
GUY,1959,7.3482013,OWID,Guyana
GUY,1960,7.051586,OWID,Guyana
GUY,1961,6.8051057,OWID,Guyana
GUY,1962,6.5914555,OWID,Guyana
GUY,1963,6.4138927,OWID,Guyana
GUY,1964,6.2753572,OWID,Guyana
GUY,1965,6.164719,OWID,Guyana
GUY,1966,6.085451,OWID,Guyana
GUY,1967,6.031447,OWID,Guyana
GUY,1968,6.003062,OWID,Guyana
GUY,1969,5.9856114,OWID,Guyana
GUY,1970,5.979591,OWID,Guyana
GUY,1971,5.9892945,OWID,Guyana
GUY,1972,5.997817,OWID,Guyana
GUY,1973,6.005738,OWID,Guyana
GUY,1974,6.013073,OWID,Guyana
GUY,1975,6.0111523,OWID,Guyana
GUY,1976,6.001553,OWID,Guyana
GUY,1977,5.983571,OWID,Guyana
GUY,1978,5.9619303,OWID,Guyana
GUY,1979,5.934914,OWID,Guyana
GUY,1980,5.9012256,OWID,Guyana
GUY,1981,5.870113,OWID,Guyana
GUY,1982,5.8300977,OWID,Guyana
GUY,1983,5.78959,OWID,Guyana
GUY,1984,5.7378798,OWID,Guyana
GUY,1985,5.6890306,OWID,Guyana
GUY,1986,5.6272917,OWID,Guyana
GUY,1987,5.557836,OWID,Guyana
GUY,1988,5.472545,OWID,Guyana
GUY,1989,5.371234,OWID,Guyana
GUY,1990,5.2623253,OWID,Guyana
GUY,1991,5.1429687,OWID,Guyana
GUY,1992,5.0192146,OWID,Guyana
GUY,1993,4.890473,OWID,Guyana
GUY,1994,4.7658067,OWID,Guyana
GUY,1995,4.648159,OWID,Guyana
GUY,1996,4.5362988,OWID,Guyana
GUY,1997,4.4314804,OWID,Guyana
GUY,1998,4.3277664,OWID,Guyana
GUY,1999,4.229968,OWID,Guyana
GUY,2000,4.134663,OWID,Guyana
GUY,2001,4.040117,OWID,Guyana
GUY,2002,3.951834,OWID,Guyana
GUY,2003,3.8704827,OWID,Guyana
GUY,2004,3.7938821,OWID,Guyana
GUY,2005,3.7229054,OWID,Guyana
GUY,2006,3.6534083,OWID,Guyana
GUY,2007,3.5859902,OWID,Guyana
GUY,2008,3.519932,OWID,Guyana
GUY,2009,3.4569569,OWID,Guyana
GUY,2010,3.394982,OWID,Guyana
GUY,2011,3.331757,OWID,Guyana
GUY,2012,3.2675765,OWID,Guyana
GUY,2013,3.1967735,OWID,Guyana
GUY,2014,3.1162007,OWID,Guyana
GUY,2015,3.0325475,OWID,Guyana
GUY,2016,2.9452744,OWID,Guyana
GUY,2017,2.8611357,OWID,Guyana
GUY,2018,2.7783701,OWID,Guyana
GUY,2019,2.6970851,OWID,Guyana
GUY,2020,2.6156235,OWID,Guyana
GUY,2021,2.5348217,OWID,Guyana
GUY,2022,2.4557424,OWID,Guyana
GUY,2023,2.3797998,OWID,Guyana
HTI,1960,19.319735,OWID,Haiti
HTI,1961,19.083218,OWID,Haiti
HTI,1962,18.849367,OWID,Haiti
HTI,1963,18.596838,OWID,Haiti
HTI,1964,18.35455,OWID,Haiti
HTI,1965,18.108727,OWID,Haiti
HTI,1966,17.843164,OWID,Haiti
HTI,1967,17.559086,OWID,Haiti
HTI,1968,17.276445,OWID,Haiti
HTI,1969,16.962393,OWID,Haiti
HTI,1970,16.644049,OWID,Haiti
HTI,1971,16.309172,OWID,Haiti
HTI,1972,15.962146,OWID,Haiti
HTI,1973,15.60699,OWID,Haiti
HTI,1974,15.239447,OWID,Haiti
HTI,1975,14.864601,OWID,Haiti
HTI,1976,14.483021,OWID,Haiti
HTI,1977,14.101801,OWID,Haiti
HTI,1978,13.729695,OWID,Haiti
HTI,1979,13.366642,OWID,Haiti
HTI,1980,13.013586,OWID,Haiti
HTI,1981,12.663416,OWID,Haiti
HTI,1982,12.310171,OWID,Haiti
HTI,1983,11.962341,OWID,Haiti
HTI,1984,11.626717,OWID,Haiti
HTI,1985,11.295905,OWID,Haiti
HTI,1986,10.976615,OWID,Haiti
HTI,1987,10.666696,OWID,Haiti
HTI,1988,10.370865,OWID,Haiti
HTI,1989,10.082107,OWID,Haiti
HTI,1990,9.798431,OWID,Haiti
HTI,1991,9.517092,OWID,Haiti
HTI,1992,9.234071,OWID,Haiti
HTI,1993,8.949594,OWID,Haiti
HTI,1994,8.666787,OWID,Haiti
HTI,1995,8.384083,OWID,Haiti
HTI,1996,8.109642,OWID,Haiti
HTI,1997,7.834931,OWID,Haiti
HTI,1998,7.570782,OWID,Haiti
HTI,1999,7.313763,OWID,Haiti
HTI,2000,7.0741625,OWID,Haiti
HTI,2001,6.8520885,OWID,Haiti
HTI,2002,6.6479974,OWID,Haiti
HTI,2003,6.470775,OWID,Haiti
HTI,2004,6.3120904,OWID,Haiti
HTI,2005,6.1708336,OWID,Haiti
HTI,2006,6.039127,OWID,Haiti
HTI,2007,5.912562,OWID,Haiti
HTI,2008,5.7933025,OWID,Haiti
HTI,2009,5.6827035,OWID,Haiti
HTI,2010,7.8623843,OWID,Haiti
HTI,2011,5.4564734,OWID,Haiti
HTI,2012,5.3415327,OWID,Haiti
HTI,2013,5.2354016,OWID,Haiti
HTI,2014,5.121764,OWID,Haiti
HTI,2015,4.9952483,OWID,Haiti
HTI,2016,4.8651214,OWID,Haiti
HTI,2017,4.747313,OWID,Haiti
HTI,2018,4.6263328,OWID,Haiti
HTI,2019,4.504588,OWID,Haiti
HTI,2020,4.3767405,OWID,Haiti
HTI,2021,4.253961,OWID,Haiti
HTI,2022,4.1471086,OWID,Haiti
HTI,2023,4.032779,OWID,Haiti
,1990,1.1419878,OWID,High-income countries
,1991,1.0912833,OWID,High-income countries
,1992,1.0419663,OWID,High-income countries
,1993,0.99581784,OWID,High-income countries
,1994,0.9586211,OWID,High-income countries
,1995,0.92055964,OWID,High-income countries
,1996,0.8803456,OWID,High-income countries
,1997,0.8453611,OWID,High-income countries
,1998,0.8155279,OWID,High-income countries
,1999,0.7842512,OWID,High-income countries
,2000,0.7556183,OWID,High-income countries
,2001,0.7324884,OWID,High-income countries
,2002,0.7116003,OWID,High-income countries
,2003,0.6905635,OWID,High-income countries
,2004,0.6669151,OWID,High-income countries
,2005,0.64387864,OWID,High-income countries
,2006,0.6206379,OWID,High-income countries
,2007,0.6021603,OWID,High-income countries
,2008,0.5831124,OWID,High-income countries
,2009,0.5667978,OWID,High-income countries
,2010,0.5495377,OWID,High-income countries
,2011,0.53659195,OWID,High-income countries
,2012,0.5254681,OWID,High-income countries
,2013,0.5133697,OWID,High-income countries
,2014,0.50042933,OWID,High-income countries
,2015,0.48559347,OWID,High-income countries
,2016,0.47079605,OWID,High-income countries
,2017,0.45672888,OWID,High-income countries
,2018,0.44450855,OWID,High-income countries
,2019,0.43431303,OWID,High-income countries
,2020,0.4252166,OWID,High-income countries
,2021,0.41859934,OWID,High-income countries
,2022,0.4170569,OWID,High-income countries
,2023,0.41475746,OWID,High-income countries
HND,1956,15.738152,OWID,Honduras
HND,1957,15.3254595,OWID,Honduras
HND,1958,14.912684,OWID,Honduras
HND,1959,14.508982,OWID,Honduras
HND,1960,14.121417,OWID,Honduras
HND,1961,13.743443,OWID,Honduras
HND,1962,13.374436,OWID,Honduras
HND,1963,13.017324,OWID,Honduras
HND,1964,12.659365,OWID,Honduras
HND,1965,12.300504,OWID,Honduras
HND,1966,11.945171,OWID,Honduras
HND,1967,11.573696,OWID,Honduras
HND,1968,11.218286,OWID,Honduras
HND,1969,10.85707,OWID,Honduras
HND,1970,10.492458,OWID,Honduras
HND,1971,10.133875,OWID,Honduras
HND,1972,9.776639,OWID,Honduras
HND,1973,9.413619,OWID,Honduras
HND,1974,10.003845,OWID,Honduras
HND,1975,8.714341,OWID,Honduras
HND,1976,8.372939,OWID,Honduras
HND,1977,8.034855,OWID,Honduras
HND,1978,7.704535,OWID,Honduras
HND,1979,7.379689,OWID,Honduras
HND,1980,7.061449,OWID,Honduras
HND,1981,6.7523913,OWID,Honduras
HND,1982,6.4516797,OWID,Honduras
HND,1983,6.1544604,OWID,Honduras
HND,1984,5.87616,OWID,Honduras
HND,1985,5.606618,OWID,Honduras
HND,1986,5.348685,OWID,Honduras
HND,1987,5.1016583,OWID,Honduras
HND,1988,4.86916,OWID,Honduras
HND,1989,4.650659,OWID,Honduras
HND,1990,4.4477153,OWID,Honduras
HND,1991,4.251815,OWID,Honduras
HND,1992,4.0741253,OWID,Honduras
HND,1993,3.9079075,OWID,Honduras
HND,1994,3.7528067,OWID,Honduras
HND,1995,3.6070974,OWID,Honduras
HND,1996,3.468804,OWID,Honduras
HND,1997,3.335996,OWID,Honduras
HND,1998,4.1186485,OWID,Honduras
HND,1999,3.0836966,OWID,Honduras
HND,2000,2.9616475,OWID,Honduras
HND,2001,2.8434727,OWID,Honduras
HND,2002,2.7260628,OWID,Honduras
HND,2003,2.6150513,OWID,Honduras
HND,2004,2.5110714,OWID,Honduras
HND,2005,2.414732,OWID,Honduras
HND,2006,2.325403,OWID,Honduras
HND,2007,2.2416694,OWID,Honduras
HND,2008,2.1644607,OWID,Honduras
HND,2009,2.0936513,OWID,Honduras
HND,2010,2.0249236,OWID,Honduras
HND,2011,1.9601055,OWID,Honduras
HND,2012,1.8965766,OWID,Honduras
HND,2013,1.8346679,OWID,Honduras
HND,2014,1.7757158,OWID,Honduras
HND,2015,1.7194808,OWID,Honduras
HND,2016,1.6624533,OWID,Honduras
HND,2017,1.6082122,OWID,Honduras
HND,2018,1.5570111,OWID,Honduras
HND,2019,1.508215,OWID,Honduras
HND,2020,1.4611349,OWID,Honduras
HND,2021,1.4148508,OWID,Honduras
HND,2022,1.3693376,OWID,Honduras
HND,2023,1.3280712,OWID,Honduras
HUN,1949,9.564086,OWID,Hungary
HUN,1950,8.671595,OWID,Hungary
HUN,1951,7.8642225,OWID,Hungary
HUN,1952,7.172871,OWID,Hungary
HUN,1953,6.5965586,OWID,Hungary
HUN,1954,6.1760635,OWID,Hungary
HUN,1955,5.9222775,OWID,Hungary
HUN,1956,5.7666383,OWID,Hungary
HUN,1957,5.5884867,OWID,Hungary
HUN,1958,5.3364553,OWID,Hungary
HUN,1959,5.059371,OWID,Hungary
HUN,1960,4.8036036,OWID,Hungary
HUN,1961,4.5857096,OWID,Hungary
HUN,1962,4.401416,OWID,Hungary
HUN,1963,4.244759,OWID,Hungary
HUN,1964,4.110699,OWID,Hungary
HUN,1965,3.9929085,OWID,Hungary
HUN,1966,3.8852234,OWID,Hungary
HUN,1967,3.780951,OWID,Hungary
HUN,1968,3.6806796,OWID,Hungary
HUN,1969,3.5895424,OWID,Hungary
HUN,1970,3.5152934,OWID,Hungary
HUN,1971,3.469004,OWID,Hungary
HUN,1972,3.4638872,OWID,Hungary
HUN,1973,3.476773,OWID,Hungary
HUN,1974,3.419786,OWID,Hungary
HUN,1975,3.2163992,OWID,Hungary
HUN,1976,2.9260995,OWID,Hungary
HUN,1977,2.6541433,OWID,Hungary
HUN,1978,2.4452856,OWID,Hungary
HUN,1979,2.2804372,OWID,Hungary
HUN,1980,2.141996,OWID,Hungary
HUN,1981,2.037252,OWID,Hungary
HUN,1982,1.9829801,OWID,Hungary
HUN,1983,1.9752373,OWID,Hungary
HUN,1984,1.9711444,OWID,Hungary
HUN,1985,1.9277043,OWID,Hungary
HUN,1986,1.8472275,OWID,Hungary
HUN,1987,1.7519641,OWID,Hungary
HUN,1988,1.6583362,OWID,Hungary
HUN,1989,1.5783087,OWID,Hungary
HUN,1990,1.5162793,OWID,Hungary
HUN,1991,1.4559677,OWID,Hungary
HUN,1992,1.3732544,OWID,Hungary
HUN,1993,1.2669635,OWID,Hungary
HUN,1994,1.1646804,OWID,Hungary
HUN,1995,1.0875591,OWID,Hungary
HUN,1996,1.0334985,OWID,Hungary
HUN,1997,0.9914809,OWID,Hungary
HUN,1998,0.95300335,OWID,Hungary
HUN,1999,0.9127394,OWID,Hungary
HUN,2000,0.8658497,OWID,Hungary
HUN,2001,0.81447136,OWID,Hungary
HUN,2002,0.76375014,OWID,Hungary
HUN,2003,0.71701705,OWID,Hungary
HUN,2004,0.6752809,OWID,Hungary
HUN,2005,0.63979024,OWID,Hungary
HUN,2006,0.6084711,OWID,Hungary
HUN,2007,0.5788338,OWID,Hungary
HUN,2008,0.5506607,OWID,Hungary
HUN,2009,0.52680075,OWID,Hungary
HUN,2010,0.5088648,OWID,Hungary
HUN,2011,0.49537686,OWID,Hungary
HUN,2012,0.48270246,OWID,Hungary
HUN,2013,0.46792975,OWID,Hungary
HUN,2014,0.44868076,OWID,Hungary
HUN,2015,0.4236851,OWID,Hungary
HUN,2016,0.3969618,OWID,Hungary
HUN,2017,0.37396538,OWID,Hungary
HUN,2018,0.35703453,OWID,Hungary
HUN,2019,0.34503752,OWID,Hungary
HUN,2020,0.3363165,OWID,Hungary
HUN,2021,0.3298694,OWID,Hungary
HUN,2022,0.32320514,OWID,Hungary
HUN,2023,0.3155093,OWID,Hungary
ISL,1949,2.5619307,OWID,Iceland
ISL,1950,2.4359486,OWID,Iceland
ISL,1951,2.319557,OWID,Iceland
ISL,1952,2.212517,OWID,Iceland
ISL,1953,2.1169412,OWID,Iceland
ISL,1954,2.0299296,OWID,Iceland
ISL,1955,1.9566609,OWID,Iceland
ISL,1956,1.8927361,OWID,Iceland
ISL,1957,1.8387091,OWID,Iceland
ISL,1958,1.7945272,OWID,Iceland
ISL,1959,1.7582412,OWID,Iceland
ISL,1960,1.7291014,OWID,Iceland
ISL,1961,1.7007536,OWID,Iceland
ISL,1962,1.6721773,OWID,Iceland
ISL,1963,1.6383729,OWID,Iceland
ISL,1964,1.5977378,OWID,Iceland
ISL,1965,1.5518535,OWID,Iceland
ISL,1966,1.5009125,OWID,Iceland
ISL,1967,1.4486763,OWID,Iceland
ISL,1968,1.3961827,OWID,Iceland
ISL,1969,1.3459309,OWID,Iceland
ISL,1970,1.2969245,OWID,Iceland
ISL,1971,1.2482054,OWID,Iceland
ISL,1972,1.2000574,OWID,Iceland
ISL,1973,1.1505224,OWID,Iceland
ISL,1974,1.1003232,OWID,Iceland
ISL,1975,1.0473098,OWID,Iceland
ISL,1976,0.99331033,OWID,Iceland
ISL,1977,0.93912655,OWID,Iceland
ISL,1978,0.8865692,OWID,Iceland
ISL,1979,0.8359918,OWID,Iceland
ISL,1980,0.7891726,OWID,Iceland
ISL,1981,0.74602115,OWID,Iceland
ISL,1982,0.7067596,OWID,Iceland
ISL,1983,0.671936,OWID,Iceland
ISL,1984,0.64075136,OWID,Iceland
ISL,1985,0.6136671,OWID,Iceland
ISL,1986,0.5899744,OWID,Iceland
ISL,1987,0.56800157,OWID,Iceland
ISL,1988,0.54753023,OWID,Iceland
ISL,1989,0.5282909,OWID,Iceland
ISL,1990,0.50948393,OWID,Iceland
ISL,1991,0.4908034,OWID,Iceland
ISL,1992,0.4727404,OWID,Iceland
ISL,1993,0.45418587,OWID,Iceland
ISL,1994,0.4354354,OWID,Iceland
ISL,1995,0.41645792,OWID,Iceland
ISL,1996,0.39699575,OWID,Iceland
ISL,1997,0.3776522,OWID,Iceland
ISL,1998,0.3579595,OWID,Iceland
ISL,1999,0.33834106,OWID,Iceland
ISL,2000,0.31934416,OWID,Iceland
ISL,2001,0.30102953,OWID,Iceland
ISL,2002,0.2845197,OWID,Iceland
ISL,2003,0.26943532,OWID,Iceland
ISL,2004,0.25606382,OWID,Iceland
ISL,2005,0.24440046,OWID,Iceland
ISL,2006,0.23447901,OWID,Iceland
ISL,2007,0.225805,OWID,Iceland
ISL,2008,0.2185543,OWID,Iceland
ISL,2009,0.21255396,OWID,Iceland
ISL,2010,0.2076983,OWID,Iceland
ISL,2011,0.20406261,OWID,Iceland
ISL,2012,0.20148456,OWID,Iceland
ISL,2013,0.19997437,OWID,Iceland
ISL,2014,0.1988993,OWID,Iceland
ISL,2015,0.19861236,OWID,Iceland
ISL,2016,0.19889812,OWID,Iceland
ISL,2017,0.19942272,OWID,Iceland
ISL,2018,0.20025261,OWID,Iceland
ISL,2019,0.20076092,OWID,Iceland
ISL,2020,0.2007852,OWID,Iceland
ISL,2021,0.19957757,OWID,Iceland
ISL,2022,0.19683614,OWID,Iceland
ISL,2023,0.19351818,OWID,Iceland
IND,1953,16.728416,OWID,India
IND,1954,16.460287,OWID,India
IND,1955,16.216583,OWID,India
IND,1956,15.956519,OWID,India
IND,1957,15.722994,OWID,India
IND,1958,15.492955,OWID,India
IND,1959,15.271534,OWID,India
IND,1960,15.064749,OWID,India
IND,1961,14.877405,OWID,India
IND,1962,14.698405,OWID,India
IND,1963,14.5460415,OWID,India
IND,1964,14.395708,OWID,India
IND,1965,14.262865,OWID,India
IND,1966,14.129821,OWID,India
IND,1967,14.001693,OWID,India
IND,1968,13.875401,OWID,India
IND,1969,13.7309885,OWID,India
IND,1970,13.578078,OWID,India
IND,1971,13.404956,OWID,India
IND,1972,13.216152,OWID,India
IND,1973,12.9995365,OWID,India
IND,1974,12.755571,OWID,India
IND,1975,12.482827,OWID,India
IND,1976,12.186326,OWID,India
IND,1977,11.859023,OWID,India
IND,1978,11.517738,OWID,India
IND,1979,11.1744995,OWID,India
IND,1980,10.843846,OWID,India
IND,1981,10.531636,OWID,India
IND,1982,10.250669,OWID,India
IND,1983,9.99222,OWID,India
IND,1984,9.756783,OWID,India
IND,1985,9.531186,OWID,India
IND,1986,9.306738,OWID,India
IND,1987,9.080936,OWID,India
IND,1988,8.854651,OWID,India
IND,1989,8.637119,OWID,India
IND,1990,8.431994,OWID,India
IND,1991,8.240075,OWID,India
IND,1992,8.062254,OWID,India
IND,1993,7.891124,OWID,India
IND,1994,7.7267294,OWID,India
IND,1995,7.5576797,OWID,India
IND,1996,7.382471,OWID,India
IND,1997,7.201121,OWID,India
IND,1998,7.0155435,OWID,India
IND,1999,6.8211737,OWID,India
IND,2000,6.6265144,OWID,India
IND,2001,6.431387,OWID,India
IND,2002,6.238761,OWID,India
IND,2003,6.0481176,OWID,India
IND,2004,5.8599186,OWID,India
IND,2005,5.6707287,OWID,India
IND,2006,5.478616,OWID,India
IND,2007,5.2805305,OWID,India
IND,2008,5.0786886,OWID,India
IND,2009,4.8747854,OWID,India
IND,2010,4.6677365,OWID,India
IND,2011,4.4563274,OWID,India
IND,2012,4.2498384,OWID,India
IND,2013,4.0462136,OWID,India
IND,2014,3.8486621,OWID,India
IND,2015,3.657052,OWID,India
IND,2016,3.4735608,OWID,India
IND,2017,3.2958658,OWID,India
IND,2018,3.1280997,OWID,India
IND,2019,2.9669576,OWID,India
IND,2020,2.8158298,OWID,India
IND,2021,2.678694,OWID,India
IND,2022,2.5576582,OWID,India
IND,2023,2.4498441,OWID,India
IDN,1952,18.325928,OWID,Indonesia
IDN,1953,17.782068,OWID,Indonesia
IDN,1954,17.255772,OWID,Indonesia
IDN,1955,16.735153,OWID,Indonesia
IDN,1956,16.236456,OWID,Indonesia
IDN,1957,15.759355,OWID,Indonesia
IDN,1958,15.308158,OWID,Indonesia
IDN,1959,14.883709,OWID,Indonesia
IDN,1960,14.489786,OWID,Indonesia
IDN,1961,14.124427,OWID,Indonesia
IDN,1962,13.777134,OWID,Indonesia
IDN,1963,13.4327545,OWID,Indonesia
IDN,1964,13.0910845,OWID,Indonesia
IDN,1965,14.12073,OWID,Indonesia
IDN,1966,12.413946,OWID,Indonesia
IDN,1967,12.078298,OWID,Indonesia
IDN,1968,11.743028,OWID,Indonesia
IDN,1969,11.414995,OWID,Indonesia
IDN,1970,11.09862,OWID,Indonesia
IDN,1971,10.79934,OWID,Indonesia
IDN,1972,10.506331,OWID,Indonesia
IDN,1973,10.228339,OWID,Indonesia
IDN,1974,9.965204,OWID,Indonesia
IDN,1975,9.716046,OWID,Indonesia
IDN,1976,9.48186,OWID,Indonesia
IDN,1977,9.259888,OWID,Indonesia
IDN,1978,9.051316,OWID,Indonesia
IDN,1979,8.847931,OWID,Indonesia
IDN,1980,8.64655,OWID,Indonesia
IDN,1981,8.443152,OWID,Indonesia
IDN,1982,8.239507,OWID,Indonesia
IDN,1983,8.034949,OWID,Indonesia
IDN,1984,7.824694,OWID,Indonesia
IDN,1985,7.6115394,OWID,Indonesia
IDN,1986,7.3916674,OWID,Indonesia
IDN,1987,7.1654315,OWID,Indonesia
IDN,1988,6.928238,OWID,Indonesia
IDN,1989,6.6848373,OWID,Indonesia
IDN,1990,6.4317894,OWID,Indonesia
IDN,1991,6.1743646,OWID,Indonesia
IDN,1992,5.918117,OWID,Indonesia
IDN,1993,5.665875,OWID,Indonesia
IDN,1994,5.4195676,OWID,Indonesia
IDN,1995,5.1803894,OWID,Indonesia
IDN,1996,4.9521184,OWID,Indonesia
IDN,1997,4.731049,OWID,Indonesia
IDN,1998,4.519506,OWID,Indonesia
IDN,1999,4.318215,OWID,Indonesia
IDN,2000,4.127416,OWID,Indonesia
IDN,2001,3.946787,OWID,Indonesia
IDN,2002,3.7747939,OWID,Indonesia
IDN,2003,3.6119356,OWID,Indonesia
IDN,2004,3.6690292,OWID,Indonesia
IDN,2005,3.3161376,OWID,Indonesia
IDN,2006,3.1798103,OWID,Indonesia
IDN,2007,3.0525432,OWID,Indonesia
IDN,2008,2.9336698,OWID,Indonesia
IDN,2009,2.8196797,OWID,Indonesia
IDN,2010,2.7105978,OWID,Indonesia
IDN,2011,2.6063075,OWID,Indonesia
IDN,2012,2.5052493,OWID,Indonesia
IDN,2013,2.4090064,OWID,Indonesia
IDN,2014,2.3165948,OWID,Indonesia
IDN,2015,2.2291238,OWID,Indonesia
IDN,2016,2.1454802,OWID,Indonesia
IDN,2017,2.0661938,OWID,Indonesia
IDN,2018,1.9938351,OWID,Indonesia
IDN,2019,1.9271511,OWID,Indonesia
IDN,2020,1.8630382,OWID,Indonesia
IDN,2021,1.8033265,OWID,Indonesia
IDN,2022,1.7467606,OWID,Indonesia
IDN,2023,1.695433,OWID,Indonesia
IRN,1971,14.511215,OWID,Iran
IRN,1972,13.907221,OWID,Iran
IRN,1973,13.320212,OWID,Iran
IRN,1974,12.729128,OWID,Iran
IRN,1975,12.114859,OWID,Iran
IRN,1976,11.473051,OWID,Iran
IRN,1977,10.816878,OWID,Iran
IRN,1978,10.137015,OWID,Iran
IRN,1979,9.462809,OWID,Iran
IRN,1980,8.803062,OWID,Iran
IRN,1981,8.184318,OWID,Iran
IRN,1982,7.626664,OWID,Iran
IRN,1983,7.139938,OWID,Iran
IRN,1984,6.7188005,OWID,Iran
IRN,1985,6.343692,OWID,Iran
IRN,1986,6.000693,OWID,Iran
IRN,1987,5.6860695,OWID,Iran
IRN,1988,5.39044,OWID,Iran
IRN,1989,5.1124077,OWID,Iran
IRN,1990,4.859524,OWID,Iran
IRN,1991,4.636108,OWID,Iran
IRN,1992,4.434748,OWID,Iran
IRN,1993,4.2546883,OWID,Iran
IRN,1994,4.0897083,OWID,Iran
IRN,1995,3.933424,OWID,Iran
IRN,1996,3.781941,OWID,Iran
IRN,1997,3.6284235,OWID,Iran
IRN,1998,3.4726863,OWID,Iran
IRN,1999,3.3109539,OWID,Iran
IRN,2000,3.1453116,OWID,Iran
IRN,2001,2.9792001,OWID,Iran
IRN,2002,2.8104615,OWID,Iran
IRN,2003,2.6422913,OWID,Iran
IRN,2004,2.4787102,OWID,Iran
IRN,2005,2.3253374,OWID,Iran
IRN,2006,2.1818058,OWID,Iran
IRN,2007,2.0458903,OWID,Iran
IRN,2008,1.9231198,OWID,Iran
IRN,2009,1.8129064,OWID,Iran
IRN,2010,1.7182158,OWID,Iran
IRN,2011,1.6385173,OWID,Iran
IRN,2012,1.5666234,OWID,Iran
IRN,2013,1.5011183,OWID,Iran
IRN,2014,1.4425752,OWID,Iran
IRN,2015,1.3936521,OWID,Iran
IRN,2016,1.3457817,OWID,Iran
IRN,2017,1.2992301,OWID,Iran
IRN,2018,1.2545265,OWID,Iran
IRN,2019,1.2133385,OWID,Iran
IRN,2020,1.1742287,OWID,Iran
IRN,2021,1.1367192,OWID,Iran
IRN,2022,1.1006782,OWID,Iran
IRN,2023,1.0655916,OWID,Iran
IRQ,1942,37.09715,OWID,Iraq
IRQ,1943,35.2129,OWID,Iraq
IRQ,1944,33.447773,OWID,Iraq
IRQ,1945,31.77598,OWID,Iraq
IRQ,1946,30.202833,OWID,Iraq
IRQ,1947,28.689283,OWID,Iraq
IRQ,1948,27.221428,OWID,Iraq
IRQ,1949,25.7751,OWID,Iraq
IRQ,1950,24.376284,OWID,Iraq
IRQ,1951,23.049143,OWID,Iraq
IRQ,1952,21.78338,OWID,Iraq
IRQ,1953,20.582087,OWID,Iraq
IRQ,1954,19.422642,OWID,Iraq
IRQ,1955,18.322493,OWID,Iraq
IRQ,1956,17.272223,OWID,Iraq
IRQ,1957,16.300804,OWID,Iraq
IRQ,1958,15.407601,OWID,Iraq
IRQ,1959,14.562302,OWID,Iraq
IRQ,1960,13.768122,OWID,Iraq
IRQ,1961,13.042966,OWID,Iraq
IRQ,1962,12.378013,OWID,Iraq
IRQ,1963,11.751857,OWID,Iraq
IRQ,1964,11.180795,OWID,Iraq
IRQ,1965,10.653269,OWID,Iraq
IRQ,1966,10.167883,OWID,Iraq
IRQ,1967,9.72627,OWID,Iraq
IRQ,1968,9.3068075,OWID,Iraq
IRQ,1969,8.907152,OWID,Iraq
IRQ,1970,8.539002,OWID,Iraq
IRQ,1971,8.186138,OWID,Iraq
IRQ,1972,7.855446,OWID,Iraq
IRQ,1973,7.535236,OWID,Iraq
IRQ,1974,7.2292967,OWID,Iraq
IRQ,1975,6.936766,OWID,Iraq
IRQ,1976,6.6559763,OWID,Iraq
IRQ,1977,6.397172,OWID,Iraq
IRQ,1978,6.1550345,OWID,Iraq
IRQ,1979,5.932815,OWID,Iraq
IRQ,1980,5.731257,OWID,Iraq
IRQ,1981,5.538575,OWID,Iraq
IRQ,1982,5.365793,OWID,Iraq
IRQ,1983,5.2074537,OWID,Iraq
IRQ,1984,5.0619326,OWID,Iraq
IRQ,1985,4.929393,OWID,Iraq
IRQ,1986,4.810068,OWID,Iraq
IRQ,1987,4.7035465,OWID,Iraq
IRQ,1988,5.1268835,OWID,Iraq
IRQ,1989,5.5701337,OWID,Iraq
IRQ,1990,5.483935,OWID,Iraq
IRQ,1991,4.8683076,OWID,Iraq
IRQ,1992,4.3254223,OWID,Iraq
IRQ,1993,4.265272,OWID,Iraq
IRQ,1994,4.20786,OWID,Iraq
IRQ,1995,4.152163,OWID,Iraq
IRQ,1996,4.0917134,OWID,Iraq
IRQ,1997,4.0310426,OWID,Iraq
IRQ,1998,3.9662673,OWID,Iraq
IRQ,1999,3.9002101,OWID,Iraq
IRQ,2000,3.8370745,OWID,Iraq
IRQ,2001,3.7699466,OWID,Iraq
IRQ,2002,3.704321,OWID,Iraq
IRQ,2003,3.6395917,OWID,Iraq
IRQ,2004,3.5738792,OWID,Iraq
IRQ,2005,3.503977,OWID,Iraq
IRQ,2006,3.429738,OWID,Iraq
IRQ,2007,3.3509245,OWID,Iraq
IRQ,2008,3.2675474,OWID,Iraq
IRQ,2009,3.1809382,OWID,Iraq
IRQ,2010,3.0943265,OWID,Iraq
IRQ,2011,3.0081425,OWID,Iraq
IRQ,2012,2.9215517,OWID,Iraq
IRQ,2013,2.8371613,OWID,Iraq
IRQ,2014,2.7512481,OWID,Iraq
IRQ,2015,2.667727,OWID,Iraq
IRQ,2016,2.586095,OWID,Iraq
IRQ,2017,2.5092943,OWID,Iraq
IRQ,2018,2.4352164,OWID,Iraq
IRQ,2019,2.3588705,OWID,Iraq
IRQ,2020,2.285278,OWID,Iraq
IRQ,2021,2.217421,OWID,Iraq
IRQ,2022,2.1466281,OWID,Iraq
IRQ,2023,2.0824757,OWID,Iraq
IRL,1949,4.6824617,OWID,Ireland
IRL,1950,4.5261555,OWID,Ireland
IRL,1951,4.3572288,OWID,Ireland
IRL,1952,4.1733403,OWID,Ireland
IRL,1953,3.9868257,OWID,Ireland
IRL,1954,3.8119292,OWID,Ireland
IRL,1955,3.6563468,OWID,Ireland
IRL,1956,3.523594,OWID,Ireland
IRL,1957,3.4080143,OWID,Ireland
IRL,1958,3.29628,OWID,Ireland
IRL,1959,3.1713862,OWID,Ireland
IRL,1960,3.0425127,OWID,Ireland
IRL,1961,2.9216745,OWID,Ireland
IRL,1962,2.8143325,OWID,Ireland
IRL,1963,2.7107804,OWID,Ireland
IRL,1964,2.6009114,OWID,Ireland
IRL,1965,2.4796138,OWID,Ireland
IRL,1966,2.3440692,OWID,Ireland
IRL,1967,2.2010317,OWID,Ireland
IRL,1968,2.0732365,OWID,Ireland
IRL,1969,1.9753894,OWID,Ireland
IRL,1970,1.9071567,OWID,Ireland
IRL,1971,1.860909,OWID,Ireland
IRL,1972,1.828204,OWID,Ireland
IRL,1973,1.7956003,OWID,Ireland
IRL,1974,1.7505339,OWID,Ireland
IRL,1975,1.6899828,OWID,Ireland
IRL,1976,1.6126772,OWID,Ireland
IRL,1977,1.5206187,OWID,Ireland
IRL,1978,1.4161803,OWID,Ireland
IRL,1979,1.3027126,OWID,Ireland
IRL,1980,1.192848,OWID,Ireland
IRL,1981,1.0996892,OWID,Ireland
IRL,1982,1.027909,OWID,Ireland
IRL,1983,0.9715154,OWID,Ireland
IRL,1984,0.9251833,OWID,Ireland
IRL,1985,0.88872147,OWID,Ireland
IRL,1986,0.86182714,OWID,Ireland
IRL,1987,0.8426944,OWID,Ireland
IRL,1988,0.8240877,OWID,Ireland
IRL,1989,0.79738605,OWID,Ireland
IRL,1990,0.76154935,OWID,Ireland
IRL,1991,0.7185071,OWID,Ireland
IRL,1992,0.67347014,OWID,Ireland
IRL,1993,0.63646704,OWID,Ireland
IRL,1994,0.6145633,OWID,Ireland
IRL,1995,0.6060928,OWID,Ireland
IRL,1996,0.60617256,OWID,Ireland
IRL,1997,0.6097644,OWID,Ireland
IRL,1998,0.6121826,OWID,Ireland
IRL,1999,0.60972214,OWID,Ireland
IRL,2000,0.5992391,OWID,Ireland
IRL,2001,0.5777477,OWID,Ireland
IRL,2002,0.5456743,OWID,Ireland
IRL,2003,0.508142,OWID,Ireland
IRL,2004,0.47056216,OWID,Ireland
IRL,2005,0.4369104,OWID,Ireland
IRL,2006,0.41017354,OWID,Ireland
IRL,2007,0.39078644,OWID,Ireland
IRL,2008,0.37653443,OWID,Ireland
IRL,2009,0.36527616,OWID,Ireland
IRL,2010,0.35590613,OWID,Ireland
IRL,2011,0.34779742,OWID,Ireland
IRL,2012,0.3406169,OWID,Ireland
IRL,2013,0.33319485,OWID,Ireland
IRL,2014,0.32534546,OWID,Ireland
IRL,2015,0.31715792,OWID,Ireland
IRL,2016,0.30949938,OWID,Ireland
IRL,2017,0.30308387,OWID,Ireland
IRL,2018,0.29971537,OWID,Ireland
IRL,2019,0.30123436,OWID,Ireland
IRL,2020,0.3070113,OWID,Ireland
IRL,2021,0.3162056,OWID,Ireland
IRL,2022,0.32730007,OWID,Ireland
IRL,2023,0.33723667,OWID,Ireland
ISR,1952,5.1834054,OWID,Israel
ISR,1953,5.0151625,OWID,Israel
ISR,1954,4.8528404,OWID,Israel
ISR,1955,4.6903853,OWID,Israel
ISR,1956,4.526573,OWID,Israel
ISR,1957,4.3551292,OWID,Israel
ISR,1958,4.180943,OWID,Israel
ISR,1959,4.008862,OWID,Israel
ISR,1960,3.8375926,OWID,Israel
ISR,1961,3.6710787,OWID,Israel
ISR,1962,3.507877,OWID,Israel
ISR,1963,3.3533835,OWID,Israel
ISR,1964,3.2069023,OWID,Israel
ISR,1965,3.0670567,OWID,Israel
ISR,1966,2.9384882,OWID,Israel
ISR,1967,2.8203342,OWID,Israel
ISR,1968,2.7155282,OWID,Israel
ISR,1969,2.6236908,OWID,Israel
ISR,1970,2.5417068,OWID,Israel
ISR,1971,2.4659553,OWID,Israel
ISR,1972,2.3906758,OWID,Israel
ISR,1973,2.3129623,OWID,Israel
ISR,1974,2.2214916,OWID,Israel
ISR,1975,2.1093764,OWID,Israel
ISR,1976,1.9852276,OWID,Israel
ISR,1977,1.8597066,OWID,Israel
ISR,1978,1.7431139,OWID,Israel
ISR,1979,1.6388663,OWID,Israel
ISR,1980,1.5501171,OWID,Israel
ISR,1981,1.4745235,OWID,Israel
ISR,1982,1.4066584,OWID,Israel
ISR,1983,1.342149,OWID,Israel
ISR,1984,1.2793404,OWID,Israel
ISR,1985,1.2169026,OWID,Israel
ISR,1986,1.1565216,OWID,Israel
ISR,1987,1.101744,OWID,Israel
ISR,1988,1.0530057,OWID,Israel
ISR,1989,1.0076319,OWID,Israel
ISR,1990,0.96253574,OWID,Israel
ISR,1991,0.91531837,OWID,Israel
ISR,1992,0.8652423,OWID,Israel
ISR,1993,0.8125398,OWID,Israel
ISR,1994,0.7615288,OWID,Israel
ISR,1995,0.7156483,OWID,Israel
ISR,1996,0.6752189,OWID,Israel
ISR,1997,0.640248,OWID,Israel
ISR,1998,0.6101432,OWID,Israel
ISR,1999,0.58341825,OWID,Israel
ISR,2000,0.5590997,OWID,Israel
ISR,2001,0.53615093,OWID,Israel
ISR,2002,0.51379466,OWID,Israel
ISR,2003,0.4916538,OWID,Israel
ISR,2004,0.4700207,OWID,Israel
ISR,2005,0.44900277,OWID,Israel
ISR,2006,0.42937315,OWID,Israel
ISR,2007,0.41117704,OWID,Israel
ISR,2008,0.39477748,OWID,Israel
ISR,2009,0.38014084,OWID,Israel
ISR,2010,0.36671168,OWID,Israel
ISR,2011,0.3543407,OWID,Israel
ISR,2012,0.34299713,OWID,Israel
ISR,2013,0.33271322,OWID,Israel
ISR,2014,0.3233287,OWID,Israel
ISR,2015,0.3148757,OWID,Israel
ISR,2016,0.3070789,OWID,Israel
ISR,2017,0.29968184,OWID,Israel
ISR,2018,0.29258168,OWID,Israel
ISR,2019,0.28612298,OWID,Israel
ISR,2020,0.280774,OWID,Israel
ISR,2021,0.2764759,OWID,Israel
ISR,2022,0.27299944,OWID,Israel
ISR,2023,0.26968402,OWID,Israel
ITA,1950,7.07353,OWID,Italy
ITA,1951,6.5611506,OWID,Italy
ITA,1952,6.097605,OWID,Italy
ITA,1953,5.691312,OWID,Italy
ITA,1954,5.3601193,OWID,Italy
ITA,1955,5.1185646,OWID,Italy
ITA,1956,4.9447503,OWID,Italy
ITA,1957,4.807387,OWID,Italy
ITA,1958,4.684702,OWID,Italy
ITA,1959,4.5592833,OWID,Italy
ITA,1960,4.419473,OWID,Italy
ITA,1961,4.2623267,OWID,Italy
ITA,1962,4.0913644,OWID,Italy
ITA,1963,3.9125276,OWID,Italy
ITA,1964,3.7386017,OWID,Italy
ITA,1965,3.5786898,OWID,Italy
ITA,1966,3.436289,OWID,Italy
ITA,1967,3.3134105,OWID,Italy
ITA,1968,3.2028246,OWID,Italy
ITA,1969,3.0907457,OWID,Italy
ITA,1970,2.9647014,OWID,Italy
ITA,1971,2.816704,OWID,Italy
ITA,1972,2.6417294,OWID,Italy
ITA,1973,2.4445703,OWID,Italy
ITA,1974,2.2437282,OWID,Italy
ITA,1975,2.0510669,OWID,Italy
ITA,1976,1.8777664,OWID,Italy
ITA,1977,1.7308038,OWID,Italy
ITA,1978,1.6102461,OWID,Italy
ITA,1979,1.5092973,OWID,Italy
ITA,1980,1.4219775,OWID,Italy
ITA,1981,1.3423295,OWID,Italy
ITA,1982,1.2649616,OWID,Italy
ITA,1983,1.1885107,OWID,Italy
ITA,1984,1.1163371,OWID,Italy
ITA,1985,1.0515243,OWID,Italy
ITA,1986,0.99463105,OWID,Italy
ITA,1987,0.945492,OWID,Italy
ITA,1988,0.9035961,OWID,Italy
ITA,1989,0.86770964,OWID,Italy
ITA,1990,0.83644044,OWID,Italy
ITA,1991,0.8052813,OWID,Italy
ITA,1992,0.7691782,OWID,Italy
ITA,1993,0.72662216,OWID,Italy
ITA,1994,0.6820503,OWID,Italy
ITA,1995,0.6393913,OWID,Italy
ITA,1996,0.5996444,OWID,Italy
ITA,1997,0.5628857,OWID,Italy
ITA,1998,0.5290722,OWID,Italy
ITA,1999,0.49889743,OWID,Italy
ITA,2000,0.47270745,OWID,Italy
ITA,2001,0.44976082,OWID,Italy
ITA,2002,0.42895275,OWID,Italy
ITA,2003,0.40977648,OWID,Italy
ITA,2004,0.39303172,OWID,Italy
ITA,2005,0.3793131,OWID,Italy
ITA,2006,0.36817816,OWID,Italy
ITA,2007,0.359188,OWID,Italy
ITA,2008,0.35151252,OWID,Italy
ITA,2009,0.34432608,OWID,Italy
ITA,2010,0.33669046,OWID,Italy
ITA,2011,0.32874924,OWID,Italy
ITA,2012,0.32081863,OWID,Italy
ITA,2013,0.31324163,OWID,Italy
ITA,2014,0.30585498,OWID,Italy
ITA,2015,0.29853603,OWID,Italy
ITA,2016,0.2907813,OWID,Italy
ITA,2017,0.28181738,OWID,Italy
ITA,2018,0.2717844,OWID,Italy
ITA,2019,0.26177755,OWID,Italy
ITA,2020,0.2527892,OWID,Italy
ITA,2021,0.24521266,OWID,Italy
ITA,2022,0.23899466,OWID,Italy
ITA,2023,0.23399895,OWID,Italy
JAM,1956,7.6872396,OWID,Jamaica
JAM,1957,7.327577,OWID,Jamaica
JAM,1958,6.9798913,OWID,Jamaica
JAM,1959,6.662785,OWID,Jamaica
JAM,1960,6.3694663,OWID,Jamaica
JAM,1961,6.1123476,OWID,Jamaica
JAM,1962,5.8873878,OWID,Jamaica
JAM,1963,5.697873,OWID,Jamaica
JAM,1964,5.5300007,OWID,Jamaica
JAM,1965,5.381038,OWID,Jamaica
JAM,1966,5.2515025,OWID,Jamaica
JAM,1967,5.1154585,OWID,Jamaica
JAM,1968,4.974195,OWID,Jamaica
JAM,1969,4.8247976,OWID,Jamaica
JAM,1970,4.6659102,OWID,Jamaica
JAM,1971,4.4964533,OWID,Jamaica
JAM,1972,4.3198404,OWID,Jamaica
JAM,1973,4.147275,OWID,Jamaica
JAM,1974,3.9927871,OWID,Jamaica
JAM,1975,3.8519866,OWID,Jamaica
JAM,1976,3.7166958,OWID,Jamaica
JAM,1977,3.5953872,OWID,Jamaica
JAM,1978,3.4801838,OWID,Jamaica
JAM,1979,3.3726716,OWID,Jamaica
JAM,1980,3.2704058,OWID,Jamaica
JAM,1981,3.1720862,OWID,Jamaica
JAM,1982,3.0804987,OWID,Jamaica
JAM,1983,2.9944189,OWID,Jamaica
JAM,1984,2.9148214,OWID,Jamaica
JAM,1985,2.8365312,OWID,Jamaica
JAM,1986,2.7611043,OWID,Jamaica
JAM,1987,2.6922777,OWID,Jamaica
JAM,1988,2.6301513,OWID,Jamaica
JAM,1989,2.5687363,OWID,Jamaica
JAM,1990,2.5079262,OWID,Jamaica
JAM,1991,2.4500296,OWID,Jamaica
JAM,1992,2.3945014,OWID,Jamaica
JAM,1993,2.3314445,OWID,Jamaica
JAM,1994,2.2697256,OWID,Jamaica
JAM,1995,2.2073972,OWID,Jamaica
JAM,1996,2.1414459,OWID,Jamaica
JAM,1997,2.0735214,OWID,Jamaica
JAM,1998,2.0071495,OWID,Jamaica
JAM,1999,1.9455808,OWID,Jamaica
JAM,2000,1.8932635,OWID,Jamaica
JAM,2001,1.8495288,OWID,Jamaica
JAM,2002,1.8177999,OWID,Jamaica
JAM,2003,1.7972525,OWID,Jamaica
JAM,2004,1.7879567,OWID,Jamaica
JAM,2005,1.7848595,OWID,Jamaica
JAM,2006,1.787504,OWID,Jamaica
JAM,2007,1.7920692,OWID,Jamaica
JAM,2008,1.7946022,OWID,Jamaica
JAM,2009,1.7935292,OWID,Jamaica
JAM,2010,1.7933872,OWID,Jamaica
JAM,2011,1.7907277,OWID,Jamaica
JAM,2012,1.7835575,OWID,Jamaica
JAM,2013,1.7763524,OWID,Jamaica
JAM,2014,1.7679898,OWID,Jamaica
JAM,2015,1.7606847,OWID,Jamaica
JAM,2016,1.7587811,OWID,Jamaica
JAM,2017,1.76235,OWID,Jamaica
JAM,2018,1.7705677,OWID,Jamaica
JAM,2019,1.7825562,OWID,Jamaica
JAM,2020,1.7963804,OWID,Jamaica
JAM,2021,1.8121305,OWID,Jamaica
JAM,2022,1.8253243,OWID,Jamaica
JAM,2023,1.8331343,OWID,Jamaica
JPN,1949,6.23633,OWID,Japan
JPN,1950,5.7858105,OWID,Japan
JPN,1951,5.3698373,OWID,Japan
JPN,1952,4.9936504,OWID,Japan
JPN,1953,4.6633897,OWID,Japan
JPN,1954,4.377966,OWID,Japan
JPN,1955,4.135429,OWID,Japan
JPN,1956,3.9202218,OWID,Japan
JPN,1957,3.7138476,OWID,Japan
JPN,1958,3.5012484,OWID,Japan
JPN,1959,3.276815,OWID,Japan
JPN,1960,3.0369563,OWID,Japan
JPN,1961,2.7894382,OWID,Japan
JPN,1962,2.5429165,OWID,Japan
JPN,1963,2.3084207,OWID,Japan
JPN,1964,2.0954902,OWID,Japan
JPN,1965,1.9118247,OWID,Japan
JPN,1966,1.7560164,OWID,Japan
JPN,1967,1.6248523,OWID,Japan
JPN,1968,1.514726,OWID,Japan
JPN,1969,1.4206988,OWID,Japan
JPN,1970,1.3375176,OWID,Japan
JPN,1971,1.2618079,OWID,Japan
JPN,1972,1.1918836,OWID,Japan
JPN,1973,1.1257912,OWID,Japan
JPN,1974,1.0620847,OWID,Japan
JPN,1975,1.0000054,OWID,Japan
JPN,1976,0.9403363,OWID,Japan
JPN,1977,0.8838567,OWID,Japan
JPN,1978,0.8317068,OWID,Japan
JPN,1979,0.78320736,OWID,Japan
JPN,1980,0.7377328,OWID,Japan
JPN,1981,0.6950492,OWID,Japan
JPN,1982,0.65472573,OWID,Japan
JPN,1983,0.6164668,OWID,Japan
JPN,1984,0.58113235,OWID,Japan
JPN,1985,0.5492942,OWID,Japan
JPN,1986,0.52158475,OWID,Japan
JPN,1987,0.49879995,OWID,Japan
JPN,1988,0.48109546,OWID,Japan
JPN,1989,0.46789712,OWID,Japan
JPN,1990,0.4583919,OWID,Japan
JPN,1991,0.4510045,OWID,Japan
JPN,1992,0.44411418,OWID,Japan
JPN,1993,0.43597037,OWID,Japan
JPN,1994,0.425355,OWID,Japan
JPN,1995,0.41177055,OWID,Japan
JPN,1996,0.39566022,OWID,Japan
JPN,1997,0.37815586,OWID,Japan
JPN,1998,0.36060515,OWID,Japan
JPN,1999,0.3436376,OWID,Japan
JPN,2000,0.3278682,OWID,Japan
JPN,2001,0.3137702,OWID,Japan
JPN,2002,0.3016499,OWID,Japan
JPN,2003,0.29143262,OWID,Japan
JPN,2004,0.28256595,OWID,Japan
JPN,2005,0.27435017,OWID,Japan
JPN,2006,0.26649588,OWID,Japan
JPN,2007,0.25896373,OWID,Japan
JPN,2008,0.2517751,OWID,Japan
JPN,2009,0.24475245,OWID,Japan
JPN,2010,0.23778433,OWID,Japan
JPN,2011,0.23303764,OWID,Japan
JPN,2012,0.2232414,OWID,Japan
JPN,2013,0.21552297,OWID,Japan
JPN,2014,0.20808692,OWID,Japan
JPN,2015,0.20148855,OWID,Japan
JPN,2016,0.19577037,OWID,Japan
JPN,2017,0.19067568,OWID,Japan
JPN,2018,0.18608463,OWID,Japan
JPN,2019,0.18217643,OWID,Japan
JPN,2020,0.1790899,OWID,Japan
JPN,2021,0.17712039,OWID,Japan
JPN,2022,0.17650193,OWID,Japan
JPN,2023,0.17704405,OWID,Japan
JOR,1945,19.856457,OWID,Jordan
JOR,1946,19.195446,OWID,Jordan
JOR,1947,18.553446,OWID,Jordan
JOR,1948,17.92755,OWID,Jordan
JOR,1949,17.312986,OWID,Jordan
JOR,1950,16.699448,OWID,Jordan
JOR,1951,16.103848,OWID,Jordan
JOR,1952,15.51517,OWID,Jordan
JOR,1953,14.932051,OWID,Jordan
JOR,1954,14.342467,OWID,Jordan
JOR,1955,13.749513,OWID,Jordan
JOR,1956,13.174644,OWID,Jordan
JOR,1957,12.598137,OWID,Jordan
JOR,1958,12.0402155,OWID,Jordan
JOR,1959,11.488783,OWID,Jordan
JOR,1960,10.959537,OWID,Jordan
JOR,1961,10.45519,OWID,Jordan
JOR,1962,9.975408,OWID,Jordan
JOR,1963,9.526277,OWID,Jordan
JOR,1964,9.100828,OWID,Jordan
JOR,1965,8.702756,OWID,Jordan
JOR,1966,8.3312435,OWID,Jordan
JOR,1967,7.9826703,OWID,Jordan
JOR,1968,7.6542683,OWID,Jordan
JOR,1969,7.342984,OWID,Jordan
JOR,1970,7.0473948,OWID,Jordan
JOR,1971,6.7596817,OWID,Jordan
JOR,1972,6.4871507,OWID,Jordan
JOR,1973,6.2234564,OWID,Jordan
JOR,1974,5.9687347,OWID,Jordan
JOR,1975,5.72135,OWID,Jordan
JOR,1976,5.4861097,OWID,Jordan
JOR,1977,5.26006,OWID,Jordan
JOR,1978,5.0421643,OWID,Jordan
JOR,1979,4.8314514,OWID,Jordan
JOR,1980,4.6299567,OWID,Jordan
JOR,1981,4.4367285,OWID,Jordan
JOR,1982,4.25143,OWID,Jordan
JOR,1983,4.0717053,OWID,Jordan
JOR,1984,3.9014592,OWID,Jordan
JOR,1985,3.7383893,OWID,Jordan
JOR,1986,3.5875978,OWID,Jordan
JOR,1987,3.4477472,OWID,Jordan
JOR,1988,3.316678,OWID,Jordan
JOR,1989,3.1968703,OWID,Jordan
JOR,1990,3.0878012,OWID,Jordan
JOR,1991,2.9870355,OWID,Jordan
JOR,1992,2.8936088,OWID,Jordan
JOR,1993,2.805722,OWID,Jordan
JOR,1994,2.7225785,OWID,Jordan
JOR,1995,2.642933,OWID,Jordan
JOR,1996,2.5675123,OWID,Jordan
JOR,1997,2.496033,OWID,Jordan
JOR,1998,2.4243894,OWID,Jordan
JOR,1999,2.354032,OWID,Jordan
JOR,2000,2.2868192,OWID,Jordan
JOR,2001,2.2208176,OWID,Jordan
JOR,2002,2.155822,OWID,Jordan
JOR,2003,2.0918982,OWID,Jordan
JOR,2004,2.0290089,OWID,Jordan
JOR,2005,1.968036,OWID,Jordan
JOR,2006,1.9097493,OWID,Jordan
JOR,2007,1.8540223,OWID,Jordan
JOR,2008,1.8009592,OWID,Jordan
JOR,2009,1.7518604,OWID,Jordan
JOR,2010,1.7046416,OWID,Jordan
JOR,2011,1.6591127,OWID,Jordan
JOR,2012,1.6175207,OWID,Jordan
JOR,2013,1.5783851,OWID,Jordan
JOR,2014,1.5396103,OWID,Jordan
JOR,2015,1.5021424,OWID,Jordan
JOR,2016,1.4657749,OWID,Jordan
JOR,2017,1.4300787,OWID,Jordan
JOR,2018,1.3960733,OWID,Jordan
JOR,2019,1.3625147,OWID,Jordan
JOR,2020,1.3270925,OWID,Jordan
JOR,2021,1.2940059,OWID,Jordan
JOR,2022,1.259158,OWID,Jordan
JOR,2023,1.2239994,OWID,Jordan
KAZ,1971,7.5468264,OWID,Kazakhstan
KAZ,1972,7.3573027,OWID,Kazakhstan
KAZ,1973,7.1754293,OWID,Kazakhstan
KAZ,1974,7.004048,OWID,Kazakhstan
KAZ,1975,6.860234,OWID,Kazakhstan
KAZ,1976,6.7258153,OWID,Kazakhstan
KAZ,1977,6.6027474,OWID,Kazakhstan
KAZ,1978,6.4763846,OWID,Kazakhstan
KAZ,1979,6.338177,OWID,Kazakhstan
KAZ,1980,6.1598935,OWID,Kazakhstan
KAZ,1981,5.9604316,OWID,Kazakhstan
KAZ,1982,5.7579927,OWID,Kazakhstan
KAZ,1983,5.5574093,OWID,Kazakhstan
KAZ,1984,5.3587956,OWID,Kazakhstan
KAZ,1985,5.1657577,OWID,Kazakhstan
KAZ,1986,4.975721,OWID,Kazakhstan
KAZ,1987,4.8000374,OWID,Kazakhstan
KAZ,1988,4.6482387,OWID,Kazakhstan
KAZ,1989,4.524758,OWID,Kazakhstan
KAZ,1990,4.45297,OWID,Kazakhstan
KAZ,1991,4.424501,OWID,Kazakhstan
KAZ,1992,4.443243,OWID,Kazakhstan
KAZ,1993,4.4922643,OWID,Kazakhstan
KAZ,1994,4.526265,OWID,Kazakhstan
KAZ,1995,4.503865,OWID,Kazakhstan
KAZ,1996,4.404776,OWID,Kazakhstan
KAZ,1997,4.2517676,OWID,Kazakhstan
KAZ,1998,4.051897,OWID,Kazakhstan
KAZ,1999,3.829086,OWID,Kazakhstan
KAZ,2000,3.5982234,OWID,Kazakhstan
KAZ,2001,3.373758,OWID,Kazakhstan
KAZ,2002,3.1673772,OWID,Kazakhstan
KAZ,2003,2.973886,OWID,Kazakhstan
KAZ,2004,2.7867615,OWID,Kazakhstan
KAZ,2005,2.603569,OWID,Kazakhstan
KAZ,2006,2.4186313,OWID,Kazakhstan
KAZ,2007,2.230445,OWID,Kazakhstan
KAZ,2008,2.0389585,OWID,Kazakhstan
KAZ,2009,1.8495418,OWID,Kazakhstan
KAZ,2010,1.6659584,OWID,Kazakhstan
KAZ,2011,1.4908608,OWID,Kazakhstan
KAZ,2012,1.3254005,OWID,Kazakhstan
KAZ,2013,1.1743898,OWID,Kazakhstan
KAZ,2014,1.0475979,OWID,Kazakhstan
KAZ,2015,0.94957626,OWID,Kazakhstan
KAZ,2016,0.88073134,OWID,Kazakhstan
KAZ,2017,0.83884895,OWID,Kazakhstan
KAZ,2018,0.8184419,OWID,Kazakhstan
KAZ,2019,0.80892235,OWID,Kazakhstan
KAZ,2020,0.79982126,OWID,Kazakhstan
KAZ,2021,0.7882013,OWID,Kazakhstan
KAZ,2022,0.7742298,OWID,Kazakhstan
KAZ,2023,0.7584923,OWID,Kazakhstan
KEN,1953,16.18424,OWID,Kenya
KEN,1954,15.307319,OWID,Kenya
KEN,1955,14.481172,OWID,Kenya
KEN,1956,13.714743,OWID,Kenya
KEN,1957,13.018589,OWID,Kenya
KEN,1958,12.374627,OWID,Kenya
KEN,1959,11.793833,OWID,Kenya
KEN,1960,11.27151,OWID,Kenya
KEN,1961,10.811024,OWID,Kenya
KEN,1962,10.40578,OWID,Kenya
KEN,1963,10.05788,OWID,Kenya
KEN,1964,9.779025,OWID,Kenya
KEN,1965,9.555284,OWID,Kenya
KEN,1966,9.372139,OWID,Kenya
KEN,1967,9.21786,OWID,Kenya
KEN,1968,9.066618,OWID,Kenya
KEN,1969,8.916212,OWID,Kenya
KEN,1970,8.754766,OWID,Kenya
KEN,1971,8.597483,OWID,Kenya
KEN,1972,8.426797,OWID,Kenya
KEN,1973,8.245065,OWID,Kenya
KEN,1974,8.052904,OWID,Kenya
KEN,1975,7.8551483,OWID,Kenya
KEN,1976,7.6466026,OWID,Kenya
KEN,1977,7.4378023,OWID,Kenya
KEN,1978,7.2276287,OWID,Kenya
KEN,1979,7.029738,OWID,Kenya
KEN,1980,6.8493795,OWID,Kenya
KEN,1981,6.6829906,OWID,Kenya
KEN,1982,6.5338593,OWID,Kenya
KEN,1983,6.4098425,OWID,Kenya
KEN,1984,6.3144407,OWID,Kenya
KEN,1985,6.2596116,OWID,Kenya
KEN,1986,6.2563596,OWID,Kenya
KEN,1987,6.3034143,OWID,Kenya
KEN,1988,6.4053736,OWID,Kenya
KEN,1989,6.5609245,OWID,Kenya
KEN,1990,6.737536,OWID,Kenya
KEN,1991,6.909785,OWID,Kenya
KEN,1992,7.0426793,OWID,Kenya
KEN,1993,7.1169844,OWID,Kenya
KEN,1994,7.136426,OWID,Kenya
KEN,1995,7.1034474,OWID,Kenya
KEN,1996,7.0343747,OWID,Kenya
KEN,1997,6.9373436,OWID,Kenya
KEN,1998,6.7894616,OWID,Kenya
KEN,1999,6.6033,OWID,Kenya
KEN,2000,6.380452,OWID,Kenya
KEN,2001,6.117877,OWID,Kenya
KEN,2002,5.833646,OWID,Kenya
KEN,2003,5.545109,OWID,Kenya
KEN,2004,5.25366,OWID,Kenya
KEN,2005,4.9409466,OWID,Kenya
KEN,2006,4.687062,OWID,Kenya
KEN,2007,4.491854,OWID,Kenya
KEN,2008,4.2429595,OWID,Kenya
KEN,2009,4.1925898,OWID,Kenya
KEN,2010,4.144444,OWID,Kenya
KEN,2011,4.1065273,OWID,Kenya
KEN,2012,4.1259203,OWID,Kenya
KEN,2013,4.0866747,OWID,Kenya
KEN,2014,4.0133266,OWID,Kenya
KEN,2015,3.9078505,OWID,Kenya
KEN,2016,3.8654165,OWID,Kenya
KEN,2017,3.8506784,OWID,Kenya
KEN,2018,3.779928,OWID,Kenya
KEN,2019,3.7245145,OWID,Kenya
KEN,2020,3.689551,OWID,Kenya
KEN,2021,3.6356,OWID,Kenya
KEN,2022,3.5756319,OWID,Kenya
KEN,2023,3.472551,OWID,Kenya
KIR,1946,15.544013,OWID,Kiribati
KIR,1947,15.52619,OWID,Kiribati
KIR,1948,15.531927,OWID,Kiribati
KIR,1949,15.5123625,OWID,Kiribati
KIR,1950,15.516842,OWID,Kiribati
KIR,1951,15.502345,OWID,Kiribati
KIR,1952,15.49321,OWID,Kiribati
KIR,1953,15.481754,OWID,Kiribati
KIR,1954,15.4434185,OWID,Kiribati
KIR,1955,15.388876,OWID,Kiribati
KIR,1956,15.283051,OWID,Kiribati
KIR,1957,15.132389,OWID,Kiribati
KIR,1958,14.966427,OWID,Kiribati
KIR,1959,14.741293,OWID,Kiribati
KIR,1960,14.460077,OWID,Kiribati
KIR,1961,14.143609,OWID,Kiribati
KIR,1962,13.777551,OWID,Kiribati
KIR,1963,13.380603,OWID,Kiribati
KIR,1964,12.952679,OWID,Kiribati
KIR,1965,12.511217,OWID,Kiribati
KIR,1966,12.055519,OWID,Kiribati
KIR,1967,11.610234,OWID,Kiribati
KIR,1968,11.196632,OWID,Kiribati
KIR,1969,10.811461,OWID,Kiribati
KIR,1970,10.450346,OWID,Kiribati
KIR,1971,10.133393,OWID,Kiribati
KIR,1972,9.852111,OWID,Kiribati
KIR,1973,9.635356,OWID,Kiribati
KIR,1974,9.475535,OWID,Kiribati
KIR,1975,9.357045,OWID,Kiribati
KIR,1976,9.271388,OWID,Kiribati
KIR,1977,9.193301,OWID,Kiribati
KIR,1978,9.115995,OWID,Kiribati
KIR,1979,9.031679,OWID,Kiribati
KIR,1980,8.940623,OWID,Kiribati
KIR,1981,8.825351,OWID,Kiribati
KIR,1982,8.692801,OWID,Kiribati
KIR,1983,8.545481,OWID,Kiribati
KIR,1984,8.373936,OWID,Kiribati
KIR,1985,8.178144,OWID,Kiribati
KIR,1986,7.952836,OWID,Kiribati
KIR,1987,7.7010584,OWID,Kiribati
KIR,1988,7.4327254,OWID,Kiribati
KIR,1989,7.148934,OWID,Kiribati
KIR,1990,6.865234,OWID,Kiribati
KIR,1991,6.592615,OWID,Kiribati
KIR,1992,6.333963,OWID,Kiribati
KIR,1993,6.093909,OWID,Kiribati
KIR,1994,5.8886514,OWID,Kiribati
KIR,1995,5.706418,OWID,Kiribati
KIR,1996,5.5384493,OWID,Kiribati
KIR,1997,5.3782935,OWID,Kiribati
KIR,1998,5.2211795,OWID,Kiribati
KIR,1999,5.063699,OWID,Kiribati
KIR,2000,4.9111476,OWID,Kiribati
KIR,2001,4.7667747,OWID,Kiribati
KIR,2002,4.646074,OWID,Kiribati
KIR,2003,4.555655,OWID,Kiribati
KIR,2004,4.4878306,OWID,Kiribati
KIR,2005,4.4384966,OWID,Kiribati
KIR,2006,4.3965077,OWID,Kiribati
KIR,2007,4.354759,OWID,Kiribati
KIR,2008,4.302949,OWID,Kiribati
KIR,2009,4.2547207,OWID,Kiribati
KIR,2010,4.2095146,OWID,Kiribati
KIR,2011,4.181774,OWID,Kiribati
KIR,2012,4.167792,OWID,Kiribati
KIR,2013,4.1698046,OWID,Kiribati
KIR,2014,4.194169,OWID,Kiribati
KIR,2015,4.224935,OWID,Kiribati
KIR,2016,4.2619762,OWID,Kiribati
KIR,2017,4.282164,OWID,Kiribati
KIR,2018,4.275175,OWID,Kiribati
KIR,2019,4.2401876,OWID,Kiribati
KIR,2020,4.193379,OWID,Kiribati
KIR,2021,4.1313953,OWID,Kiribati
KIR,2022,4.0587087,OWID,Kiribati
KIR,2023,3.9717314,OWID,Kiribati
OWID_KOS,1985,12.52455,OWID,Kosovo
OWID_KOS,1986,11.718795,OWID,Kosovo
OWID_KOS,1987,10.988293,OWID,Kosovo
OWID_KOS,1988,10.295824,OWID,Kosovo
OWID_KOS,1989,9.64821,OWID,Kosovo
OWID_KOS,1990,9.050253,OWID,Kosovo
OWID_KOS,1991,8.4861555,OWID,Kosovo
OWID_KOS,1992,7.9550705,OWID,Kosovo
OWID_KOS,1993,7.4559593,OWID,Kosovo
OWID_KOS,1994,6.960325,OWID,Kosovo
OWID_KOS,1995,6.487545,OWID,Kosovo
OWID_KOS,1996,6.023721,OWID,Kosovo
OWID_KOS,1997,5.571363,OWID,Kosovo
OWID_KOS,1998,5.1444163,OWID,Kosovo
OWID_KOS,1999,4.7316184,OWID,Kosovo
OWID_KOS,2000,4.341272,OWID,Kosovo
OWID_KOS,2001,3.9730554,OWID,Kosovo
OWID_KOS,2002,3.6259086,OWID,Kosovo
OWID_KOS,2003,3.312425,OWID,Kosovo
OWID_KOS,2004,3.0279946,OWID,Kosovo
OWID_KOS,2005,2.7689033,OWID,Kosovo
OWID_KOS,2006,2.5373669,OWID,Kosovo
OWID_KOS,2007,2.3311234,OWID,Kosovo
OWID_KOS,2008,2.145168,OWID,Kosovo
OWID_KOS,2009,1.9800938,OWID,Kosovo
OWID_KOS,2010,1.8323202,OWID,Kosovo
OWID_KOS,2011,1.7023772,OWID,Kosovo
OWID_KOS,2012,1.587071,OWID,Kosovo
OWID_KOS,2013,1.4838032,OWID,Kosovo
OWID_KOS,2014,1.3890451,OWID,Kosovo
OWID_KOS,2015,1.3034768,OWID,Kosovo
OWID_KOS,2016,1.2254705,OWID,Kosovo
OWID_KOS,2017,1.1508802,OWID,Kosovo
OWID_KOS,2018,1.0817134,OWID,Kosovo
OWID_KOS,2019,1.0175558,OWID,Kosovo
OWID_KOS,2020,0.9605331,OWID,Kosovo
OWID_KOS,2021,0.9108541,OWID,Kosovo
OWID_KOS,2022,0.86991173,OWID,Kosovo
OWID_KOS,2023,0.8339234,OWID,Kosovo
KWT,1959,12.535821,OWID,Kuwait
KWT,1960,11.715801,OWID,Kuwait
KWT,1961,10.934665,OWID,Kuwait
KWT,1962,10.1896715,OWID,Kuwait
KWT,1963,9.49871,OWID,Kuwait
KWT,1964,8.827188,OWID,Kuwait
KWT,1965,8.215452,OWID,Kuwait
KWT,1966,7.654233,OWID,Kuwait
KWT,1967,7.1454782,OWID,Kuwait
KWT,1968,6.676737,OWID,Kuwait
KWT,1969,6.259167,OWID,Kuwait
KWT,1970,5.878265,OWID,Kuwait
KWT,1971,5.5239797,OWID,Kuwait
KWT,1972,5.193778,OWID,Kuwait
KWT,1973,4.886541,OWID,Kuwait
KWT,1974,4.5970855,OWID,Kuwait
KWT,1975,4.3206477,OWID,Kuwait
KWT,1976,4.055141,OWID,Kuwait
KWT,1977,3.7972465,OWID,Kuwait
KWT,1978,3.5459712,OWID,Kuwait
KWT,1979,3.295432,OWID,Kuwait
KWT,1980,3.0428426,OWID,Kuwait
KWT,1981,2.7895167,OWID,Kuwait
KWT,1982,2.5397613,OWID,Kuwait
KWT,1983,2.3037646,OWID,Kuwait
KWT,1984,2.1015131,OWID,Kuwait
KWT,1985,1.9455489,OWID,Kuwait
KWT,1986,1.8253919,OWID,Kuwait
KWT,1987,1.7239264,OWID,Kuwait
KWT,1988,1.6295707,OWID,Kuwait
KWT,1989,1.5398436,OWID,Kuwait
KWT,1990,1.4535401,OWID,Kuwait
KWT,1991,1.3765566,OWID,Kuwait
KWT,1992,1.3164136,OWID,Kuwait
KWT,1993,1.2753158,OWID,Kuwait
KWT,1994,1.2443974,OWID,Kuwait
KWT,1995,1.2166576,OWID,Kuwait
KWT,1996,1.1872547,OWID,Kuwait
KWT,1997,1.1547929,OWID,Kuwait
KWT,1998,1.1194557,OWID,Kuwait
KWT,1999,1.0874257,OWID,Kuwait
KWT,2000,1.0641539,OWID,Kuwait
KWT,2001,1.0474141,OWID,Kuwait
KWT,2002,1.0328683,OWID,Kuwait
KWT,2003,1.0174499,OWID,Kuwait
KWT,2004,1.0020014,OWID,Kuwait
KWT,2005,0.9876717,OWID,Kuwait
KWT,2006,0.9751392,OWID,Kuwait
KWT,2007,0.96349055,OWID,Kuwait
KWT,2008,0.95174205,OWID,Kuwait
KWT,2009,0.9348839,OWID,Kuwait
KWT,2010,0.9097377,OWID,Kuwait
KWT,2011,0.8785413,OWID,Kuwait
KWT,2012,0.84712136,OWID,Kuwait
KWT,2013,0.819191,OWID,Kuwait
KWT,2014,0.7964448,OWID,Kuwait
KWT,2015,0.7800677,OWID,Kuwait
KWT,2016,0.7697531,OWID,Kuwait
KWT,2017,0.76450074,OWID,Kuwait
KWT,2018,0.7631987,OWID,Kuwait
KWT,2019,0.76380473,OWID,Kuwait
KWT,2020,0.7651808,OWID,Kuwait
KWT,2021,0.7649935,OWID,Kuwait
KWT,2022,0.7629878,OWID,Kuwait
KWT,2023,0.7577836,OWID,Kuwait
KGZ,1978,9.24554,OWID,Kyrgyzstan
KGZ,1979,8.963253,OWID,Kyrgyzstan
KGZ,1980,8.661778,OWID,Kyrgyzstan
KGZ,1981,8.346531,OWID,Kyrgyzstan
KGZ,1982,8.0022335,OWID,Kyrgyzstan
KGZ,1983,7.6337395,OWID,Kyrgyzstan
KGZ,1984,7.266736,OWID,Kyrgyzstan
KGZ,1985,6.899183,OWID,Kyrgyzstan
KGZ,1986,6.559355,OWID,Kyrgyzstan
KGZ,1987,6.2501335,OWID,Kyrgyzstan
KGZ,1988,5.971562,OWID,Kyrgyzstan
KGZ,1989,5.770276,OWID,Kyrgyzstan
KGZ,1990,5.6646013,OWID,Kyrgyzstan
KGZ,1991,5.6218457,OWID,Kyrgyzstan
KGZ,1992,5.6235533,OWID,Kyrgyzstan
KGZ,1993,5.6377654,OWID,Kyrgyzstan
KGZ,1994,5.6199403,OWID,Kyrgyzstan
KGZ,1995,5.517699,OWID,Kyrgyzstan
KGZ,1996,5.3482842,OWID,Kyrgyzstan
KGZ,1997,5.129115,OWID,Kyrgyzstan
KGZ,1998,4.8813906,OWID,Kyrgyzstan
KGZ,1999,4.63683,OWID,Kyrgyzstan
KGZ,2000,4.398015,OWID,Kyrgyzstan
KGZ,2001,4.1701612,OWID,Kyrgyzstan
KGZ,2002,3.9549441,OWID,Kyrgyzstan
KGZ,2003,3.7531803,OWID,Kyrgyzstan
KGZ,2004,3.568087,OWID,Kyrgyzstan
KGZ,2005,3.4080315,OWID,Kyrgyzstan
KGZ,2006,3.2588665,OWID,Kyrgyzstan
KGZ,2007,3.0997007,OWID,Kyrgyzstan
KGZ,2008,2.9258425,OWID,Kyrgyzstan
KGZ,2009,2.744323,OWID,Kyrgyzstan
KGZ,2010,2.5670009,OWID,Kyrgyzstan
KGZ,2011,2.4049284,OWID,Kyrgyzstan
KGZ,2012,2.2651608,OWID,Kyrgyzstan
KGZ,2013,2.1491485,OWID,Kyrgyzstan
KGZ,2014,2.0439634,OWID,Kyrgyzstan
KGZ,2015,1.9396039,OWID,Kyrgyzstan
KGZ,2016,1.839123,OWID,Kyrgyzstan
KGZ,2017,1.7478846,OWID,Kyrgyzstan
KGZ,2018,1.6697186,OWID,Kyrgyzstan
KGZ,2019,1.6081386,OWID,Kyrgyzstan
KGZ,2020,1.5640278,OWID,Kyrgyzstan
KGZ,2021,1.534133,OWID,Kyrgyzstan
KGZ,2022,1.5126882,OWID,Kyrgyzstan
KGZ,2023,1.493485,OWID,Kyrgyzstan
LAO,1978,13.693115,OWID,Laos
LAO,1979,13.50705,OWID,Laos
LAO,1980,13.324434,OWID,Laos
LAO,1981,13.151619,OWID,Laos
LAO,1982,12.96795,OWID,Laos
LAO,1983,12.794114,OWID,Laos
LAO,1984,12.621352,OWID,Laos
LAO,1985,12.447142,OWID,Laos
LAO,1986,12.248988,OWID,Laos
LAO,1987,12.037024,OWID,Laos
LAO,1988,11.821473,OWID,Laos
LAO,1989,11.592935,OWID,Laos
LAO,1990,11.338837,OWID,Laos
LAO,1991,11.072293,OWID,Laos
LAO,1992,10.810363,OWID,Laos
LAO,1993,10.529131,OWID,Laos
LAO,1994,10.26027,OWID,Laos
LAO,1995,9.9905,OWID,Laos
LAO,1996,9.722576,OWID,Laos
LAO,1997,9.462029,OWID,Laos
LAO,1998,9.207722,OWID,Laos
LAO,1999,8.949965,OWID,Laos
LAO,2000,8.682218,OWID,Laos
LAO,2001,8.4145355,OWID,Laos
LAO,2002,8.130988,OWID,Laos
LAO,2003,7.844766,OWID,Laos
LAO,2004,7.562353,OWID,Laos
LAO,2005,7.272281,OWID,Laos
LAO,2006,6.978152,OWID,Laos
LAO,2007,6.691257,OWID,Laos
LAO,2008,6.4065094,OWID,Laos
LAO,2009,6.1300826,OWID,Laos
LAO,2010,5.871025,OWID,Laos
LAO,2011,5.614193,OWID,Laos
LAO,2012,5.369745,OWID,Laos
LAO,2013,5.1368556,OWID,Laos
LAO,2014,4.9181414,OWID,Laos
LAO,2015,4.7138824,OWID,Laos
LAO,2016,4.5238132,OWID,Laos
LAO,2017,4.350208,OWID,Laos
LAO,2018,4.18637,OWID,Laos
LAO,2019,4.037706,OWID,Laos
LAO,2020,3.8993456,OWID,Laos
LAO,2021,3.7669811,OWID,Laos
LAO,2022,3.6406848,OWID,Laos
LAO,2023,3.5165675,OWID,Laos
LVA,1979,1.524735,OWID,Latvia
LVA,1980,1.526413,OWID,Latvia
LVA,1981,1.5226935,OWID,Latvia
LVA,1982,1.5070088,OWID,Latvia
LVA,1983,1.4695953,OWID,Latvia
LVA,1984,1.4036807,OWID,Latvia
LVA,1985,1.3213143,OWID,Latvia
LVA,1986,1.243417,OWID,Latvia
LVA,1987,1.1859235,OWID,Latvia
LVA,1988,1.1728812,OWID,Latvia
LVA,1989,1.2239236,OWID,Latvia
LVA,1990,1.3239295,OWID,Latvia
LVA,1991,1.4339579,OWID,Latvia
LVA,1992,1.5188009,OWID,Latvia
LVA,1993,1.5710917,OWID,Latvia
LVA,1994,1.5914667,OWID,Latvia
LVA,1995,1.5764631,OWID,Latvia
LVA,1996,1.5250789,OWID,Latvia
LVA,1997,1.4424387,OWID,Latvia
LVA,1998,1.3441626,OWID,Latvia
LVA,1999,1.2452505,OWID,Latvia
LVA,2000,1.1559728,OWID,Latvia
LVA,2001,1.0830781,OWID,Latvia
LVA,2002,1.0252788,OWID,Latvia
LVA,2003,0.9725799,OWID,Latvia
LVA,2004,0.9176141,OWID,Latvia
LVA,2005,0.86187184,OWID,Latvia
LVA,2006,0.8123852,OWID,Latvia
LVA,2007,0.7702296,OWID,Latvia
LVA,2008,0.730751,OWID,Latvia
LVA,2009,0.6907441,OWID,Latvia
LVA,2010,0.64812946,OWID,Latvia
LVA,2011,0.6011728,OWID,Latvia
LVA,2012,0.5526041,OWID,Latvia
LVA,2013,0.5048843,OWID,Latvia
LVA,2014,0.46229377,OWID,Latvia
LVA,2015,0.4257599,OWID,Latvia
LVA,2016,0.39674115,OWID,Latvia
LVA,2017,0.37473354,OWID,Latvia
LVA,2018,0.3554567,OWID,Latvia
LVA,2019,0.33555493,OWID,Latvia
LVA,2020,0.3151681,OWID,Latvia
LVA,2021,0.2938324,OWID,Latvia
LVA,2022,0.27200195,OWID,Latvia
LVA,2023,0.2518617,OWID,Latvia
LBN,1956,7.4590473,OWID,Lebanon
LBN,1957,7.207327,OWID,Lebanon
LBN,1958,6.9632497,OWID,Lebanon
LBN,1959,6.724215,OWID,Lebanon
LBN,1960,6.5022707,OWID,Lebanon
LBN,1961,6.293488,OWID,Lebanon
LBN,1962,6.097923,OWID,Lebanon
LBN,1963,5.923211,OWID,Lebanon
LBN,1964,5.768885,OWID,Lebanon
LBN,1965,5.638198,OWID,Lebanon
LBN,1966,5.5309625,OWID,Lebanon
LBN,1967,5.439124,OWID,Lebanon
LBN,1968,5.3743186,OWID,Lebanon
LBN,1969,5.3240213,OWID,Lebanon
LBN,1970,5.276629,OWID,Lebanon
LBN,1971,5.246728,OWID,Lebanon
LBN,1972,5.2146196,OWID,Lebanon
LBN,1973,5.1689367,OWID,Lebanon
LBN,1974,5.1188045,OWID,Lebanon
LBN,1975,5.0464272,OWID,Lebanon
LBN,1976,10.238671,OWID,Lebanon
LBN,1977,5.646236,OWID,Lebanon
LBN,1978,5.5950966,OWID,Lebanon
LBN,1979,5.548407,OWID,Lebanon
LBN,1980,5.389927,OWID,Lebanon
LBN,1981,5.214879,OWID,Lebanon
LBN,1982,7.1393247,OWID,Lebanon
LBN,1983,4.3318315,OWID,Lebanon
LBN,1984,4.144589,OWID,Lebanon
LBN,1985,3.9609294,OWID,Lebanon
LBN,1986,3.7779288,OWID,Lebanon
LBN,1987,4.083238,OWID,Lebanon
LBN,1988,3.905989,OWID,Lebanon
LBN,1989,2.9544342,OWID,Lebanon
LBN,1990,2.8125129,OWID,Lebanon
LBN,1991,2.6795664,OWID,Lebanon
LBN,1992,2.5531569,OWID,Lebanon
LBN,1993,2.4385848,OWID,Lebanon
LBN,1994,2.328266,OWID,Lebanon
LBN,1995,2.2265925,OWID,Lebanon
LBN,1996,2.1268034,OWID,Lebanon
LBN,1997,2.0317829,OWID,Lebanon
LBN,1998,1.9397154,OWID,Lebanon
LBN,1999,1.8469502,OWID,Lebanon
LBN,2000,1.7560068,OWID,Lebanon
LBN,2001,1.6642845,OWID,Lebanon
LBN,2002,1.5739754,OWID,Lebanon
LBN,2003,1.4881083,OWID,Lebanon
LBN,2004,1.4068204,OWID,Lebanon
LBN,2005,1.3350399,OWID,Lebanon
LBN,2006,1.270363,OWID,Lebanon
LBN,2007,1.216954,OWID,Lebanon
LBN,2008,1.1721658,OWID,Lebanon
LBN,2009,1.1382254,OWID,Lebanon
LBN,2010,1.1130972,OWID,Lebanon
LBN,2011,1.0973408,OWID,Lebanon
LBN,2012,1.0887071,OWID,Lebanon
LBN,2013,1.0897855,OWID,Lebanon
LBN,2014,1.0992879,OWID,Lebanon
LBN,2015,1.1162703,OWID,Lebanon
LBN,2016,1.1432898,OWID,Lebanon
LBN,2017,1.1799873,OWID,Lebanon
LBN,2018,1.2274584,OWID,Lebanon
LBN,2019,1.2841291,OWID,Lebanon
LBN,2020,1.3516923,OWID,Lebanon
LBN,2021,1.4281129,OWID,Lebanon
LBN,2022,1.5124375,OWID,Lebanon
LBN,2023,1.5995821,OWID,Lebanon
LSO,1952,15.816585,OWID,Lesotho
LSO,1953,15.437452,OWID,Lesotho
LSO,1954,15.066886,OWID,Lesotho
LSO,1955,14.70739,OWID,Lesotho
LSO,1956,14.398376,OWID,Lesotho
LSO,1957,14.130912,OWID,Lesotho
LSO,1958,13.939863,OWID,Lesotho
LSO,1959,13.806725,OWID,Lesotho
LSO,1960,13.774569,OWID,Lesotho
LSO,1961,13.811052,OWID,Lesotho
LSO,1962,13.910962,OWID,Lesotho
LSO,1963,14.057312,OWID,Lesotho
LSO,1964,14.21398,OWID,Lesotho
LSO,1965,14.323478,OWID,Lesotho
LSO,1966,14.3976145,OWID,Lesotho
LSO,1967,14.395229,OWID,Lesotho
LSO,1968,14.32019,OWID,Lesotho
LSO,1969,14.1853895,OWID,Lesotho
LSO,1970,13.99261,OWID,Lesotho
LSO,1971,13.772583,OWID,Lesotho
LSO,1972,13.537336,OWID,Lesotho
LSO,1973,13.27545,OWID,Lesotho
LSO,1974,12.965582,OWID,Lesotho
LSO,1975,12.595639,OWID,Lesotho
LSO,1976,12.171938,OWID,Lesotho
LSO,1977,11.719879,OWID,Lesotho
LSO,1978,11.25153,OWID,Lesotho
LSO,1979,10.781255,OWID,Lesotho
LSO,1980,10.3171625,OWID,Lesotho
LSO,1981,9.857081,OWID,Lesotho
LSO,1982,9.435488,OWID,Lesotho
LSO,1983,9.045231,OWID,Lesotho
LSO,1984,8.700063,OWID,Lesotho
LSO,1985,8.39445,OWID,Lesotho
LSO,1986,8.133845,OWID,Lesotho
LSO,1987,7.909266,OWID,Lesotho
LSO,1988,7.7168803,OWID,Lesotho
LSO,1989,7.561536,OWID,Lesotho
LSO,1990,7.449819,OWID,Lesotho
LSO,1991,7.386389,OWID,Lesotho
LSO,1992,7.3841057,OWID,Lesotho
LSO,1993,7.43953,OWID,Lesotho
LSO,1994,7.525307,OWID,Lesotho
LSO,1995,7.593787,OWID,Lesotho
LSO,1996,7.631114,OWID,Lesotho
LSO,1997,7.6394606,OWID,Lesotho
LSO,1998,7.6733503,OWID,Lesotho
LSO,1999,7.742141,OWID,Lesotho
LSO,2000,7.7965803,OWID,Lesotho
LSO,2001,7.826389,OWID,Lesotho
LSO,2002,7.848882,OWID,Lesotho
LSO,2003,7.921101,OWID,Lesotho
LSO,2004,8.022145,OWID,Lesotho
LSO,2005,8.1403885,OWID,Lesotho
LSO,2006,8.171273,OWID,Lesotho
LSO,2007,8.016928,OWID,Lesotho
LSO,2008,8.306279,OWID,Lesotho
LSO,2009,7.831396,OWID,Lesotho
LSO,2010,7.606819,OWID,Lesotho
LSO,2011,7.3335667,OWID,Lesotho
LSO,2012,7.314731,OWID,Lesotho
LSO,2013,7.2808437,OWID,Lesotho
LSO,2014,7.1231885,OWID,Lesotho
LSO,2015,6.9293213,OWID,Lesotho
LSO,2016,6.8288097,OWID,Lesotho
LSO,2017,6.8211946,OWID,Lesotho
LSO,2018,6.485149,OWID,Lesotho
LSO,2019,6.3267746,OWID,Lesotho
LSO,2020,6.1206055,OWID,Lesotho
LSO,2021,5.980214,OWID,Lesotho
LSO,2022,5.7648597,OWID,Lesotho
LSO,2023,5.542296,OWID,Lesotho
LBR,1954,19.18451,OWID,Liberia
LBR,1955,19.352434,OWID,Liberia
LBR,1956,19.516645,OWID,Liberia
LBR,1957,19.679714,OWID,Liberia
LBR,1958,19.799692,OWID,Liberia
LBR,1959,19.947727,OWID,Liberia
LBR,1960,20.058308,OWID,Liberia
LBR,1961,20.12882,OWID,Liberia
LBR,1962,20.155802,OWID,Liberia
LBR,1963,20.147053,OWID,Liberia
LBR,1964,20.086887,OWID,Liberia
LBR,1965,19.982801,OWID,Liberia
LBR,1966,19.839046,OWID,Liberia
LBR,1967,19.62312,OWID,Liberia
LBR,1968,19.335035,OWID,Liberia
LBR,1969,19.003323,OWID,Liberia
LBR,1970,18.681036,OWID,Liberia
LBR,1971,18.353798,OWID,Liberia
LBR,1972,18.02428,OWID,Liberia
LBR,1973,17.712215,OWID,Liberia
LBR,1974,17.397535,OWID,Liberia
LBR,1975,17.084017,OWID,Liberia
LBR,1976,16.774632,OWID,Liberia
LBR,1977,16.489122,OWID,Liberia
LBR,1978,16.2246,OWID,Liberia
LBR,1979,15.979517,OWID,Liberia
LBR,1980,15.741817,OWID,Liberia
LBR,1981,15.537402,OWID,Liberia
LBR,1982,15.384449,OWID,Liberia
LBR,1983,15.305112,OWID,Liberia
LBR,1984,15.311097,OWID,Liberia
LBR,1985,15.4382105,OWID,Liberia
LBR,1986,15.669039,OWID,Liberia
LBR,1987,15.9779415,OWID,Liberia
LBR,1988,16.342903,OWID,Liberia
LBR,1989,16.69148,OWID,Liberia
LBR,1990,16.959225,OWID,Liberia
LBR,1991,17.091599,OWID,Liberia
LBR,1992,17.049843,OWID,Liberia
LBR,1993,16.82239,OWID,Liberia
LBR,1994,16.446768,OWID,Liberia
LBR,1995,15.936502,OWID,Liberia
LBR,1996,15.34812,OWID,Liberia
LBR,1997,14.671707,OWID,Liberia
LBR,1998,13.946288,OWID,Liberia
LBR,1999,13.187828,OWID,Liberia
LBR,2000,12.393396,OWID,Liberia
LBR,2001,11.602396,OWID,Liberia
LBR,2002,10.823398,OWID,Liberia
LBR,2003,10.076013,OWID,Liberia
LBR,2004,9.388919,OWID,Liberia
LBR,2005,8.788649,OWID,Liberia
LBR,2006,8.28084,OWID,Liberia
LBR,2007,7.8730826,OWID,Liberia
LBR,2008,7.551046,OWID,Liberia
LBR,2009,7.290485,OWID,Liberia
LBR,2010,7.079458,OWID,Liberia
LBR,2011,6.8961725,OWID,Liberia
LBR,2012,6.7332973,OWID,Liberia
LBR,2013,6.574331,OWID,Liberia
LBR,2014,6.65067,OWID,Liberia
LBR,2015,6.3270106,OWID,Liberia
LBR,2016,6.1806974,OWID,Liberia
LBR,2017,6.056396,OWID,Liberia
LBR,2018,5.9408455,OWID,Liberia
LBR,2019,5.821797,OWID,Liberia
LBR,2020,5.6831517,OWID,Liberia
LBR,2021,5.5417023,OWID,Liberia
LBR,2022,5.394697,OWID,Liberia
LBR,2023,5.256797,OWID,Liberia
LBY,1956,24.88745,OWID,Libya
LBY,1957,23.373764,OWID,Libya
LBY,1958,21.97317,OWID,Libya
LBY,1959,20.643803,OWID,Libya
LBY,1960,19.38344,OWID,Libya
LBY,1961,18.21976,OWID,Libya
LBY,1962,17.106789,OWID,Libya
LBY,1963,16.030376,OWID,Libya
LBY,1964,15.0197935,OWID,Libya
LBY,1965,14.036384,OWID,Libya
LBY,1966,13.096967,OWID,Libya
LBY,1967,12.208459,OWID,Libya
LBY,1968,11.36754,OWID,Libya
LBY,1969,10.57997,OWID,Libya
LBY,1970,9.845366,OWID,Libya
LBY,1971,9.167615,OWID,Libya
LBY,1972,8.532174,OWID,Libya
LBY,1973,7.965136,OWID,Libya
LBY,1974,7.45604,OWID,Libya
LBY,1975,6.986377,OWID,Libya
LBY,1976,6.5725794,OWID,Libya
LBY,1977,6.2043047,OWID,Libya
LBY,1978,5.873191,OWID,Libya
LBY,1979,5.5720763,OWID,Libya
LBY,1980,5.2964134,OWID,Libya
LBY,1981,5.042773,OWID,Libya
LBY,1982,4.801979,OWID,Libya
LBY,1983,4.5679,OWID,Libya
LBY,1984,4.3463106,OWID,Libya
LBY,1985,4.127772,OWID,Libya
LBY,1986,3.9160943,OWID,Libya
LBY,1987,3.7160528,OWID,Libya
LBY,1988,3.5195653,OWID,Libya
LBY,1989,3.3325846,OWID,Libya
LBY,1990,3.161123,OWID,Libya
LBY,1991,3.002152,OWID,Libya
LBY,1992,2.8602219,OWID,Libya
LBY,1993,2.733193,OWID,Libya
LBY,1994,2.620553,OWID,Libya
LBY,1995,2.5160515,OWID,Libya
LBY,1996,2.4270937,OWID,Libya
LBY,1997,2.3489633,OWID,Libya
LBY,1998,2.276582,OWID,Libya
LBY,1999,2.210761,OWID,Libya
LBY,2000,2.1494977,OWID,Libya
LBY,2001,2.090893,OWID,Libya
LBY,2002,2.0312557,OWID,Libya
LBY,2003,1.9636387,OWID,Libya
LBY,2004,1.8830945,OWID,Libya
LBY,2005,1.7880778,OWID,Libya
LBY,2006,1.6818141,OWID,Libya
LBY,2007,1.5700438,OWID,Libya
LBY,2008,1.4652109,OWID,Libya
LBY,2009,1.3765247,OWID,Libya
LBY,2010,1.302893,OWID,Libya
LBY,2011,1.3882743,OWID,Libya
LBY,2012,1.1875125,OWID,Libya
LBY,2013,1.1405581,OWID,Libya
LBY,2014,1.0964379,OWID,Libya
LBY,2015,1.0564343,OWID,Libya
LBY,2016,1.0187364,OWID,Libya
LBY,2017,0.9831706,OWID,Libya
LBY,2018,0.9518575,OWID,Libya
LBY,2019,0.9237457,OWID,Libya
LBY,2020,0.89502126,OWID,Libya
LBY,2021,0.86982214,OWID,Libya
LBY,2022,0.84187037,OWID,Libya
LBY,2023,1.5929003,OWID,Libya
LTU,1967,2.0906587,OWID,Lithuania
LTU,1968,2.0858874,OWID,Lithuania
LTU,1969,1.9885763,OWID,Lithuania
LTU,1970,1.8120835,OWID,Lithuania
LTU,1971,1.6697892,OWID,Lithuania
LTU,1972,1.6424698,OWID,Lithuania
LTU,1973,1.7007287,OWID,Lithuania
LTU,1974,1.7647139,OWID,Lithuania
LTU,1975,1.7811009,OWID,Lithuania
LTU,1976,1.7668365,OWID,Lithuania
LTU,1977,1.74075,OWID,Lithuania
LTU,1978,1.7083238,OWID,Lithuania
LTU,1979,1.6612706,OWID,Lithuania
LTU,1980,1.6009338,OWID,Lithuania
LTU,1981,1.5422277,OWID,Lithuania
LTU,1982,1.497234,OWID,Lithuania
LTU,1983,1.461298,OWID,Lithuania
LTU,1984,1.4190195,OWID,Lithuania
LTU,1985,1.3602037,OWID,Lithuania
LTU,1986,1.2815468,OWID,Lithuania
LTU,1987,1.1861066,OWID,Lithuania
LTU,1988,1.1129341,OWID,Lithuania
LTU,1989,1.1118479,OWID,Lithuania
LTU,1990,1.1980438,OWID,Lithuania
LTU,1991,1.3221998,OWID,Lithuania
LTU,1992,1.4107869,OWID,Lithuania
LTU,1993,1.4220984,OWID,Lithuania
LTU,1994,1.3440974,OWID,Lithuania
LTU,1995,1.2038788,OWID,Lithuania
LTU,1996,1.0676742,OWID,Lithuania
LTU,1997,0.97920483,OWID,Lithuania
LTU,1998,0.92829686,OWID,Lithuania
LTU,1999,0.8920822,OWID,Lithuania
LTU,2000,0.85693043,OWID,Lithuania
LTU,2001,0.8235174,OWID,Lithuania
LTU,2002,0.79450655,OWID,Lithuania
LTU,2003,0.7696761,OWID,Lithuania
LTU,2004,0.7480386,OWID,Lithuania
LTU,2005,0.7260895,OWID,Lithuania
LTU,2006,0.6957156,OWID,Lithuania
LTU,2007,0.6510567,OWID,Lithuania
LTU,2008,0.59748685,OWID,Lithuania
LTU,2009,0.54205847,OWID,Lithuania
LTU,2010,0.49197024,OWID,Lithuania
LTU,2011,0.45401898,OWID,Lithuania
LTU,2012,0.43189245,OWID,Lithuania
LTU,2013,0.42183545,OWID,Lithuania
LTU,2014,0.41799423,OWID,Lithuania
LTU,2015,0.4142356,OWID,Lithuania
LTU,2016,0.4030285,OWID,Lithuania
LTU,2017,0.38010815,OWID,Lithuania
LTU,2018,0.35138503,OWID,Lithuania
LTU,2019,0.32583568,OWID,Lithuania
LTU,2020,0.30866486,OWID,Lithuania
LTU,2021,0.29732844,OWID,Lithuania
LTU,2022,0.2894329,OWID,Lithuania
LTU,2023,0.28410837,OWID,Lithuania
,1990,10.9332285,OWID,Low-income countries
,1991,11.174931,OWID,Low-income countries
,1992,11.046184,OWID,Low-income countries
,1993,10.503987,OWID,Low-income countries
,1994,10.497085,OWID,Low-income countries
,1995,10.206876,OWID,Low-income countries
,1996,10.012759,OWID,Low-income countries
,1997,9.8091,OWID,Low-income countries
,1998,9.747478,OWID,Low-income countries
,1999,9.291733,OWID,Low-income countries
,2000,8.995946,OWID,Low-income countries
,2001,8.680684,OWID,Low-income countries
,2002,8.360438,OWID,Low-income countries
,2003,7.9809194,OWID,Low-income countries
,2004,7.6987867,OWID,Low-income countries
,2005,7.396913,OWID,Low-income countries
,2006,7.0689864,OWID,Low-income countries
,2007,6.7786827,OWID,Low-income countries
,2008,6.5140452,OWID,Low-income countries
,2009,6.4436574,OWID,Low-income countries
,2010,6.145918,OWID,Low-income countries
,2011,6.239857,OWID,Low-income countries
,2012,5.7775373,OWID,Low-income countries
,2013,5.566349,OWID,Low-income countries
,2014,5.536056,OWID,Low-income countries
,2015,5.4219027,OWID,Low-income countries
,2016,5.3021073,OWID,Low-income countries
,2017,5.217934,OWID,Low-income countries
,2018,4.923664,OWID,Low-income countries
,2019,4.7941337,OWID,Low-income countries
,2020,4.6268682,OWID,Low-income countries
,2021,4.5337205,OWID,Low-income countries
,2022,4.576202,OWID,Low-income countries
,2023,4.277486,OWID,Low-income countries
,1990,8.46864,OWID,Lower-middle-income countries
,1991,8.305082,OWID,Lower-middle-income countries
,1992,8.159692,OWID,Lower-middle-income countries
,1993,8.014401,OWID,Lower-middle-income countries
,1994,7.873123,OWID,Lower-middle-income countries
,1995,7.724011,OWID,Lower-middle-income countries
,1996,7.566893,OWID,Lower-middle-income countries
,1997,7.392558,OWID,Lower-middle-income countries
,1998,7.213885,OWID,Lower-middle-income countries
,1999,7.017638,OWID,Lower-middle-income countries
,2000,6.8098216,OWID,Lower-middle-income countries
,2001,6.598856,OWID,Lower-middle-income countries
,2002,6.38922,OWID,Lower-middle-income countries
,2003,6.1885433,OWID,Lower-middle-income countries
,2004,5.9960413,OWID,Lower-middle-income countries
,2005,5.8073316,OWID,Lower-middle-income countries
,2006,5.625053,OWID,Lower-middle-income countries
,2007,5.445665,OWID,Lower-middle-income countries
,2008,5.2911654,OWID,Lower-middle-income countries
,2009,5.1098213,OWID,Lower-middle-income countries
,2010,4.9555736,OWID,Lower-middle-income countries
,2011,4.786678,OWID,Lower-middle-income countries
,2012,4.626274,OWID,Lower-middle-income countries
,2013,4.4722233,OWID,Lower-middle-income countries
,2014,4.329392,OWID,Lower-middle-income countries
,2015,4.1829424,OWID,Lower-middle-income countries
,2016,4.0500126,OWID,Lower-middle-income countries
,2017,3.92545,OWID,Lower-middle-income countries
,2018,3.7998552,OWID,Lower-middle-income countries
,2019,3.6801875,OWID,Lower-middle-income countries
,2020,3.5638833,OWID,Lower-middle-income countries
,2021,3.4601076,OWID,Lower-middle-income countries
,2022,3.3542717,OWID,Lower-middle-income countries
,2023,3.255812,OWID,Lower-middle-income countries
LUX,1949,4.894898,OWID,Luxembourg
LUX,1950,4.7287025,OWID,Luxembourg
LUX,1951,4.5626254,OWID,Luxembourg
LUX,1952,4.4064474,OWID,Luxembourg
LUX,1953,4.250655,OWID,Luxembourg
LUX,1954,4.097623,OWID,Luxembourg
LUX,1955,3.9426944,OWID,Luxembourg
LUX,1956,3.7912889,OWID,Luxembourg
LUX,1957,3.6386354,OWID,Luxembourg
LUX,1958,3.4837754,OWID,Luxembourg
LUX,1959,3.328976,OWID,Luxembourg
LUX,1960,3.1723926,OWID,Luxembourg
LUX,1961,3.0166602,OWID,Luxembourg
LUX,1962,2.865732,OWID,Luxembourg
LUX,1963,2.7240403,OWID,Luxembourg
LUX,1964,2.587925,OWID,Luxembourg
LUX,1965,2.4603047,OWID,Luxembourg
LUX,1966,2.3407445,OWID,Luxembourg
LUX,1967,2.2258756,OWID,Luxembourg
LUX,1968,2.1143222,OWID,Luxembourg
LUX,1969,2.0055976,OWID,Luxembourg
LUX,1970,1.900893,OWID,Luxembourg
LUX,1971,1.7961314,OWID,Luxembourg
LUX,1972,1.6921543,OWID,Luxembourg
LUX,1973,1.5915331,OWID,Luxembourg
LUX,1974,1.498444,OWID,Luxembourg
LUX,1975,1.4140817,OWID,Luxembourg
LUX,1976,1.3393687,OWID,Luxembourg
LUX,1977,1.2740602,OWID,Luxembourg
LUX,1978,1.2176226,OWID,Luxembourg
LUX,1979,1.16947,OWID,Luxembourg
LUX,1980,1.1279672,OWID,Luxembourg
LUX,1981,1.0887206,OWID,Luxembourg
LUX,1982,1.0511947,OWID,Luxembourg
LUX,1983,1.0137244,OWID,Luxembourg
LUX,1984,0.97560227,OWID,Luxembourg
LUX,1985,0.93695277,OWID,Luxembourg
LUX,1986,0.89712834,OWID,Luxembourg
LUX,1987,0.8572137,OWID,Luxembourg
LUX,1988,0.81627375,OWID,Luxembourg
LUX,1989,0.7744328,OWID,Luxembourg
LUX,1990,0.73244476,OWID,Luxembourg
LUX,1991,0.690326,OWID,Luxembourg
LUX,1992,0.64834934,OWID,Luxembourg
LUX,1993,0.60704684,OWID,Luxembourg
LUX,1994,0.56865346,OWID,Luxembourg
LUX,1995,0.53247976,OWID,Luxembourg
LUX,1996,0.4990512,OWID,Luxembourg
LUX,1997,0.4686333,OWID,Luxembourg
LUX,1998,0.4408532,OWID,Luxembourg
LUX,1999,0.41443697,OWID,Luxembourg
LUX,2000,0.39057487,OWID,Luxembourg
LUX,2001,0.3678864,OWID,Luxembourg
LUX,2002,0.34602335,OWID,Luxembourg
LUX,2003,0.32545695,OWID,Luxembourg
LUX,2004,0.30658513,OWID,Luxembourg
LUX,2005,0.28940818,OWID,Luxembourg
LUX,2006,0.2744237,OWID,Luxembourg
LUX,2007,0.26165462,OWID,Luxembourg
LUX,2008,0.25112218,OWID,Luxembourg
LUX,2009,0.24234131,OWID,Luxembourg
LUX,2010,0.2353701,OWID,Luxembourg
LUX,2011,0.22971672,OWID,Luxembourg
LUX,2012,0.22551265,OWID,Luxembourg
LUX,2013,0.22197452,OWID,Luxembourg
LUX,2014,0.21913673,OWID,Luxembourg
LUX,2015,0.21671052,OWID,Luxembourg
LUX,2016,0.21478109,OWID,Luxembourg
LUX,2017,0.21303658,OWID,Luxembourg
LUX,2018,0.21161501,OWID,Luxembourg
LUX,2019,0.21003044,OWID,Luxembourg
LUX,2020,0.2084374,OWID,Luxembourg
LUX,2021,0.20587255,OWID,Luxembourg
LUX,2022,0.20279534,OWID,Luxembourg
LUX,2023,0.19888467,OWID,Luxembourg
MDG,1972,8.160746,OWID,Madagascar
MDG,1973,8.336596,OWID,Madagascar
MDG,1974,8.522912,OWID,Madagascar
MDG,1975,8.70707,OWID,Madagascar
MDG,1976,8.878111,OWID,Madagascar
MDG,1977,9.044503,OWID,Madagascar
MDG,1978,9.196516,OWID,Madagascar
MDG,1979,9.354931,OWID,Madagascar
MDG,1980,9.523524,OWID,Madagascar
MDG,1981,9.70771,OWID,Madagascar
MDG,1982,9.873095,OWID,Madagascar
MDG,1983,10.010407,OWID,Madagascar
MDG,1984,10.080539,OWID,Madagascar
MDG,1985,10.078199,OWID,Madagascar
MDG,1986,9.997778,OWID,Madagascar
MDG,1987,9.841994,OWID,Madagascar
MDG,1988,9.6288,OWID,Madagascar
MDG,1989,9.3739195,OWID,Madagascar
MDG,1990,9.111445,OWID,Madagascar
MDG,1991,8.850339,OWID,Madagascar
MDG,1992,8.611168,OWID,Madagascar
MDG,1993,8.38161,OWID,Madagascar
MDG,1994,8.150366,OWID,Madagascar
MDG,1995,7.910289,OWID,Madagascar
MDG,1996,7.6558948,OWID,Madagascar
MDG,1997,7.3842115,OWID,Madagascar
MDG,1998,7.100208,OWID,Madagascar
MDG,1999,6.825764,OWID,Madagascar
MDG,2000,6.554802,OWID,Madagascar
MDG,2001,6.2987294,OWID,Madagascar
MDG,2002,6.058859,OWID,Madagascar
MDG,2003,5.8347654,OWID,Madagascar
MDG,2004,5.621124,OWID,Madagascar
MDG,2005,5.4198494,OWID,Madagascar
MDG,2006,5.2263427,OWID,Madagascar
MDG,2007,5.043624,OWID,Madagascar
MDG,2008,4.8796573,OWID,Madagascar
MDG,2009,4.741049,OWID,Madagascar
MDG,2010,4.620798,OWID,Madagascar
MDG,2011,4.5226517,OWID,Madagascar
MDG,2012,4.456008,OWID,Madagascar
MDG,2013,4.413062,OWID,Madagascar
MDG,2014,4.3851714,OWID,Madagascar
MDG,2015,4.37565,OWID,Madagascar
MDG,2016,4.376917,OWID,Madagascar
MDG,2017,4.3909407,OWID,Madagascar
MDG,2018,4.416505,OWID,Madagascar
MDG,2019,4.4475064,OWID,Madagascar
MDG,2020,4.4732485,OWID,Madagascar
MDG,2021,4.485588,OWID,Madagascar
MDG,2022,4.4690766,OWID,Madagascar
MDG,2023,4.417505,OWID,Madagascar
MWI,1961,16.270958,OWID,Malawi
MWI,1962,16.32704,OWID,Malawi
MWI,1963,16.365286,OWID,Malawi
MWI,1964,16.409262,OWID,Malawi
MWI,1965,16.456379,OWID,Malawi
MWI,1966,16.51048,OWID,Malawi
MWI,1967,16.545578,OWID,Malawi
MWI,1968,16.580893,OWID,Malawi
MWI,1969,16.558342,OWID,Malawi
MWI,1970,16.483332,OWID,Malawi
MWI,1971,16.35291,OWID,Malawi
MWI,1972,16.128092,OWID,Malawi
MWI,1973,15.843449,OWID,Malawi
MWI,1974,15.518255,OWID,Malawi
MWI,1975,15.163278,OWID,Malawi
MWI,1976,14.802374,OWID,Malawi
MWI,1977,14.417908,OWID,Malawi
MWI,1978,13.978749,OWID,Malawi
MWI,1979,13.535805,OWID,Malawi
MWI,1980,13.165753,OWID,Malawi
MWI,1981,12.890489,OWID,Malawi
MWI,1982,12.783417,OWID,Malawi
MWI,1983,12.875678,OWID,Malawi
MWI,1984,13.125005,OWID,Malawi
MWI,1985,13.419443,OWID,Malawi
MWI,1986,13.668385,OWID,Malawi
MWI,1987,13.8019,OWID,Malawi
MWI,1988,13.781011,OWID,Malawi
MWI,1989,13.600889,OWID,Malawi
MWI,1990,13.311045,OWID,Malawi
MWI,1991,12.948323,OWID,Malawi
MWI,1992,12.547214,OWID,Malawi
MWI,1993,12.164048,OWID,Malawi
MWI,1994,11.81772,OWID,Malawi
MWI,1995,11.506893,OWID,Malawi
MWI,1996,11.316861,OWID,Malawi
MWI,1997,11.142511,OWID,Malawi
MWI,1998,10.913634,OWID,Malawi
MWI,1999,10.545297,OWID,Malawi
MWI,2000,10.020562,OWID,Malawi
MWI,2001,9.311125,OWID,Malawi
MWI,2002,8.506896,OWID,Malawi
MWI,2003,7.7172546,OWID,Malawi
MWI,2004,7.024549,OWID,Malawi
MWI,2005,6.50996,OWID,Malawi
MWI,2006,6.1861796,OWID,Malawi
MWI,2007,5.9864774,OWID,Malawi
MWI,2008,5.7275386,OWID,Malawi
MWI,2009,5.5502467,OWID,Malawi
MWI,2010,5.3564534,OWID,Malawi
MWI,2011,4.988886,OWID,Malawi
MWI,2012,4.6565895,OWID,Malawi
MWI,2013,4.3571687,OWID,Malawi
MWI,2014,4.135084,OWID,Malawi
MWI,2015,3.9316533,OWID,Malawi
MWI,2016,3.7640996,OWID,Malawi
MWI,2017,3.61311,OWID,Malawi
MWI,2018,3.4495847,OWID,Malawi
MWI,2019,3.3604956,OWID,Malawi
MWI,2020,3.2263932,OWID,Malawi
MWI,2021,3.1399238,OWID,Malawi
MWI,2022,3.0535967,OWID,Malawi
MWI,2023,2.936188,OWID,Malawi
MYS,1951,11.192067,OWID,Malaysia
MYS,1952,10.614997,OWID,Malaysia
MYS,1953,10.066239,OWID,Malaysia
MYS,1954,9.544735,OWID,Malaysia
MYS,1955,9.066742,OWID,Malaysia
MYS,1956,8.613436,OWID,Malaysia
MYS,1957,8.167994,OWID,Malaysia
MYS,1958,7.717003,OWID,Malaysia
MYS,1959,7.269761,OWID,Malaysia
MYS,1960,6.8264065,OWID,Malaysia
MYS,1961,6.392288,OWID,Malaysia
MYS,1962,5.989092,OWID,Malaysia
MYS,1963,5.632427,OWID,Malaysia
MYS,1964,5.3213644,OWID,Malaysia
MYS,1965,5.048808,OWID,Malaysia
MYS,1966,4.8201475,OWID,Malaysia
MYS,1967,4.6228642,OWID,Malaysia
MYS,1968,4.450085,OWID,Malaysia
MYS,1969,4.2934694,OWID,Malaysia
MYS,1970,4.135497,OWID,Malaysia
MYS,1971,3.9651515,OWID,Malaysia
MYS,1972,3.781759,OWID,Malaysia
MYS,1973,3.582272,OWID,Malaysia
MYS,1974,3.3764703,OWID,Malaysia
MYS,1975,3.175657,OWID,Malaysia
MYS,1976,2.9833348,OWID,Malaysia
MYS,1977,2.7991307,OWID,Malaysia
MYS,1978,2.6245441,OWID,Malaysia
MYS,1979,2.457492,OWID,Malaysia
MYS,1980,2.2983851,OWID,Malaysia
MYS,1981,2.147511,OWID,Malaysia
MYS,1982,2.007097,OWID,Malaysia
MYS,1983,1.8779371,OWID,Malaysia
MYS,1984,1.7598089,OWID,Malaysia
MYS,1985,1.652932,OWID,Malaysia
MYS,1986,1.5574272,OWID,Malaysia
MYS,1987,1.4719799,OWID,Malaysia
MYS,1988,1.3972055,OWID,Malaysia
MYS,1989,1.3295577,OWID,Malaysia
MYS,1990,1.2673424,OWID,Malaysia
MYS,1991,1.2090987,OWID,Malaysia
MYS,1992,1.1553291,OWID,Malaysia
MYS,1993,1.1059647,OWID,Malaysia
MYS,1994,1.0626202,OWID,Malaysia
MYS,1995,1.0248029,OWID,Malaysia
MYS,1996,0.98755777,OWID,Malaysia
MYS,1997,0.9431612,OWID,Malaysia
MYS,1998,0.8890833,OWID,Malaysia
MYS,1999,0.83033055,OWID,Malaysia
MYS,2000,0.77173376,OWID,Malaysia
MYS,2001,0.7211768,OWID,Malaysia
MYS,2002,0.6858313,OWID,Malaysia
MYS,2003,0.66681886,OWID,Malaysia
MYS,2004,0.6581924,OWID,Malaysia
MYS,2005,0.6541421,OWID,Malaysia
MYS,2006,0.65211815,OWID,Malaysia
MYS,2007,0.65196157,OWID,Malaysia
MYS,2008,0.65277123,OWID,Malaysia
MYS,2009,0.6527938,OWID,Malaysia
MYS,2010,0.6507015,OWID,Malaysia
MYS,2011,0.64799154,OWID,Malaysia
MYS,2012,0.64775324,OWID,Malaysia
MYS,2013,0.651521,OWID,Malaysia
MYS,2014,0.6577482,OWID,Malaysia
MYS,2015,0.66405934,OWID,Malaysia
MYS,2016,0.6694203,OWID,Malaysia
MYS,2017,0.67313206,OWID,Malaysia
MYS,2018,0.6744876,OWID,Malaysia
MYS,2019,0.67458403,OWID,Malaysia
MYS,2020,0.67435265,OWID,Malaysia
MYS,2021,0.67423964,OWID,Malaysia
MYS,2022,0.67457896,OWID,Malaysia
MYS,2023,0.67527723,OWID,Malaysia
MDV,1962,23.951765,OWID,Maldives
MDV,1963,23.495583,OWID,Maldives
MDV,1964,22.984715,OWID,Maldives
MDV,1965,22.487486,OWID,Maldives
MDV,1966,21.9718,OWID,Maldives
MDV,1967,21.41183,OWID,Maldives
MDV,1968,20.82723,OWID,Maldives
MDV,1969,20.249924,OWID,Maldives
MDV,1970,19.619974,OWID,Maldives
MDV,1971,18.937311,OWID,Maldives
MDV,1972,18.184185,OWID,Maldives
MDV,1973,17.37324,OWID,Maldives
MDV,1974,16.547071,OWID,Maldives
MDV,1975,15.724302,OWID,Maldives
MDV,1976,14.920294,OWID,Maldives
MDV,1977,14.158047,OWID,Maldives
MDV,1978,13.437842,OWID,Maldives
MDV,1979,12.750511,OWID,Maldives
MDV,1980,12.084233,OWID,Maldives
MDV,1981,11.462585,OWID,Maldives
MDV,1982,10.878993,OWID,Maldives
MDV,1983,10.331782,OWID,Maldives
MDV,1984,9.815821,OWID,Maldives
MDV,1985,9.327458,OWID,Maldives
MDV,1986,8.857908,OWID,Maldives
MDV,1987,8.408182,OWID,Maldives
MDV,1988,7.9843216,OWID,Maldives
MDV,1989,7.5723557,OWID,Maldives
MDV,1990,7.183001,OWID,Maldives
MDV,1991,6.8003564,OWID,Maldives
MDV,1992,6.4199767,OWID,Maldives
MDV,1993,6.0485787,OWID,Maldives
MDV,1994,5.6678724,OWID,Maldives
MDV,1995,5.2835236,OWID,Maldives
MDV,1996,4.8925514,OWID,Maldives
MDV,1997,4.505542,OWID,Maldives
MDV,1998,4.1168966,OWID,Maldives
MDV,1999,3.7317538,OWID,Maldives
MDV,2000,3.350612,OWID,Maldives
MDV,2001,2.9847813,OWID,Maldives
MDV,2002,2.6470337,OWID,Maldives
MDV,2003,2.343215,OWID,Maldives
MDV,2004,2.1802073,OWID,Maldives
MDV,2005,1.856272,OWID,Maldives
MDV,2006,1.6697333,OWID,Maldives
MDV,2007,1.516131,OWID,Maldives
MDV,2008,1.3904283,OWID,Maldives
MDV,2009,1.284312,OWID,Maldives
MDV,2010,1.1938784,OWID,Maldives
MDV,2011,1.114665,OWID,Maldives
MDV,2012,1.0422798,OWID,Maldives
MDV,2013,0.976293,OWID,Maldives
MDV,2014,0.913758,OWID,Maldives
MDV,2015,0.8544818,OWID,Maldives
MDV,2016,0.7973669,OWID,Maldives
MDV,2017,0.7429817,OWID,Maldives
MDV,2018,0.69212914,OWID,Maldives
MDV,2019,0.64360493,OWID,Maldives
MDV,2020,0.5985294,OWID,Maldives
MDV,2021,0.55836445,OWID,Maldives
MDV,2022,0.52530164,OWID,Maldives
MDV,2023,0.49793696,OWID,Maldives
MLI,1966,20.21432,OWID,Mali
MLI,1967,19.914293,OWID,Mali
MLI,1968,19.656155,OWID,Mali
MLI,1969,19.390162,OWID,Mali
MLI,1970,19.126509,OWID,Mali
MLI,1971,18.86303,OWID,Mali
MLI,1972,18.579302,OWID,Mali
MLI,1973,18.248005,OWID,Mali
MLI,1974,17.886976,OWID,Mali
MLI,1975,17.51161,OWID,Mali
MLI,1976,17.124428,OWID,Mali
MLI,1977,16.725254,OWID,Mali
MLI,1978,16.32584,OWID,Mali
MLI,1979,15.938855,OWID,Mali
MLI,1980,15.563682,OWID,Mali
MLI,1981,15.186114,OWID,Mali
MLI,1982,14.8176,OWID,Mali
MLI,1983,14.4570055,OWID,Mali
MLI,1984,14.105248,OWID,Mali
MLI,1985,13.767676,OWID,Mali
MLI,1986,13.446885,OWID,Mali
MLI,1987,13.160046,OWID,Mali
MLI,1988,12.895596,OWID,Mali
MLI,1989,12.647883,OWID,Mali
MLI,1990,12.424603,OWID,Mali
MLI,1991,12.221732,OWID,Mali
MLI,1992,12.042966,OWID,Mali
MLI,1993,11.873725,OWID,Mali
MLI,1994,11.70812,OWID,Mali
MLI,1995,11.539717,OWID,Mali
MLI,1996,11.344682,OWID,Mali
MLI,1997,11.122964,OWID,Mali
MLI,1998,10.870645,OWID,Mali
MLI,1999,10.589166,OWID,Mali
MLI,2000,10.28209,OWID,Mali
MLI,2001,9.966623,OWID,Mali
MLI,2002,9.645843,OWID,Mali
MLI,2003,9.337399,OWID,Mali
MLI,2004,9.051051,OWID,Mali
MLI,2005,8.78337,OWID,Mali
MLI,2006,8.540354,OWID,Mali
MLI,2007,8.319566,OWID,Mali
MLI,2008,8.111971,OWID,Mali
MLI,2009,7.9139595,OWID,Mali
MLI,2010,7.730482,OWID,Mali
MLI,2011,7.5532875,OWID,Mali
MLI,2012,7.3903084,OWID,Mali
MLI,2013,7.234619,OWID,Mali
MLI,2014,7.084632,OWID,Mali
MLI,2015,6.9420533,OWID,Mali
MLI,2016,6.801057,OWID,Mali
MLI,2017,6.659279,OWID,Mali
MLI,2018,6.514752,OWID,Mali
MLI,2019,6.366608,OWID,Mali
MLI,2020,6.207564,OWID,Mali
MLI,2021,6.051603,OWID,Mali
MLI,2022,5.89503,OWID,Mali
MLI,2023,5.755343,OWID,Mali
MLT,1950,9.793067,OWID,Malta
MLT,1951,8.536664,OWID,Malta
MLT,1952,7.469006,OWID,Malta
MLT,1953,6.556811,OWID,Malta
MLT,1954,5.7974243,OWID,Malta
MLT,1955,5.1802955,OWID,Malta
MLT,1956,4.685576,OWID,Malta
MLT,1957,4.294521,OWID,Malta
MLT,1958,3.991144,OWID,Malta
MLT,1959,3.756926,OWID,Malta
MLT,1960,3.5813377,OWID,Malta
MLT,1961,3.4451663,OWID,Malta
MLT,1962,3.338598,OWID,Malta
MLT,1963,3.2464402,OWID,Malta
MLT,1964,3.1599908,OWID,Malta
MLT,1965,3.0663402,OWID,Malta
MLT,1966,2.9644566,OWID,Malta
MLT,1967,2.8525286,OWID,Malta
MLT,1968,2.7344155,OWID,Malta
MLT,1969,2.6142752,OWID,Malta
MLT,1970,2.4924366,OWID,Malta
MLT,1971,2.3704996,OWID,Malta
MLT,1972,2.2487538,OWID,Malta
MLT,1973,2.129079,OWID,Malta
MLT,1974,2.0142555,OWID,Malta
MLT,1975,1.9039625,OWID,Malta
MLT,1976,1.8016868,OWID,Malta
MLT,1977,1.7101058,OWID,Malta
MLT,1978,1.6287891,OWID,Malta
MLT,1979,1.557593,OWID,Malta
MLT,1980,1.495583,OWID,Malta
MLT,1981,1.4384128,OWID,Malta
MLT,1982,1.3845371,OWID,Malta
MLT,1983,1.3321389,OWID,Malta
MLT,1984,1.2795507,OWID,Malta
MLT,1985,1.2270136,OWID,Malta
MLT,1986,1.1749258,OWID,Malta
MLT,1987,1.1257932,OWID,Malta
MLT,1988,1.0797398,OWID,Malta
MLT,1989,1.037722,OWID,Malta
MLT,1990,0.9984197,OWID,Malta
MLT,1991,0.9632508,OWID,Malta
MLT,1992,0.92882067,OWID,Malta
MLT,1993,0.89428616,OWID,Malta
MLT,1994,0.8595097,OWID,Malta
MLT,1995,0.8249786,OWID,Malta
MLT,1996,0.79023474,OWID,Malta
MLT,1997,0.75574106,OWID,Malta
MLT,1998,0.7233273,OWID,Malta
MLT,1999,0.69422156,OWID,Malta
MLT,2000,0.66957015,OWID,Malta
MLT,2001,0.6486606,OWID,Malta
MLT,2002,0.6320938,OWID,Malta
MLT,2003,0.61991435,OWID,Malta
MLT,2004,0.61201376,OWID,Malta
MLT,2005,0.6067985,OWID,Malta
MLT,2006,0.60429573,OWID,Malta
MLT,2007,0.60354465,OWID,Malta
MLT,2008,0.60354906,OWID,Malta
MLT,2009,0.60321057,OWID,Malta
MLT,2010,0.60189456,OWID,Malta
MLT,2011,0.59947157,OWID,Malta
MLT,2012,0.5960842,OWID,Malta
MLT,2013,0.5917997,OWID,Malta
MLT,2014,0.5865187,OWID,Malta
MLT,2015,0.5796851,OWID,Malta
MLT,2016,0.5710784,OWID,Malta
MLT,2017,0.5609371,OWID,Malta
MLT,2018,0.5503777,OWID,Malta
MLT,2019,0.53792226,OWID,Malta
MLT,2020,0.5248005,OWID,Malta
MLT,2021,0.5115866,OWID,Malta
MLT,2022,0.49761218,OWID,Malta
MLT,2023,0.48409188,OWID,Malta
MHL,1959,9.293104,OWID,Marshall Islands
MHL,1960,8.873403,OWID,Marshall Islands
MHL,1961,8.470064,OWID,Marshall Islands
MHL,1962,8.085027,OWID,Marshall Islands
MHL,1963,7.7303276,OWID,Marshall Islands
MHL,1964,7.402527,OWID,Marshall Islands
MHL,1965,7.1090746,OWID,Marshall Islands
MHL,1966,6.8340592,OWID,Marshall Islands
MHL,1967,6.571056,OWID,Marshall Islands
MHL,1968,6.324682,OWID,Marshall Islands
MHL,1969,6.0856085,OWID,Marshall Islands
MHL,1970,5.865043,OWID,Marshall Islands
MHL,1971,5.6593685,OWID,Marshall Islands
MHL,1972,5.491171,OWID,Marshall Islands
MHL,1973,5.3514633,OWID,Marshall Islands
MHL,1974,5.2458363,OWID,Marshall Islands
MHL,1975,5.176829,OWID,Marshall Islands
MHL,1976,5.125408,OWID,Marshall Islands
MHL,1977,5.078901,OWID,Marshall Islands
MHL,1978,5.0288725,OWID,Marshall Islands
MHL,1979,4.9726787,OWID,Marshall Islands
MHL,1980,4.9041123,OWID,Marshall Islands
MHL,1981,4.8202305,OWID,Marshall Islands
MHL,1982,4.722664,OWID,Marshall Islands
MHL,1983,4.6100826,OWID,Marshall Islands
MHL,1984,4.4914293,OWID,Marshall Islands
MHL,1985,4.3677163,OWID,Marshall Islands
MHL,1986,4.243864,OWID,Marshall Islands
MHL,1987,4.112788,OWID,Marshall Islands
MHL,1988,3.980426,OWID,Marshall Islands
MHL,1989,3.8410704,OWID,Marshall Islands
MHL,1990,3.7017455,OWID,Marshall Islands
MHL,1991,3.5722606,OWID,Marshall Islands
MHL,1992,3.4550486,OWID,Marshall Islands
MHL,1993,3.3577507,OWID,Marshall Islands
MHL,1994,3.2924972,OWID,Marshall Islands
MHL,1995,3.2584898,OWID,Marshall Islands
MHL,1996,3.2534602,OWID,Marshall Islands
MHL,1997,3.27045,OWID,Marshall Islands
MHL,1998,3.3082385,OWID,Marshall Islands
MHL,1999,3.3439553,OWID,Marshall Islands
MHL,2000,3.3686373,OWID,Marshall Islands
MHL,2001,3.3787856,OWID,Marshall Islands
MHL,2002,3.376336,OWID,Marshall Islands
MHL,2003,3.365952,OWID,Marshall Islands
MHL,2004,3.3470016,OWID,Marshall Islands
MHL,2005,3.3255954,OWID,Marshall Islands
MHL,2006,3.2999454,OWID,Marshall Islands
MHL,2007,3.2758253,OWID,Marshall Islands
MHL,2008,3.249282,OWID,Marshall Islands
MHL,2009,3.2215447,OWID,Marshall Islands
MHL,2010,3.1991544,OWID,Marshall Islands
MHL,2011,3.1664891,OWID,Marshall Islands
MHL,2012,3.1214364,OWID,Marshall Islands
MHL,2013,3.0702007,OWID,Marshall Islands
MHL,2014,3.0047252,OWID,Marshall Islands
MHL,2015,2.933841,OWID,Marshall Islands
MHL,2016,2.8668585,OWID,Marshall Islands
MHL,2017,2.792412,OWID,Marshall Islands
MHL,2018,2.7199306,OWID,Marshall Islands
MHL,2019,2.6465342,OWID,Marshall Islands
MHL,2020,2.5781476,OWID,Marshall Islands
MHL,2021,2.499594,OWID,Marshall Islands
MHL,2022,2.4289424,OWID,Marshall Islands
MHL,2023,2.3526077,OWID,Marshall Islands
MRT,1940,15.5346985,OWID,Mauritania
MRT,1941,15.484466,OWID,Mauritania
MRT,1942,15.481206,OWID,Mauritania
MRT,1943,15.450337,OWID,Mauritania
MRT,1944,15.42088,OWID,Mauritania
MRT,1945,15.368222,OWID,Mauritania
MRT,1946,15.296295,OWID,Mauritania
MRT,1947,15.243855,OWID,Mauritania
MRT,1948,15.151441,OWID,Mauritania
MRT,1949,15.054738,OWID,Mauritania
MRT,1950,14.935281,OWID,Mauritania
MRT,1951,14.807318,OWID,Mauritania
MRT,1952,14.68029,OWID,Mauritania
MRT,1953,14.522645,OWID,Mauritania
MRT,1954,14.348768,OWID,Mauritania
MRT,1955,14.150479,OWID,Mauritania
MRT,1956,13.950799,OWID,Mauritania
MRT,1957,13.724427,OWID,Mauritania
MRT,1958,13.50621,OWID,Mauritania
MRT,1959,13.267298,OWID,Mauritania
MRT,1960,13.008374,OWID,Mauritania
MRT,1961,12.756654,OWID,Mauritania
MRT,1962,12.509663,OWID,Mauritania
MRT,1963,12.267861,OWID,Mauritania
MRT,1964,11.999152,OWID,Mauritania
MRT,1965,11.737711,OWID,Mauritania
MRT,1966,11.451203,OWID,Mauritania
MRT,1967,11.1458025,OWID,Mauritania
MRT,1968,10.849369,OWID,Mauritania
MRT,1969,10.63946,OWID,Mauritania
MRT,1970,10.523812,OWID,Mauritania
MRT,1971,10.511629,OWID,Mauritania
MRT,1972,10.580442,OWID,Mauritania
MRT,1973,10.686157,OWID,Mauritania
MRT,1974,10.753362,OWID,Mauritania
MRT,1975,10.753773,OWID,Mauritania
MRT,1976,10.651909,OWID,Mauritania
MRT,1977,10.467069,OWID,Mauritania
MRT,1978,10.222823,OWID,Mauritania
MRT,1979,9.980304,OWID,Mauritania
MRT,1980,9.748568,OWID,Mauritania
MRT,1981,9.522505,OWID,Mauritania
MRT,1982,9.294593,OWID,Mauritania
MRT,1983,9.046013,OWID,Mauritania
MRT,1984,8.7428055,OWID,Mauritania
MRT,1985,8.401959,OWID,Mauritania
MRT,1986,8.05488,OWID,Mauritania
MRT,1987,7.7569866,OWID,Mauritania
MRT,1988,7.513564,OWID,Mauritania
MRT,1989,7.3543973,OWID,Mauritania
MRT,1990,7.269898,OWID,Mauritania
MRT,1991,7.2443805,OWID,Mauritania
MRT,1992,7.243389,OWID,Mauritania
MRT,1993,7.250643,OWID,Mauritania
MRT,1994,7.266145,OWID,Mauritania
MRT,1995,7.2798786,OWID,Mauritania
MRT,1996,7.2713346,OWID,Mauritania
MRT,1997,7.2172527,OWID,Mauritania
MRT,1998,7.1266747,OWID,Mauritania
MRT,1999,6.9690995,OWID,Mauritania
MRT,2000,6.7577367,OWID,Mauritania
MRT,2001,6.494571,OWID,Mauritania
MRT,2002,6.181318,OWID,Mauritania
MRT,2003,5.8387647,OWID,Mauritania
MRT,2004,5.5013204,OWID,Mauritania
MRT,2005,5.1837926,OWID,Mauritania
MRT,2006,4.9022975,OWID,Mauritania
MRT,2007,4.666399,OWID,Mauritania
MRT,2008,4.4819183,OWID,Mauritania
MRT,2009,4.3385406,OWID,Mauritania
MRT,2010,4.237184,OWID,Mauritania
MRT,2011,4.1541495,OWID,Mauritania
MRT,2012,4.080115,OWID,Mauritania
MRT,2013,4.010594,OWID,Mauritania
MRT,2014,3.9346485,OWID,Mauritania
MRT,2015,3.8529298,OWID,Mauritania
MRT,2016,3.7623801,OWID,Mauritania
MRT,2017,3.6691732,OWID,Mauritania
MRT,2018,3.5758405,OWID,Mauritania
MRT,2019,3.480836,OWID,Mauritania
MRT,2020,3.3842382,OWID,Mauritania
MRT,2021,3.287481,OWID,Mauritania
MRT,2022,3.2001123,OWID,Mauritania
MRT,2023,3.1021063,OWID,Mauritania
MUS,1956,8.311268,OWID,Mauritius
MUS,1957,7.655034,OWID,Mauritius
MUS,1958,7.2157907,OWID,Mauritius
MUS,1959,6.9441586,OWID,Mauritius
MUS,1960,6.7756453,OWID,Mauritius
MUS,1961,6.611931,OWID,Mauritius
MUS,1962,6.3432455,OWID,Mauritius
MUS,1963,5.9988585,OWID,Mauritius
MUS,1964,5.8315587,OWID,Mauritius
MUS,1965,6.0631876,OWID,Mauritius
MUS,1966,6.5245657,OWID,Mauritius
MUS,1967,6.7908583,OWID,Mauritius
MUS,1968,6.621889,OWID,Mauritius
MUS,1969,6.285554,OWID,Mauritius
MUS,1970,6.0604053,OWID,Mauritius
MUS,1971,5.9582095,OWID,Mauritius
MUS,1972,5.8831816,OWID,Mauritius
MUS,1973,5.7387595,OWID,Mauritius
MUS,1974,5.442214,OWID,Mauritius
MUS,1975,4.954338,OWID,Mauritius
MUS,1976,4.4038043,OWID,Mauritius
MUS,1977,3.9421651,OWID,Mauritius
MUS,1978,3.6220305,OWID,Mauritius
MUS,1979,3.3947728,OWID,Mauritius
MUS,1980,3.2196815,OWID,Mauritius
MUS,1981,3.047621,OWID,Mauritius
MUS,1982,2.8341708,OWID,Mauritius
MUS,1983,2.592356,OWID,Mauritius
MUS,1984,2.4193482,OWID,Mauritius
MUS,1985,2.3817394,OWID,Mauritius
MUS,1986,2.4214213,OWID,Mauritius
MUS,1987,2.4136992,OWID,Mauritius
MUS,1988,2.2969651,OWID,Mauritius
MUS,1989,2.1352932,OWID,Mauritius
MUS,1990,1.9919099,OWID,Mauritius
MUS,1991,1.8906822,OWID,Mauritius
MUS,1992,1.8416032,OWID,Mauritius
MUS,1993,1.8441476,OWID,Mauritius
MUS,1994,1.8827977,OWID,Mauritius
MUS,1995,1.9377615,OWID,Mauritius
MUS,1996,1.9785875,OWID,Mauritius
MUS,1997,1.9703646,OWID,Mauritius
MUS,1998,1.8973448,OWID,Mauritius
MUS,1999,1.7842119,OWID,Mauritius
MUS,2000,1.658493,OWID,Mauritius
MUS,2001,1.5440242,OWID,Mauritius
MUS,2002,1.4590114,OWID,Mauritius
MUS,2003,1.4078794,OWID,Mauritius
MUS,2004,1.3796418,OWID,Mauritius
MUS,2005,1.3643636,OWID,Mauritius
MUS,2006,1.3522488,OWID,Mauritius
MUS,2007,1.3372829,OWID,Mauritius
MUS,2008,1.3175395,OWID,Mauritius
MUS,2009,1.3031859,OWID,Mauritius
MUS,2010,1.3035966,OWID,Mauritius
MUS,2011,1.312112,OWID,Mauritius
MUS,2012,1.3168961,OWID,Mauritius
MUS,2013,1.3102214,OWID,Mauritius
MUS,2014,1.300416,OWID,Mauritius
MUS,2015,1.2953826,OWID,Mauritius
MUS,2016,1.3008801,OWID,Mauritius
MUS,2017,1.323597,OWID,Mauritius
MUS,2018,1.3590266,OWID,Mauritius
MUS,2019,1.3926111,OWID,Mauritius
MUS,2020,1.406995,OWID,Mauritius
MUS,2021,1.3999063,OWID,Mauritius
MUS,2022,1.3791751,OWID,Mauritius
MUS,2023,1.3521817,OWID,Mauritius
MEX,1953,13.123286,OWID,Mexico
MEX,1954,12.71233,OWID,Mexico
MEX,1955,12.294283,OWID,Mexico
MEX,1956,11.897065,OWID,Mexico
MEX,1957,11.531922,OWID,Mexico
MEX,1958,11.172811,OWID,Mexico
MEX,1959,10.842332,OWID,Mexico
MEX,1960,10.530225,OWID,Mexico
MEX,1961,10.239274,OWID,Mexico
MEX,1962,9.967664,OWID,Mexico
MEX,1963,9.711452,OWID,Mexico
MEX,1964,9.474563,OWID,Mexico
MEX,1965,9.243792,OWID,Mexico
MEX,1966,9.019293,OWID,Mexico
MEX,1967,8.805615,OWID,Mexico
MEX,1968,8.5845585,OWID,Mexico
MEX,1969,8.361508,OWID,Mexico
MEX,1970,8.136208,OWID,Mexico
MEX,1971,7.9057226,OWID,Mexico
MEX,1972,7.6799154,OWID,Mexico
MEX,1973,7.450616,OWID,Mexico
MEX,1974,7.2225633,OWID,Mexico
MEX,1975,6.9950128,OWID,Mexico
MEX,1976,6.767267,OWID,Mexico
MEX,1977,6.5333996,OWID,Mexico
MEX,1978,6.297215,OWID,Mexico
MEX,1979,6.056742,OWID,Mexico
MEX,1980,5.8167477,OWID,Mexico
MEX,1981,5.583302,OWID,Mexico
MEX,1982,5.35007,OWID,Mexico
MEX,1983,5.1264057,OWID,Mexico
MEX,1984,4.9147162,OWID,Mexico
MEX,1985,4.7113686,OWID,Mexico
MEX,1986,4.5137553,OWID,Mexico
MEX,1987,4.3235307,OWID,Mexico
MEX,1988,4.1386337,OWID,Mexico
MEX,1989,3.95899,OWID,Mexico
MEX,1990,3.7817743,OWID,Mexico
MEX,1991,3.6125052,OWID,Mexico
MEX,1992,3.4488063,OWID,Mexico
MEX,1993,3.2921915,OWID,Mexico
MEX,1994,3.1429412,OWID,Mexico
MEX,1995,2.999748,OWID,Mexico
MEX,1996,2.8634543,OWID,Mexico
MEX,1997,2.7316072,OWID,Mexico
MEX,1998,2.6057725,OWID,Mexico
MEX,1999,2.4858012,OWID,Mexico
MEX,2000,2.3736427,OWID,Mexico
MEX,2001,2.2685733,OWID,Mexico
MEX,2002,2.1710627,OWID,Mexico
MEX,2003,2.081047,OWID,Mexico
MEX,2004,1.9988831,OWID,Mexico
MEX,2005,1.9227278,OWID,Mexico
MEX,2006,1.8539804,OWID,Mexico
MEX,2007,1.7920402,OWID,Mexico
MEX,2008,1.7327452,OWID,Mexico
MEX,2009,1.6772965,OWID,Mexico
MEX,2010,1.6246246,OWID,Mexico
MEX,2011,1.5740976,OWID,Mexico
MEX,2012,1.5248681,OWID,Mexico
MEX,2013,1.4777672,OWID,Mexico
MEX,2014,1.4318221,OWID,Mexico
MEX,2015,1.3880638,OWID,Mexico
MEX,2016,1.3450762,OWID,Mexico
MEX,2017,1.3035007,OWID,Mexico
MEX,2018,1.2628485,OWID,Mexico
MEX,2019,1.2224411,OWID,Mexico
MEX,2020,1.1839087,OWID,Mexico
MEX,2021,1.1476148,OWID,Mexico
MEX,2022,1.1103872,OWID,Mexico
MEX,2023,1.0759847,OWID,Mexico
FSM,1958,10.421706,OWID,Micronesia (country)
FSM,1959,10.027286,OWID,Micronesia (country)
FSM,1960,9.648905,OWID,Micronesia (country)
FSM,1961,9.275596,OWID,Micronesia (country)
FSM,1962,8.951107,OWID,Micronesia (country)
FSM,1963,8.625068,OWID,Micronesia (country)
FSM,1964,8.314098,OWID,Micronesia (country)
FSM,1965,8.014133,OWID,Micronesia (country)
FSM,1966,7.719215,OWID,Micronesia (country)
FSM,1967,7.42916,OWID,Micronesia (country)
FSM,1968,7.157437,OWID,Micronesia (country)
FSM,1969,6.8943114,OWID,Micronesia (country)
FSM,1970,6.6415486,OWID,Micronesia (country)
FSM,1971,6.4117713,OWID,Micronesia (country)
FSM,1972,6.1964474,OWID,Micronesia (country)
FSM,1973,5.9982133,OWID,Micronesia (country)
FSM,1974,5.8065495,OWID,Micronesia (country)
FSM,1975,5.643733,OWID,Micronesia (country)
FSM,1976,5.4934216,OWID,Micronesia (country)
FSM,1977,5.3555384,OWID,Micronesia (country)
FSM,1978,5.2338715,OWID,Micronesia (country)
FSM,1979,5.125044,OWID,Micronesia (country)
FSM,1980,5.0374975,OWID,Micronesia (country)
FSM,1981,4.9760895,OWID,Micronesia (country)
FSM,1982,4.917885,OWID,Micronesia (country)
FSM,1983,4.870056,OWID,Micronesia (country)
FSM,1984,4.8176885,OWID,Micronesia (country)
FSM,1985,4.743822,OWID,Micronesia (country)
FSM,1986,4.639841,OWID,Micronesia (country)
FSM,1987,4.525764,OWID,Micronesia (country)
FSM,1988,4.404452,OWID,Micronesia (country)
FSM,1989,4.284075,OWID,Micronesia (country)
FSM,1990,4.177093,OWID,Micronesia (country)
FSM,1991,4.082166,OWID,Micronesia (country)
FSM,1992,4.003296,OWID,Micronesia (country)
FSM,1993,3.9324768,OWID,Micronesia (country)
FSM,1994,3.8640163,OWID,Micronesia (country)
FSM,1995,3.795749,OWID,Micronesia (country)
FSM,1996,3.7161753,OWID,Micronesia (country)
FSM,1997,3.6243558,OWID,Micronesia (country)
FSM,1998,3.530788,OWID,Micronesia (country)
FSM,1999,3.434703,OWID,Micronesia (country)
FSM,2000,3.3446596,OWID,Micronesia (country)
FSM,2001,3.2733788,OWID,Micronesia (country)
FSM,2002,3.389524,OWID,Micronesia (country)
FSM,2003,3.1806993,OWID,Micronesia (country)
FSM,2004,3.1578028,OWID,Micronesia (country)
FSM,2005,3.1461284,OWID,Micronesia (country)
FSM,2006,3.1552062,OWID,Micronesia (country)
FSM,2007,3.147655,OWID,Micronesia (country)
FSM,2008,3.1223989,OWID,Micronesia (country)
FSM,2009,3.0810301,OWID,Micronesia (country)
FSM,2010,3.026621,OWID,Micronesia (country)
FSM,2011,2.9660745,OWID,Micronesia (country)
FSM,2012,2.88863,OWID,Micronesia (country)
FSM,2013,2.8117323,OWID,Micronesia (country)
FSM,2014,2.734499,OWID,Micronesia (country)
FSM,2015,2.652723,OWID,Micronesia (country)
FSM,2016,2.5741751,OWID,Micronesia (country)
FSM,2017,2.49892,OWID,Micronesia (country)
FSM,2018,2.4279435,OWID,Micronesia (country)
FSM,2019,2.3603382,OWID,Micronesia (country)
FSM,2020,2.2854433,OWID,Micronesia (country)
FSM,2021,2.2172744,OWID,Micronesia (country)
FSM,2022,2.147632,OWID,Micronesia (country)
FSM,2023,2.0772874,OWID,Micronesia (country)
MDA,1971,5.1168976,OWID,Moldova
MDA,1972,4.994274,OWID,Moldova
MDA,1973,4.885322,OWID,Moldova
MDA,1974,4.76763,OWID,Moldova
MDA,1975,4.6461296,OWID,Moldova
MDA,1976,4.5385914,OWID,Moldova
MDA,1977,4.437129,OWID,Moldova
MDA,1978,4.3308716,OWID,Moldova
MDA,1979,4.235416,OWID,Moldova
MDA,1980,4.1287704,OWID,Moldova
MDA,1981,4.0163975,OWID,Moldova
MDA,1982,3.8924024,OWID,Moldova
MDA,1983,3.7360985,OWID,Moldova
MDA,1984,3.5763922,OWID,Moldova
MDA,1985,3.414801,OWID,Moldova
MDA,1986,3.259826,OWID,Moldova
MDA,1987,3.1183405,OWID,Moldova
MDA,1988,3.004032,OWID,Moldova
MDA,1989,2.926564,OWID,Moldova
MDA,1990,2.907118,OWID,Moldova
MDA,1991,2.9493725,OWID,Moldova
MDA,1992,3.0413115,OWID,Moldova
MDA,1993,3.1707475,OWID,Moldova
MDA,1994,3.295719,OWID,Moldova
MDA,1995,3.380781,OWID,Moldova
MDA,1996,3.4010437,OWID,Moldova
MDA,1997,3.3450348,OWID,Moldova
MDA,1998,3.2120452,OWID,Moldova
MDA,1999,3.0211368,OWID,Moldova
MDA,2000,2.7860463,OWID,Moldova
MDA,2001,2.5379717,OWID,Moldova
MDA,2002,2.3042717,OWID,Moldova
MDA,2003,2.0965693,OWID,Moldova
MDA,2004,1.9319174,OWID,Moldova
MDA,2005,1.8048798,OWID,Moldova
MDA,2006,1.7158211,OWID,Moldova
MDA,2007,1.6480995,OWID,Moldova
MDA,2008,1.6000593,OWID,Moldova
MDA,2009,1.5635931,OWID,Moldova
MDA,2010,1.5339866,OWID,Moldova
MDA,2011,1.5091292,OWID,Moldova
MDA,2012,1.4838971,OWID,Moldova
MDA,2013,1.4581393,OWID,Moldova
MDA,2014,1.438291,OWID,Moldova
MDA,2015,1.4157894,OWID,Moldova
MDA,2016,1.3996768,OWID,Moldova
MDA,2017,1.387293,OWID,Moldova
MDA,2018,1.3781072,OWID,Moldova
MDA,2019,1.3725357,OWID,Moldova
MDA,2020,1.3680918,OWID,Moldova
MDA,2021,1.3621936,OWID,Moldova
MDA,2022,1.3565407,OWID,Moldova
MDA,2023,1.3492512,OWID,Moldova
MCO,1985,0.79509753,OWID,Monaco
MCO,1986,0.75918466,OWID,Monaco
MCO,1987,0.7256065,OWID,Monaco
MCO,1988,0.6937315,OWID,Monaco
MCO,1989,0.6629513,OWID,Monaco
MCO,1990,0.6329778,OWID,Monaco
MCO,1991,0.6052561,OWID,Monaco
MCO,1992,0.5791689,OWID,Monaco
MCO,1993,0.55407244,OWID,Monaco
MCO,1994,0.53111786,OWID,Monaco
MCO,1995,0.5088151,OWID,Monaco
MCO,1996,0.48852125,OWID,Monaco
MCO,1997,0.4694935,OWID,Monaco
MCO,1998,0.45159885,OWID,Monaco
MCO,1999,0.43535665,OWID,Monaco
MCO,2000,0.42078525,OWID,Monaco
MCO,2001,0.40713853,OWID,Monaco
MCO,2002,0.39514047,OWID,Monaco
MCO,2003,0.38449368,OWID,Monaco
MCO,2004,0.37454063,OWID,Monaco
MCO,2005,0.3653337,OWID,Monaco
MCO,2006,0.35656586,OWID,Monaco
MCO,2007,0.34841406,OWID,Monaco
MCO,2008,0.34026396,OWID,Monaco
MCO,2009,0.33268663,OWID,Monaco
MCO,2010,0.3254301,OWID,Monaco
MCO,2011,0.3182408,OWID,Monaco
MCO,2012,0.31081304,OWID,Monaco
MCO,2013,0.30346859,OWID,Monaco
MCO,2014,0.29626957,OWID,Monaco
MCO,2015,0.28850317,OWID,Monaco
MCO,2016,0.28074113,OWID,Monaco
MCO,2017,0.27280414,OWID,Monaco
MCO,2018,0.26486903,OWID,Monaco
MCO,2019,0.25715694,OWID,Monaco
MCO,2020,0.24914499,OWID,Monaco
MCO,2021,0.24188733,OWID,Monaco
MCO,2022,0.23448601,OWID,Monaco
MCO,2023,0.22716397,OWID,Monaco
MNG,1980,9.543555,OWID,Mongolia
MNG,1981,9.377997,OWID,Mongolia
MNG,1982,9.196075,OWID,Mongolia
MNG,1983,9.014609,OWID,Mongolia
MNG,1984,8.821118,OWID,Mongolia
MNG,1985,8.6088295,OWID,Mongolia
MNG,1986,8.370324,OWID,Mongolia
MNG,1987,8.117084,OWID,Mongolia
MNG,1988,7.851876,OWID,Mongolia
MNG,1989,7.593771,OWID,Mongolia
MNG,1990,7.349432,OWID,Mongolia
MNG,1991,7.117966,OWID,Mongolia
MNG,1992,6.903877,OWID,Mongolia
MNG,1993,6.696079,OWID,Mongolia
MNG,1994,6.480417,OWID,Mongolia
MNG,1995,6.2526016,OWID,Mongolia
MNG,1996,6.002193,OWID,Mongolia
MNG,1997,5.718813,OWID,Mongolia
MNG,1998,5.4113317,OWID,Mongolia
MNG,1999,5.082374,OWID,Mongolia
MNG,2000,4.741475,OWID,Mongolia
MNG,2001,4.3991923,OWID,Mongolia
MNG,2002,4.0638695,OWID,Mongolia
MNG,2003,3.7407007,OWID,Mongolia
MNG,2004,3.4358053,OWID,Mongolia
MNG,2005,3.153425,OWID,Mongolia
MNG,2006,2.8930287,OWID,Mongolia
MNG,2007,2.6566052,OWID,Mongolia
MNG,2008,2.4420068,OWID,Mongolia
MNG,2009,2.2513943,OWID,Mongolia
MNG,2010,2.0827732,OWID,Mongolia
MNG,2011,1.939412,OWID,Mongolia
MNG,2012,1.822901,OWID,Mongolia
MNG,2013,1.7299745,OWID,Mongolia
MNG,2014,1.6494666,OWID,Mongolia
MNG,2015,1.5734216,OWID,Mongolia
MNG,2016,1.4975717,OWID,Mongolia
MNG,2017,1.421062,OWID,Mongolia
MNG,2018,1.3460596,OWID,Mongolia
MNG,2019,1.279045,OWID,Mongolia
MNG,2020,1.2243664,OWID,Mongolia
MNG,2021,1.1833951,OWID,Mongolia
MNG,2022,1.1550988,OWID,Mongolia
MNG,2023,1.1371926,OWID,Mongolia
MNE,1984,2.4536748,OWID,Montenegro
MNE,1985,2.229286,OWID,Montenegro
MNE,1986,2.0258598,OWID,Montenegro
MNE,1987,1.8482932,OWID,Montenegro
MNE,1988,1.6967087,OWID,Montenegro
MNE,1989,1.5739417,OWID,Montenegro
MNE,1990,1.48157,OWID,Montenegro
MNE,1991,1.41969,OWID,Montenegro
MNE,1992,1.3806658,OWID,Montenegro
MNE,1993,1.3609208,OWID,Montenegro
MNE,1994,1.3533186,OWID,Montenegro
MNE,1995,1.3517045,OWID,Montenegro
MNE,1996,1.3510389,OWID,Montenegro
MNE,1997,1.3458594,OWID,Montenegro
MNE,1998,1.3316487,OWID,Montenegro
MNE,1999,1.3062369,OWID,Montenegro
MNE,2000,1.2668635,OWID,Montenegro
MNE,2001,1.2152108,OWID,Montenegro
MNE,2002,1.152988,OWID,Montenegro
MNE,2003,1.0832708,OWID,Montenegro
MNE,2004,1.0077804,OWID,Montenegro
MNE,2005,0.93020433,OWID,Montenegro
MNE,2006,0.8525096,OWID,Montenegro
MNE,2007,0.7758016,OWID,Montenegro
MNE,2008,0.7017768,OWID,Montenegro
MNE,2009,0.6327237,OWID,Montenegro
MNE,2010,0.5698794,OWID,Montenegro
MNE,2011,0.5132641,OWID,Montenegro
MNE,2012,0.46344188,OWID,Montenegro
MNE,2013,0.41956785,OWID,Montenegro
MNE,2014,0.38169697,OWID,Montenegro
MNE,2015,0.3494026,OWID,Montenegro
MNE,2016,0.32190308,OWID,Montenegro
MNE,2017,0.29864195,OWID,Montenegro
MNE,2018,0.27908686,OWID,Montenegro
MNE,2019,0.26186472,OWID,Montenegro
MNE,2020,0.24662189,OWID,Montenegro
MNE,2021,0.23297106,OWID,Montenegro
MNE,2022,0.22079957,OWID,Montenegro
MNE,2023,0.21079862,OWID,Montenegro
MSR,1958,10.848157,OWID,Montserrat
MSR,1959,9.990793,OWID,Montserrat
MSR,1960,9.2085495,OWID,Montserrat
MSR,1961,8.484874,OWID,Montserrat
MSR,1962,7.834587,OWID,Montserrat
MSR,1963,7.2608905,OWID,Montserrat
MSR,1964,6.747513,OWID,Montserrat
MSR,1965,6.3010416,OWID,Montserrat
MSR,1966,5.9060063,OWID,Montserrat
MSR,1967,5.56013,OWID,Montserrat
MSR,1968,5.244877,OWID,Montserrat
MSR,1969,4.9621754,OWID,Montserrat
MSR,1970,4.7073827,OWID,Montserrat
MSR,1971,4.474262,OWID,Montserrat
MSR,1972,4.256557,OWID,Montserrat
MSR,1973,4.0600405,OWID,Montserrat
MSR,1974,3.869099,OWID,Montserrat
MSR,1975,3.6876612,OWID,Montserrat
MSR,1976,3.5218856,OWID,Montserrat
MSR,1977,3.35875,OWID,Montserrat
MSR,1978,3.1977043,OWID,Montserrat
MSR,1979,3.0434847,OWID,Montserrat
MSR,1980,2.8963184,OWID,Montserrat
MSR,1981,2.7568684,OWID,Montserrat
MSR,1982,2.623825,OWID,Montserrat
MSR,1983,2.5007992,OWID,Montserrat
MSR,1984,2.386952,OWID,Montserrat
MSR,1985,2.2770457,OWID,Montserrat
MSR,1986,2.1823764,OWID,Montserrat
MSR,1987,2.0892286,OWID,Montserrat
MSR,1988,2.0035756,OWID,Montserrat
MSR,1989,1.924057,OWID,Montserrat
MSR,1990,1.8508333,OWID,Montserrat
MSR,1991,1.7801433,OWID,Montserrat
MSR,1992,1.7171574,OWID,Montserrat
MSR,1993,1.6580712,OWID,Montserrat
MSR,1994,1.6021119,OWID,Montserrat
MSR,1995,1.5446534,OWID,Montserrat
MSR,1996,1.4964157,OWID,Montserrat
MSR,1997,1.446722,OWID,Montserrat
MSR,1998,1.397725,OWID,Montserrat
MSR,1999,1.3502016,OWID,Montserrat
MSR,2000,1.3054445,OWID,Montserrat
MSR,2001,1.2614737,OWID,Montserrat
MSR,2002,1.2204423,OWID,Montserrat
MSR,2003,1.1805596,OWID,Montserrat
MSR,2004,1.1430898,OWID,Montserrat
MSR,2005,1.1056244,OWID,Montserrat
MSR,2006,1.0698718,OWID,Montserrat
MSR,2007,1.0373602,OWID,Montserrat
MSR,2008,1.0032037,OWID,Montserrat
MSR,2009,0.9718669,OWID,Montserrat
MSR,2010,0.9415301,OWID,Montserrat
MSR,2011,0.91168624,OWID,Montserrat
MSR,2012,0.88284564,OWID,Montserrat
MSR,2013,0.8531188,OWID,Montserrat
MSR,2014,0.82558155,OWID,Montserrat
MSR,2015,0.7976145,OWID,Montserrat
MSR,2016,0.77133054,OWID,Montserrat
MSR,2017,0.7484851,OWID,Montserrat
MSR,2018,0.7239229,OWID,Montserrat
MSR,2019,0.6979105,OWID,Montserrat
MSR,2020,0.678725,OWID,Montserrat
MSR,2021,0.6576157,OWID,Montserrat
MSR,2022,0.63672787,OWID,Montserrat
MSR,2023,0.6173318,OWID,Montserrat
MAR,1957,15.474164,OWID,Morocco
MAR,1958,15.284851,OWID,Morocco
MAR,1959,15.104374,OWID,Morocco
MAR,1960,14.924012,OWID,Morocco
MAR,1961,14.730609,OWID,Morocco
MAR,1962,14.538998,OWID,Morocco
MAR,1963,14.338664,OWID,Morocco
MAR,1964,14.106739,OWID,Morocco
MAR,1965,13.860681,OWID,Morocco
MAR,1966,13.611482,OWID,Morocco
MAR,1967,13.3526945,OWID,Morocco
MAR,1968,13.114098,OWID,Morocco
MAR,1969,12.896959,OWID,Morocco
MAR,1970,12.711022,OWID,Morocco
MAR,1971,12.547086,OWID,Morocco
MAR,1972,12.392726,OWID,Morocco
MAR,1973,12.228077,OWID,Morocco
MAR,1974,12.036335,OWID,Morocco
MAR,1975,11.782321,OWID,Morocco
MAR,1976,11.471979,OWID,Morocco
MAR,1977,11.112437,OWID,Morocco
MAR,1978,10.719852,OWID,Morocco
MAR,1979,10.309673,OWID,Morocco
MAR,1980,9.894855,OWID,Morocco
MAR,1981,9.484635,OWID,Morocco
MAR,1982,9.08111,OWID,Morocco
MAR,1983,8.690461,OWID,Morocco
MAR,1984,8.316673,OWID,Morocco
MAR,1985,7.9590116,OWID,Morocco
MAR,1986,7.6188,OWID,Morocco
MAR,1987,7.307657,OWID,Morocco
MAR,1988,7.0192385,OWID,Morocco
MAR,1989,6.756021,OWID,Morocco
MAR,1990,6.5130296,OWID,Morocco
MAR,1991,6.2827177,OWID,Morocco
MAR,1992,6.063125,OWID,Morocco
MAR,1993,5.850258,OWID,Morocco
MAR,1994,5.6429877,OWID,Morocco
MAR,1995,5.43825,OWID,Morocco
MAR,1996,5.2388716,OWID,Morocco
MAR,1997,5.0480285,OWID,Morocco
MAR,1998,4.865263,OWID,Morocco
MAR,1999,4.688698,OWID,Morocco
MAR,2000,4.518984,OWID,Morocco
MAR,2001,4.354432,OWID,Morocco
MAR,2002,4.18717,OWID,Morocco
MAR,2003,4.0193634,OWID,Morocco
MAR,2004,3.8462133,OWID,Morocco
MAR,2005,3.666932,OWID,Morocco
MAR,2006,3.488586,OWID,Morocco
MAR,2007,3.3089895,OWID,Morocco
MAR,2008,3.1383357,OWID,Morocco
MAR,2009,2.9740438,OWID,Morocco
MAR,2010,2.8157573,OWID,Morocco
MAR,2011,2.667459,OWID,Morocco
MAR,2012,2.5307627,OWID,Morocco
MAR,2013,2.3969593,OWID,Morocco
MAR,2014,2.2731807,OWID,Morocco
MAR,2015,2.156381,OWID,Morocco
MAR,2016,2.0495064,OWID,Morocco
MAR,2017,1.9573966,OWID,Morocco
MAR,2018,1.8743657,OWID,Morocco
MAR,2019,1.8005359,OWID,Morocco
MAR,2020,1.7303002,OWID,Morocco
MAR,2021,1.6646129,OWID,Morocco
MAR,2022,1.6037663,OWID,Morocco
MAR,2023,1.5491406,OWID,Morocco
MOZ,1963,14.182976,OWID,Mozambique
MOZ,1964,14.314966,OWID,Mozambique
MOZ,1965,14.4449215,OWID,Mozambique
MOZ,1966,14.553139,OWID,Mozambique
MOZ,1967,14.660319,OWID,Mozambique
MOZ,1968,14.751788,OWID,Mozambique
MOZ,1969,14.841153,OWID,Mozambique
MOZ,1970,14.89415,OWID,Mozambique
MOZ,1971,14.9160185,OWID,Mozambique
MOZ,1972,14.931187,OWID,Mozambique
MOZ,1973,14.9285345,OWID,Mozambique
MOZ,1974,14.928628,OWID,Mozambique
MOZ,1975,14.919904,OWID,Mozambique
MOZ,1976,14.934948,OWID,Mozambique
MOZ,1977,14.948698,OWID,Mozambique
MOZ,1978,14.9737215,OWID,Mozambique
MOZ,1979,15.02123,OWID,Mozambique
MOZ,1980,15.08241,OWID,Mozambique
MOZ,1981,15.149929,OWID,Mozambique
MOZ,1982,15.198427,OWID,Mozambique
MOZ,1983,15.205581,OWID,Mozambique
MOZ,1984,15.180138,OWID,Mozambique
MOZ,1985,15.120856,OWID,Mozambique
MOZ,1986,15.028363,OWID,Mozambique
MOZ,1987,14.941443,OWID,Mozambique
MOZ,1988,14.864831,OWID,Mozambique
MOZ,1989,14.783781,OWID,Mozambique
MOZ,1990,14.67306,OWID,Mozambique
MOZ,1991,14.559303,OWID,Mozambique
MOZ,1992,14.403312,OWID,Mozambique
MOZ,1993,14.20013,OWID,Mozambique
MOZ,1994,13.906313,OWID,Mozambique
MOZ,1995,13.528143,OWID,Mozambique
MOZ,1996,13.052358,OWID,Mozambique
MOZ,1997,12.500892,OWID,Mozambique
MOZ,1998,11.881316,OWID,Mozambique
MOZ,1999,11.241599,OWID,Mozambique
MOZ,2000,10.607334,OWID,Mozambique
MOZ,2001,10.008213,OWID,Mozambique
MOZ,2002,9.4519005,OWID,Mozambique
MOZ,2003,8.945784,OWID,Mozambique
MOZ,2004,8.463516,OWID,Mozambique
MOZ,2005,8.018346,OWID,Mozambique
MOZ,2006,7.5718756,OWID,Mozambique
MOZ,2007,6.974084,OWID,Mozambique
MOZ,2008,6.7027693,OWID,Mozambique
MOZ,2009,6.3658967,OWID,Mozambique
MOZ,2010,6.348327,OWID,Mozambique
MOZ,2011,5.970745,OWID,Mozambique
MOZ,2012,5.746498,OWID,Mozambique
MOZ,2013,5.608447,OWID,Mozambique
MOZ,2014,5.4762297,OWID,Mozambique
MOZ,2015,5.3804903,OWID,Mozambique
MOZ,2016,5.2917743,OWID,Mozambique
MOZ,2017,5.14742,OWID,Mozambique
MOZ,2018,5.060994,OWID,Mozambique
MOZ,2019,4.9699025,OWID,Mozambique
MOZ,2020,4.9125743,OWID,Mozambique
MOZ,2021,4.7737904,OWID,Mozambique
MOZ,2022,4.650897,OWID,Mozambique
MOZ,2023,4.541541,OWID,Mozambique
MMR,1968,12.641408,OWID,Myanmar
MMR,1969,12.468506,OWID,Myanmar
MMR,1970,12.298294,OWID,Myanmar
MMR,1971,12.137702,OWID,Myanmar
MMR,1972,11.959476,OWID,Myanmar
MMR,1973,11.783227,OWID,Myanmar
MMR,1974,11.588002,OWID,Myanmar
MMR,1975,11.377793,OWID,Myanmar
MMR,1976,11.172294,OWID,Myanmar
MMR,1977,10.974959,OWID,Myanmar
MMR,1978,10.771188,OWID,Myanmar
MMR,1979,10.586206,OWID,Myanmar
MMR,1980,10.41689,OWID,Myanmar
MMR,1981,10.254243,OWID,Myanmar
MMR,1982,10.105747,OWID,Myanmar
MMR,1983,9.9649315,OWID,Myanmar
MMR,1984,9.832636,OWID,Myanmar
MMR,1985,9.707529,OWID,Myanmar
MMR,1986,9.583189,OWID,Myanmar
MMR,1987,9.457063,OWID,Myanmar
MMR,1988,9.335133,OWID,Myanmar
MMR,1989,9.201926,OWID,Myanmar
MMR,1990,9.055417,OWID,Myanmar
MMR,1991,8.899118,OWID,Myanmar
MMR,1992,8.736004,OWID,Myanmar
MMR,1993,8.56712,OWID,Myanmar
MMR,1994,8.402026,OWID,Myanmar
MMR,1995,8.226279,OWID,Myanmar
MMR,1996,8.055295,OWID,Myanmar
MMR,1997,7.8848147,OWID,Myanmar
MMR,1998,7.7153654,OWID,Myanmar
MMR,1999,7.550572,OWID,Myanmar
MMR,2000,7.3868885,OWID,Myanmar
MMR,2001,7.2252097,OWID,Myanmar
MMR,2002,7.0537553,OWID,Myanmar
MMR,2003,6.8763113,OWID,Myanmar
MMR,2004,6.694038,OWID,Myanmar
MMR,2005,6.4953923,OWID,Myanmar
MMR,2006,6.2938237,OWID,Myanmar
MMR,2007,6.080808,OWID,Myanmar
MMR,2008,7.0811114,OWID,Myanmar
MMR,2009,5.6400166,OWID,Myanmar
MMR,2010,5.4212437,OWID,Myanmar
MMR,2011,5.2053328,OWID,Myanmar
MMR,2012,5.0020175,OWID,Myanmar
MMR,2013,4.8088965,OWID,Myanmar
MMR,2014,4.6339803,OWID,Myanmar
MMR,2015,4.4634876,OWID,Myanmar
MMR,2016,4.3090672,OWID,Myanmar
MMR,2017,4.164366,OWID,Myanmar
MMR,2018,4.0198975,OWID,Myanmar
MMR,2019,3.8899705,OWID,Myanmar
MMR,2020,3.7601943,OWID,Myanmar
MMR,2021,3.6351602,OWID,Myanmar
MMR,2022,3.520039,OWID,Myanmar
MMR,2023,3.4105906,OWID,Myanmar
NAM,1967,5.7447357,OWID,Namibia
NAM,1968,5.7966766,OWID,Namibia
NAM,1969,5.864733,OWID,Namibia
NAM,1970,5.928238,OWID,Namibia
NAM,1971,6.003638,OWID,Namibia
NAM,1972,6.0732565,OWID,Namibia
NAM,1973,6.165794,OWID,Namibia
NAM,1974,6.275374,OWID,Namibia
NAM,1975,6.4038725,OWID,Namibia
NAM,1976,6.5604033,OWID,Namibia
NAM,1977,6.7176166,OWID,Namibia
NAM,1978,6.866791,OWID,Namibia
NAM,1979,6.9870887,OWID,Namibia
NAM,1980,7.052341,OWID,Namibia
NAM,1981,7.0486307,OWID,Namibia
NAM,1982,6.9628587,OWID,Namibia
NAM,1983,6.815047,OWID,Namibia
NAM,1984,6.622059,OWID,Namibia
NAM,1985,6.4097705,OWID,Namibia
NAM,1986,6.207606,OWID,Namibia
NAM,1987,6.025495,OWID,Namibia
NAM,1988,5.86932,OWID,Namibia
NAM,1989,5.728609,OWID,Namibia
NAM,1990,5.606782,OWID,Namibia
NAM,1991,5.4721837,OWID,Namibia
NAM,1992,5.3495455,OWID,Namibia
NAM,1993,5.237052,OWID,Namibia
NAM,1994,5.1465483,OWID,Namibia
NAM,1995,5.0793824,OWID,Namibia
NAM,1996,5.014358,OWID,Namibia
NAM,1997,4.962575,OWID,Namibia
NAM,1998,4.8692474,OWID,Namibia
NAM,1999,4.7456126,OWID,Namibia
NAM,2000,4.58907,OWID,Namibia
NAM,2001,4.4499755,OWID,Namibia
NAM,2002,4.3525476,OWID,Namibia
NAM,2003,4.2649336,OWID,Namibia
NAM,2004,4.1493115,OWID,Namibia
NAM,2005,3.8429132,OWID,Namibia
NAM,2006,3.6826384,OWID,Namibia
NAM,2007,3.8385234,OWID,Namibia
NAM,2008,4.067698,OWID,Namibia
NAM,2009,4.308953,OWID,Namibia
NAM,2010,4.270719,OWID,Namibia
NAM,2011,4.4390087,OWID,Namibia
NAM,2012,4.802234,OWID,Namibia
NAM,2013,4.7551036,OWID,Namibia
NAM,2014,4.6881456,OWID,Namibia
NAM,2015,4.75095,OWID,Namibia
NAM,2016,4.758985,OWID,Namibia
NAM,2017,4.6314015,OWID,Namibia
NAM,2018,4.5714803,OWID,Namibia
NAM,2019,4.461323,OWID,Namibia
NAM,2020,4.314073,OWID,Namibia
NAM,2021,4.159641,OWID,Namibia
NAM,2022,3.974811,OWID,Namibia
NAM,2023,3.841225,OWID,Namibia
NRU,1985,7.3852534,OWID,Nauru
NRU,1986,7.0629187,OWID,Nauru
NRU,1987,6.7572136,OWID,Nauru
NRU,1988,6.454506,OWID,Nauru
NRU,1989,6.1844006,OWID,Nauru
NRU,1990,5.9154234,OWID,Nauru
NRU,1991,5.6541095,OWID,Nauru
NRU,1992,5.397615,OWID,Nauru
NRU,1993,5.1402726,OWID,Nauru
NRU,1994,4.9047084,OWID,Nauru
NRU,1995,4.680647,OWID,Nauru
NRU,1996,4.466717,OWID,Nauru
NRU,1997,4.271442,OWID,Nauru
NRU,1998,4.0851445,OWID,Nauru
NRU,1999,3.912727,OWID,Nauru
NRU,2000,3.7525296,OWID,Nauru
NRU,2001,3.607597,OWID,Nauru
NRU,2002,3.4704597,OWID,Nauru
NRU,2003,3.3444965,OWID,Nauru
NRU,2004,3.230177,OWID,Nauru
NRU,2005,3.1229477,OWID,Nauru
NRU,2006,3.0112717,OWID,Nauru
NRU,2007,2.8889563,OWID,Nauru
NRU,2008,2.7534454,OWID,Nauru
NRU,2009,2.6013951,OWID,Nauru
NRU,2010,2.4390712,OWID,Nauru
NRU,2011,2.2731845,OWID,Nauru
NRU,2012,2.1019883,OWID,Nauru
NRU,2013,1.9349362,OWID,Nauru
NRU,2014,1.7725956,OWID,Nauru
NRU,2015,1.6200514,OWID,Nauru
NRU,2016,1.4794165,OWID,Nauru
NRU,2017,1.3505405,OWID,Nauru
NRU,2018,1.2320654,OWID,Nauru
NRU,2019,1.1229341,OWID,Nauru
NRU,2020,1.0286808,OWID,Nauru
NRU,2021,0.94832116,OWID,Nauru
NRU,2022,0.88296556,OWID,Nauru
NRU,2023,0.8291681,OWID,Nauru
NPL,1952,22.472023,OWID,Nepal
NPL,1953,22.422123,OWID,Nepal
NPL,1954,22.386982,OWID,Nepal
NPL,1955,22.33585,OWID,Nepal
NPL,1956,22.280294,OWID,Nepal
NPL,1957,22.206432,OWID,Nepal
NPL,1958,22.095314,OWID,Nepal
NPL,1959,21.916119,OWID,Nepal
NPL,1960,21.734755,OWID,Nepal
NPL,1961,21.494493,OWID,Nepal
NPL,1962,21.194635,OWID,Nepal
NPL,1963,20.862299,OWID,Nepal
NPL,1964,20.480822,OWID,Nepal
NPL,1965,20.065718,OWID,Nepal
NPL,1966,19.641706,OWID,Nepal
NPL,1967,19.208996,OWID,Nepal
NPL,1968,18.796602,OWID,Nepal
NPL,1969,18.386597,OWID,Nepal
NPL,1970,17.99456,OWID,Nepal
NPL,1971,17.63827,OWID,Nepal
NPL,1972,17.286726,OWID,Nepal
NPL,1973,16.943129,OWID,Nepal
NPL,1974,16.608036,OWID,Nepal
NPL,1975,16.266823,OWID,Nepal
NPL,1976,15.913259,OWID,Nepal
NPL,1977,15.552149,OWID,Nepal
NPL,1978,15.176776,OWID,Nepal
NPL,1979,14.799433,OWID,Nepal
NPL,1980,14.400133,OWID,Nepal
NPL,1981,14.00463,OWID,Nepal
NPL,1982,13.6069975,OWID,Nepal
NPL,1983,13.200336,OWID,Nepal
NPL,1984,12.793446,OWID,Nepal
NPL,1985,12.379601,OWID,Nepal
NPL,1986,11.948197,OWID,Nepal
NPL,1987,11.4942,OWID,Nepal
NPL,1988,11.039986,OWID,Nepal
NPL,1989,10.579052,OWID,Nepal
NPL,1990,10.117488,OWID,Nepal
NPL,1991,9.658792,OWID,Nepal
NPL,1992,9.209308,OWID,Nepal
NPL,1993,8.77792,OWID,Nepal
NPL,1994,8.362029,OWID,Nepal
NPL,1995,7.966356,OWID,Nepal
NPL,1996,7.587818,OWID,Nepal
NPL,1997,7.215523,OWID,Nepal
NPL,1998,6.859366,OWID,Nepal
NPL,1999,6.5115533,OWID,Nepal
NPL,2000,6.18442,OWID,Nepal
NPL,2001,5.878775,OWID,Nepal
NPL,2002,5.594353,OWID,Nepal
NPL,2003,5.331298,OWID,Nepal
NPL,2004,5.09499,OWID,Nepal
NPL,2005,4.8815713,OWID,Nepal
NPL,2006,4.6863165,OWID,Nepal
NPL,2007,4.5080366,OWID,Nepal
NPL,2008,4.339444,OWID,Nepal
NPL,2009,4.1787434,OWID,Nepal
NPL,2010,4.021267,OWID,Nepal
NPL,2011,3.8661797,OWID,Nepal
NPL,2012,3.71158,OWID,Nepal
NPL,2013,3.5590048,OWID,Nepal
NPL,2014,3.4105284,OWID,Nepal
NPL,2015,3.2645204,OWID,Nepal
NPL,2016,3.1224837,OWID,Nepal
NPL,2017,2.9857967,OWID,Nepal
NPL,2018,2.8547497,OWID,Nepal
NPL,2019,2.728627,OWID,Nepal
NPL,2020,2.6111383,OWID,Nepal
NPL,2021,2.508866,OWID,Nepal
NPL,2022,2.4155602,OWID,Nepal
NPL,2023,2.329647,OWID,Nepal
NLD,1949,2.6503873,OWID,Netherlands
NLD,1950,2.5286334,OWID,Netherlands
NLD,1951,2.4124298,OWID,Netherlands
NLD,1952,2.2992036,OWID,Netherlands
NLD,1953,2.1887643,OWID,Netherlands
NLD,1954,2.0841525,OWID,Netherlands
NLD,1955,1.9860353,OWID,Netherlands
NLD,1956,1.897487,OWID,Netherlands
NLD,1957,1.8198578,OWID,Netherlands
NLD,1958,1.7534527,OWID,Netherlands
NLD,1959,1.695707,OWID,Netherlands
NLD,1960,1.6447153,OWID,Netherlands
NLD,1961,1.5989203,OWID,Netherlands
NLD,1962,1.5576249,OWID,Netherlands
NLD,1963,1.5197157,OWID,Netherlands
NLD,1964,1.4841232,OWID,Netherlands
NLD,1965,1.4490558,OWID,Netherlands
NLD,1966,1.4139137,OWID,Netherlands
NLD,1967,1.377644,OWID,Netherlands
NLD,1968,1.3394734,OWID,Netherlands
NLD,1969,1.2989583,OWID,Netherlands
NLD,1970,1.2558075,OWID,Netherlands
NLD,1971,1.2117664,OWID,Netherlands
NLD,1972,1.1679913,OWID,Netherlands
NLD,1973,1.1254088,OWID,Netherlands
NLD,1974,1.0841236,OWID,Netherlands
NLD,1975,1.0435272,OWID,Netherlands
NLD,1976,1.0043098,OWID,Netherlands
NLD,1977,0.966935,OWID,Netherlands
NLD,1978,0.9322356,OWID,Netherlands
NLD,1979,0.9013766,OWID,Netherlands
NLD,1980,0.8754374,OWID,Netherlands
NLD,1981,0.8539528,OWID,Netherlands
NLD,1982,0.8357552,OWID,Netherlands
NLD,1983,0.81976944,OWID,Netherlands
NLD,1984,0.8038871,OWID,Netherlands
NLD,1985,0.7864562,OWID,Netherlands
NLD,1986,0.7671144,OWID,Netherlands
NLD,1987,0.7461202,OWID,Netherlands
NLD,1988,0.724267,OWID,Netherlands
NLD,1989,0.70134693,OWID,Netherlands
NLD,1990,0.67795336,OWID,Netherlands
NLD,1991,0.65408105,OWID,Netherlands
NLD,1992,0.6301628,OWID,Netherlands
NLD,1993,0.6067973,OWID,Netherlands
NLD,1994,0.58524895,OWID,Netherlands
NLD,1995,0.5665883,OWID,Netherlands
NLD,1996,0.5512746,OWID,Netherlands
NLD,1997,0.5390355,OWID,Netherlands
NLD,1998,0.5292803,OWID,Netherlands
NLD,1999,0.5205812,OWID,Netherlands
NLD,2000,0.51166445,OWID,Netherlands
NLD,2001,0.5016031,OWID,Netherlands
NLD,2002,0.48970476,OWID,Netherlands
NLD,2003,0.47584915,OWID,Netherlands
NLD,2004,0.46061015,OWID,Netherlands
NLD,2005,0.44460228,OWID,Netherlands
NLD,2006,0.4286145,OWID,Netherlands
NLD,2007,0.4133852,OWID,Netherlands
NLD,2008,0.3992988,OWID,Netherlands
NLD,2009,0.38685644,OWID,Netherlands
NLD,2010,0.3763361,OWID,Netherlands
NLD,2011,0.3678452,OWID,Netherlands
NLD,2012,0.36101937,OWID,Netherlands
NLD,2013,0.35587257,OWID,Netherlands
NLD,2014,0.35227886,OWID,Netherlands
NLD,2015,0.35004532,OWID,Netherlands
NLD,2016,0.34883356,OWID,Netherlands
NLD,2017,0.34846723,OWID,Netherlands
NLD,2018,0.34874532,OWID,Netherlands
NLD,2019,0.34903672,OWID,Netherlands
NLD,2020,0.34890294,OWID,Netherlands
NLD,2021,0.34835798,OWID,Netherlands
NLD,2022,0.3476092,OWID,Netherlands
NLD,2023,0.34663653,OWID,Netherlands
NZL,1949,2.8958607,OWID,New Zealand
NZL,1950,2.83845,OWID,New Zealand
NZL,1951,2.778966,OWID,New Zealand
NZL,1952,2.7158487,OWID,New Zealand
NZL,1953,2.6484256,OWID,New Zealand
NZL,1954,2.5817132,OWID,New Zealand
NZL,1955,2.5227227,OWID,New Zealand
NZL,1956,2.472689,OWID,New Zealand
NZL,1957,2.4271936,OWID,New Zealand
NZL,1958,2.3793979,OWID,New Zealand
NZL,1959,2.3241415,OWID,New Zealand
NZL,1960,2.256186,OWID,New Zealand
NZL,1961,2.1761227,OWID,New Zealand
NZL,1962,2.0919905,OWID,New Zealand
NZL,1963,2.011203,OWID,New Zealand
NZL,1964,1.9393494,OWID,New Zealand
NZL,1965,1.8796868,OWID,New Zealand
NZL,1966,1.832543,OWID,New Zealand
NZL,1967,1.7943571,OWID,New Zealand
NZL,1968,1.7598944,OWID,New Zealand
NZL,1969,1.7268554,OWID,New Zealand
NZL,1970,1.6931651,OWID,New Zealand
NZL,1971,1.6574296,OWID,New Zealand
NZL,1972,1.6199235,OWID,New Zealand
NZL,1973,1.5808966,OWID,New Zealand
NZL,1974,1.540299,OWID,New Zealand
NZL,1975,1.4966317,OWID,New Zealand
NZL,1976,1.4501374,OWID,New Zealand
NZL,1977,1.4031576,OWID,New Zealand
NZL,1978,1.3583112,OWID,New Zealand
NZL,1979,1.3171932,OWID,New Zealand
NZL,1980,1.2800212,OWID,New Zealand
NZL,1981,1.2470129,OWID,New Zealand
NZL,1982,1.2173986,OWID,New Zealand
NZL,1983,1.1891959,OWID,New Zealand
NZL,1984,1.1608603,OWID,New Zealand
NZL,1985,1.1304693,OWID,New Zealand
NZL,1986,1.0968752,OWID,New Zealand
NZL,1987,1.058119,OWID,New Zealand
NZL,1988,1.0133302,OWID,New Zealand
NZL,1989,0.9643966,OWID,New Zealand
NZL,1990,0.9140044,OWID,New Zealand
NZL,1991,0.8649362,OWID,New Zealand
NZL,1992,0.8196361,OWID,New Zealand
NZL,1993,0.77963126,OWID,New Zealand
NZL,1994,0.74485666,OWID,New Zealand
NZL,1995,0.71422005,OWID,New Zealand
NZL,1996,0.68684405,OWID,New Zealand
NZL,1997,0.6624157,OWID,New Zealand
NZL,1998,0.6405908,OWID,New Zealand
NZL,1999,0.6214707,OWID,New Zealand
NZL,2000,0.604875,OWID,New Zealand
NZL,2001,0.59028244,OWID,New Zealand
NZL,2002,0.5770522,OWID,New Zealand
NZL,2003,0.56524855,OWID,New Zealand
NZL,2004,0.55481964,OWID,New Zealand
NZL,2005,0.54607254,OWID,New Zealand
NZL,2006,0.5390387,OWID,New Zealand
NZL,2007,0.53334796,OWID,New Zealand
NZL,2008,0.5281755,OWID,New Zealand
NZL,2009,0.522876,OWID,New Zealand
NZL,2010,0.51663554,OWID,New Zealand
NZL,2011,0.5091823,OWID,New Zealand
NZL,2012,0.5004712,OWID,New Zealand
NZL,2013,0.4907917,OWID,New Zealand
NZL,2014,0.48040345,OWID,New Zealand
NZL,2015,0.4699136,OWID,New Zealand
NZL,2016,0.4594359,OWID,New Zealand
NZL,2017,0.44929612,OWID,New Zealand
NZL,2018,0.44012585,OWID,New Zealand
NZL,2019,0.43159446,OWID,New Zealand
NZL,2020,0.42359704,OWID,New Zealand
NZL,2021,0.4157229,OWID,New Zealand
NZL,2022,0.40728575,OWID,New Zealand
NZL,2023,0.39842337,OWID,New Zealand
NIC,1955,13.630348,OWID,Nicaragua
NIC,1956,13.566542,OWID,Nicaragua
NIC,1957,13.531799,OWID,Nicaragua
NIC,1958,13.483195,OWID,Nicaragua
NIC,1959,13.442832,OWID,Nicaragua
NIC,1960,13.399692,OWID,Nicaragua
NIC,1961,13.359419,OWID,Nicaragua
NIC,1962,13.330592,OWID,Nicaragua
NIC,1963,13.2807255,OWID,Nicaragua
NIC,1964,13.210954,OWID,Nicaragua
NIC,1965,13.119372,OWID,Nicaragua
NIC,1966,13.021677,OWID,Nicaragua
NIC,1967,12.901078,OWID,Nicaragua
NIC,1968,12.74479,OWID,Nicaragua
NIC,1969,12.564307,OWID,Nicaragua
NIC,1970,12.365996,OWID,Nicaragua
NIC,1971,12.120585,OWID,Nicaragua
NIC,1972,12.845747,OWID,Nicaragua
NIC,1973,11.515109,OWID,Nicaragua
NIC,1974,11.135939,OWID,Nicaragua
NIC,1975,10.717919,OWID,Nicaragua
NIC,1976,10.255209,OWID,Nicaragua
NIC,1977,9.76173,OWID,Nicaragua
NIC,1978,9.258457,OWID,Nicaragua
NIC,1979,8.761744,OWID,Nicaragua
NIC,1980,8.2790365,OWID,Nicaragua
NIC,1981,7.8310776,OWID,Nicaragua
NIC,1982,7.42251,OWID,Nicaragua
NIC,1983,7.0547996,OWID,Nicaragua
NIC,1984,6.734479,OWID,Nicaragua
NIC,1985,6.4482994,OWID,Nicaragua
NIC,1986,6.1907406,OWID,Nicaragua
NIC,1987,5.9557395,OWID,Nicaragua
NIC,1988,5.733205,OWID,Nicaragua
NIC,1989,5.5114827,OWID,Nicaragua
NIC,1990,5.28516,OWID,Nicaragua
NIC,1991,5.053558,OWID,Nicaragua
NIC,1992,4.8128376,OWID,Nicaragua
NIC,1993,4.5705934,OWID,Nicaragua
NIC,1994,4.3339143,OWID,Nicaragua
NIC,1995,4.1018605,OWID,Nicaragua
NIC,1996,3.8778572,OWID,Nicaragua
NIC,1997,3.6597106,OWID,Nicaragua
NIC,1998,3.7271266,OWID,Nicaragua
NIC,1999,3.2602406,OWID,Nicaragua
NIC,2000,3.0819309,OWID,Nicaragua
NIC,2001,2.91571,OWID,Nicaragua
NIC,2002,2.762727,OWID,Nicaragua
NIC,2003,2.6212604,OWID,Nicaragua
NIC,2004,2.4860606,OWID,Nicaragua
NIC,2005,2.3637292,OWID,Nicaragua
NIC,2006,2.2464662,OWID,Nicaragua
NIC,2007,2.1382446,OWID,Nicaragua
NIC,2008,2.0371568,OWID,Nicaragua
NIC,2009,1.9400108,OWID,Nicaragua
NIC,2010,1.8482047,OWID,Nicaragua
NIC,2011,1.7618365,OWID,Nicaragua
NIC,2012,1.6797038,OWID,Nicaragua
NIC,2013,1.6021777,OWID,Nicaragua
NIC,2014,1.527299,OWID,Nicaragua
NIC,2015,1.455906,OWID,Nicaragua
NIC,2016,1.3887645,OWID,Nicaragua
NIC,2017,1.3265646,OWID,Nicaragua
NIC,2018,1.2670181,OWID,Nicaragua
NIC,2019,1.2120248,OWID,Nicaragua
NIC,2020,1.161295,OWID,Nicaragua
NIC,2021,1.1127461,OWID,Nicaragua
NIC,2022,1.0675694,OWID,Nicaragua
NIC,2023,1.0289079,OWID,Nicaragua
NER,1969,14.947568,OWID,Niger
NER,1970,15.073223,OWID,Niger
NER,1971,15.191105,OWID,Niger
NER,1972,15.299949,OWID,Niger
NER,1973,15.333553,OWID,Niger
NER,1974,15.285088,OWID,Niger
NER,1975,15.18076,OWID,Niger
NER,1976,14.985351,OWID,Niger
NER,1977,14.734147,OWID,Niger
NER,1978,14.468056,OWID,Niger
NER,1979,14.216586,OWID,Niger
NER,1980,14.054418,OWID,Niger
NER,1981,14.008861,OWID,Niger
NER,1982,14.071867,OWID,Niger
NER,1983,14.218375,OWID,Niger
NER,1984,14.416213,OWID,Niger
NER,1985,14.61018,OWID,Niger
NER,1986,14.769056,OWID,Niger
NER,1987,14.853293,OWID,Niger
NER,1988,14.86507,OWID,Niger
NER,1989,14.805613,OWID,Niger
NER,1990,14.658763,OWID,Niger
NER,1991,14.456087,OWID,Niger
NER,1992,14.174097,OWID,Niger
NER,1993,13.798206,OWID,Niger
NER,1994,13.341259,OWID,Niger
NER,1995,12.844029,OWID,Niger
NER,1996,12.354529,OWID,Niger
NER,1997,11.907665,OWID,Niger
NER,1998,11.496923,OWID,Niger
NER,1999,11.132369,OWID,Niger
NER,2000,10.766312,OWID,Niger
NER,2001,10.356703,OWID,Niger
NER,2002,9.900581,OWID,Niger
NER,2003,9.410338,OWID,Niger
NER,2004,8.927715,OWID,Niger
NER,2005,8.476032,OWID,Niger
NER,2006,8.06545,OWID,Niger
NER,2007,7.7243395,OWID,Niger
NER,2008,7.445606,OWID,Niger
NER,2009,7.2319207,OWID,Niger
NER,2010,7.088031,OWID,Niger
NER,2011,6.9908876,OWID,Niger
NER,2012,6.938314,OWID,Niger
NER,2013,6.919638,OWID,Niger
NER,2014,6.9138594,OWID,Niger
NER,2015,6.925226,OWID,Niger
NER,2016,6.9314594,OWID,Niger
NER,2017,6.9352846,OWID,Niger
NER,2018,6.9443,OWID,Niger
NER,2019,6.9544797,OWID,Niger
NER,2020,6.941316,OWID,Niger
NER,2021,6.9015284,OWID,Niger
NER,2022,6.829425,OWID,Niger
NER,2023,6.7361474,OWID,Niger
NGA,1964,17.359533,OWID,Nigeria
NGA,1965,16.951958,OWID,Nigeria
NGA,1966,16.533049,OWID,Nigeria
NGA,1967,16.121952,OWID,Nigeria
NGA,1968,15.715699,OWID,Nigeria
NGA,1969,15.276328,OWID,Nigeria
NGA,1970,14.836738,OWID,Nigeria
NGA,1971,14.365088,OWID,Nigeria
NGA,1972,13.887235,OWID,Nigeria
NGA,1973,13.404983,OWID,Nigeria
NGA,1974,12.914976,OWID,Nigeria
NGA,1975,12.453002,OWID,Nigeria
NGA,1976,11.999979,OWID,Nigeria
NGA,1977,11.590506,OWID,Nigeria
NGA,1978,11.237774,OWID,Nigeria
NGA,1979,10.930798,OWID,Nigeria
NGA,1980,10.678392,OWID,Nigeria
NGA,1981,10.484285,OWID,Nigeria
NGA,1982,10.363177,OWID,Nigeria
NGA,1983,10.312182,OWID,Nigeria
NGA,1984,10.304731,OWID,Nigeria
NGA,1985,10.333795,OWID,Nigeria
NGA,1986,10.380497,OWID,Nigeria
NGA,1987,10.435019,OWID,Nigeria
NGA,1988,10.483255,OWID,Nigeria
NGA,1989,10.527366,OWID,Nigeria
NGA,1990,10.553092,OWID,Nigeria
NGA,1991,10.570669,OWID,Nigeria
NGA,1992,10.584118,OWID,Nigeria
NGA,1993,10.5911665,OWID,Nigeria
NGA,1994,10.581676,OWID,Nigeria
NGA,1995,10.540229,OWID,Nigeria
NGA,1996,10.466716,OWID,Nigeria
NGA,1997,10.339332,OWID,Nigeria
NGA,1998,10.162097,OWID,Nigeria
NGA,1999,9.94771,OWID,Nigeria
NGA,2000,9.708472,OWID,Nigeria
NGA,2001,9.45568,OWID,Nigeria
NGA,2002,9.188228,OWID,Nigeria
NGA,2003,8.907628,OWID,Nigeria
NGA,2004,8.638798,OWID,Nigeria
NGA,2005,8.367115,OWID,Nigeria
NGA,2006,8.12195,OWID,Nigeria
NGA,2007,7.9020834,OWID,Nigeria
NGA,2008,7.706879,OWID,Nigeria
NGA,2009,7.5444903,OWID,Nigeria
NGA,2010,7.401617,OWID,Nigeria
NGA,2011,7.296423,OWID,Nigeria
NGA,2012,7.2041907,OWID,Nigeria
NGA,2013,7.1355076,OWID,Nigeria
NGA,2014,7.0777607,OWID,Nigeria
NGA,2015,7.0170593,OWID,Nigeria
NGA,2016,6.9500766,OWID,Nigeria
NGA,2017,6.858557,OWID,Nigeria
NGA,2018,6.7405243,OWID,Nigeria
NGA,2019,6.6110973,OWID,Nigeria
NGA,2020,6.4667096,OWID,Nigeria
NGA,2021,6.3191223,OWID,Nigeria
NGA,2022,6.162776,OWID,Nigeria
NGA,2023,6.0097513,OWID,Nigeria
NIU,1943,10.812421,OWID,Niue
NIU,1944,10.715675,OWID,Niue
NIU,1945,10.64391,OWID,Niue
NIU,1946,10.587277,OWID,Niue
NIU,1947,10.49416,OWID,Niue
NIU,1948,10.392244,OWID,Niue
NIU,1949,10.267933,OWID,Niue
NIU,1950,10.150103,OWID,Niue
NIU,1951,10.002535,OWID,Niue
NIU,1952,9.821886,OWID,Niue
NIU,1953,9.627873,OWID,Niue
NIU,1954,9.426482,OWID,Niue
NIU,1955,9.206797,OWID,Niue
NIU,1956,8.972306,OWID,Niue
NIU,1957,8.727478,OWID,Niue
NIU,1958,8.471826,OWID,Niue
NIU,1959,8.194678,OWID,Niue
NIU,1960,7.9098926,OWID,Niue
NIU,1961,7.599499,OWID,Niue
NIU,1962,7.291797,OWID,Niue
NIU,1963,6.9794874,OWID,Niue
NIU,1964,6.663586,OWID,Niue
NIU,1965,6.338021,OWID,Niue
NIU,1966,6.0173893,OWID,Niue
NIU,1967,5.705283,OWID,Niue
NIU,1968,5.403939,OWID,Niue
NIU,1969,5.0902724,OWID,Niue
NIU,1970,4.7845435,OWID,Niue
NIU,1971,4.485537,OWID,Niue
NIU,1972,4.1969385,OWID,Niue
NIU,1973,3.911116,OWID,Niue
NIU,1974,3.635998,OWID,Niue
NIU,1975,3.3716176,OWID,Niue
NIU,1976,3.122544,OWID,Niue
NIU,1977,2.8978343,OWID,Niue
NIU,1978,2.6992495,OWID,Niue
NIU,1979,2.5338235,OWID,Niue
NIU,1980,2.4023564,OWID,Niue
NIU,1981,2.3013747,OWID,Niue
NIU,1982,2.228426,OWID,Niue
NIU,1983,2.1774478,OWID,Niue
NIU,1984,2.150237,OWID,Niue
NIU,1985,2.138299,OWID,Niue
NIU,1986,2.1438396,OWID,Niue
NIU,1987,2.1592917,OWID,Niue
NIU,1988,2.1804423,OWID,Niue
NIU,1989,2.2069435,OWID,Niue
NIU,1990,2.233754,OWID,Niue
NIU,1991,2.269166,OWID,Niue
NIU,1992,2.3088503,OWID,Niue
NIU,1993,2.3585944,OWID,Niue
NIU,1994,2.421911,OWID,Niue
NIU,1995,2.4950285,OWID,Niue
NIU,1996,2.5774431,OWID,Niue
NIU,1997,2.66664,OWID,Niue
NIU,1998,2.7607832,OWID,Niue
NIU,1999,2.8529654,OWID,Niue
NIU,2000,2.941005,OWID,Niue
NIU,2001,3.031519,OWID,Niue
NIU,2002,3.1171052,OWID,Niue
NIU,2003,3.2036195,OWID,Niue
NIU,2004,3.2856991,OWID,Niue
NIU,2005,3.3514512,OWID,Niue
NIU,2006,3.3837998,OWID,Niue
NIU,2007,3.3853924,OWID,Niue
NIU,2008,3.3557749,OWID,Niue
NIU,2009,3.3112915,OWID,Niue
NIU,2010,3.2523272,OWID,Niue
NIU,2011,3.17903,OWID,Niue
NIU,2012,3.0930917,OWID,Niue
NIU,2013,3.020815,OWID,Niue
NIU,2014,2.9404147,OWID,Niue
NIU,2015,2.8573098,OWID,Niue
NIU,2016,2.7705846,OWID,Niue
NIU,2017,2.6959481,OWID,Niue
NIU,2018,2.6197166,OWID,Niue
NIU,2019,2.5394933,OWID,Niue
NIU,2020,2.4658346,OWID,Niue
NIU,2021,2.3906384,OWID,Niue
NIU,2022,2.3193886,OWID,Niue
NIU,2023,2.252537,OWID,Niue
,1953,4.624148,OWID,North America
,1954,4.512898,OWID,North America
,1955,4.5707145,OWID,North America
,1956,4.586161,OWID,North America
,1957,4.6831326,OWID,North America
,1958,4.565917,OWID,North America
,1959,4.483995,OWID,North America
,1960,4.620803,OWID,North America
,1961,4.5392785,OWID,North America
,1962,4.4608946,OWID,North America
,1963,4.383893,OWID,North America
,1964,4.3078656,OWID,North America
,1965,4.2303276,OWID,North America
,1966,4.151234,OWID,North America
,1967,4.0719585,OWID,North America
,1968,3.9855328,OWID,North America
,1969,3.8949385,OWID,North America
,1970,3.7972362,OWID,North America
,1971,3.6930416,OWID,North America
,1972,3.5952663,OWID,North America
,1973,3.4804852,OWID,North America
,1974,3.3807101,OWID,North America
,1975,3.2629004,OWID,North America
,1976,3.1708224,OWID,North America
,1977,3.0451708,OWID,North America
,1978,2.939583,OWID,North America
,1979,2.8360975,OWID,North America
,1980,2.7446313,OWID,North America
,1981,2.6380515,OWID,North America
,1982,2.5619473,OWID,North America
,1983,2.4588003,OWID,North America
,1984,2.3795254,OWID,North America
,1985,2.3053124,OWID,North America
,1986,2.2344618,OWID,North America
,1987,2.166215,OWID,North America
,1988,2.0990624,OWID,North America
,1989,2.0316863,OWID,North America
,1990,1.9622823,OWID,North America
,1991,1.8924415,OWID,North America
,1992,1.823305,OWID,North America
,1993,1.7561052,OWID,North America
,1994,1.6920955,OWID,North America
,1995,1.6316895,OWID,North America
,1996,1.5750927,OWID,North America
,1997,1.521926,OWID,North America
,1998,1.4876782,OWID,North America
,1999,1.4271356,OWID,North America
,2000,1.3848804,OWID,North America
,2001,1.3457874,OWID,North America
,2002,1.309754,OWID,North America
,2003,1.2768136,OWID,North America
,2004,1.2461703,OWID,North America
,2005,1.2171178,OWID,North America
,2006,1.1893098,OWID,North America
,2007,1.162337,OWID,North America
,2008,1.1353827,OWID,North America
,2009,1.1092749,OWID,North America
,2010,1.1253425,OWID,North America
,2011,1.0587238,OWID,North America
,2012,1.0353587,OWID,North America
,2013,1.0136908,OWID,North America
,2014,0.9928216,OWID,North America
,2015,0.97275126,OWID,North America
,2016,0.9533394,OWID,North America
,2017,0.9349314,OWID,North America
,2018,0.917204,OWID,North America
,2019,0.9004326,OWID,North America
,2020,0.8849114,OWID,North America
,2021,0.8714653,OWID,North America
,2022,0.8583069,OWID,North America
,2023,0.84540564,OWID,North America
PRK,1950,24.12239,OWID,North Korea
PRK,1951,21.307884,OWID,North Korea
PRK,1952,15.239654,OWID,North Korea
PRK,1953,13.199288,OWID,North Korea
PRK,1954,11.131521,OWID,North Korea
PRK,1955,10.415818,OWID,North Korea
PRK,1956,9.785986,OWID,North Korea
PRK,1957,9.255962,OWID,North Korea
PRK,1958,8.818779,OWID,North Korea
PRK,1959,8.465414,OWID,North Korea
PRK,1960,8.177429,OWID,North Korea
PRK,1961,7.92616,OWID,North Korea
PRK,1962,7.685976,OWID,North Korea
PRK,1963,7.436023,OWID,North Korea
PRK,1964,7.166192,OWID,North Korea
PRK,1965,6.872909,OWID,North Korea
PRK,1966,6.55703,OWID,North Korea
PRK,1967,6.22661,OWID,North Korea
PRK,1968,5.893158,OWID,North Korea
PRK,1969,5.568618,OWID,North Korea
PRK,1970,5.261402,OWID,North Korea
PRK,1971,4.976863,OWID,North Korea
PRK,1972,4.71688,OWID,North Korea
PRK,1973,4.480061,OWID,North Korea
PRK,1974,4.265595,OWID,North Korea
PRK,1975,4.070072,OWID,North Korea
PRK,1976,3.890943,OWID,North Korea
PRK,1977,3.726349,OWID,North Korea
PRK,1978,3.573969,OWID,North Korea
PRK,1979,3.432299,OWID,North Korea
PRK,1980,3.300842,OWID,North Korea
PRK,1981,3.180695,OWID,North Korea
PRK,1982,3.074698,OWID,North Korea
PRK,1983,2.988286,OWID,North Korea
PRK,1984,2.927625,OWID,North Korea
PRK,1985,2.898485,OWID,North Korea
PRK,1986,2.904657,OWID,North Korea
PRK,1987,2.964323,OWID,North Korea
PRK,1988,3.016401,OWID,North Korea
PRK,1989,3.104442,OWID,North Korea
PRK,1990,3.195135,OWID,North Korea
PRK,1991,3.272248,OWID,North Korea
PRK,1992,3.32239,OWID,North Korea
PRK,1993,3.339849,OWID,North Korea
PRK,1994,3.325302,OWID,North Korea
PRK,1995,6.428605,OWID,North Korea
PRK,1996,6.335855,OWID,North Korea
PRK,1997,6.234706,OWID,North Korea
PRK,1998,6.139384,OWID,North Korea
PRK,1999,6.039016,OWID,North Korea
PRK,2000,5.942479,OWID,North Korea
PRK,2001,5.857507,OWID,North Korea
PRK,2002,5.769718,OWID,North Korea
PRK,2003,2.731352,OWID,North Korea
PRK,2004,2.675904,OWID,North Korea
PRK,2005,2.634602,OWID,North Korea
PRK,2006,2.5924,OWID,North Korea
PRK,2007,2.557327,OWID,North Korea
PRK,2008,2.466635,OWID,North Korea
PRK,2009,2.385297,OWID,North Korea
PRK,2010,2.28529,OWID,North Korea
PRK,2011,2.174405,OWID,North Korea
PRK,2012,2.055613,OWID,North Korea
PRK,2013,1.933281,OWID,North Korea
PRK,2014,1.81856,OWID,North Korea
PRK,2015,1.717869,OWID,North Korea
PRK,2016,1.647576,OWID,North Korea
PRK,2017,1.54253,OWID,North Korea
PRK,2018,1.481892,OWID,North Korea
PRK,2019,1.429886,OWID,North Korea
PRK,2020,1.409451,OWID,North Korea
PRK,2021,1.409623,OWID,North Korea
PRK,2022,1.43162,OWID,North Korea
PRK,2023,1.45355,OWID,North Korea
MKD,1981,5.2933154,OWID,North Macedonia
MKD,1982,5.0496664,OWID,North Macedonia
MKD,1983,4.784944,OWID,North Macedonia
MKD,1984,4.6107354,OWID,North Macedonia
MKD,1985,4.5414815,OWID,North Macedonia
MKD,1986,4.458315,OWID,North Macedonia
MKD,1987,4.2491713,OWID,North Macedonia
MKD,1988,3.940912,OWID,North Macedonia
MKD,1989,3.6182363,OWID,North Macedonia
MKD,1990,3.3341691,OWID,North Macedonia
MKD,1991,3.117718,OWID,North Macedonia
MKD,1992,2.9690769,OWID,North Macedonia
MKD,1993,2.8133602,OWID,North Macedonia
MKD,1994,2.5494933,OWID,North Macedonia
MKD,1995,2.1933458,OWID,North Macedonia
MKD,1996,1.8907584,OWID,North Macedonia
MKD,1997,1.7196984,OWID,North Macedonia
MKD,1998,1.6326321,OWID,North Macedonia
MKD,1999,1.5400641,OWID,North Macedonia
MKD,2000,1.4172384,OWID,North Macedonia
MKD,2001,1.3155136,OWID,North Macedonia
MKD,2002,1.2738632,OWID,North Macedonia
MKD,2003,1.2718867,OWID,North Macedonia
MKD,2004,1.2608432,OWID,North Macedonia
MKD,2005,1.2153438,OWID,North Macedonia
MKD,2006,1.1508123,OWID,North Macedonia
MKD,2007,1.0896723,OWID,North Macedonia
MKD,2008,1.0320061,OWID,North Macedonia
MKD,2009,0.97286123,OWID,North Macedonia
MKD,2010,0.91716343,OWID,North Macedonia
MKD,2011,0.88695216,OWID,North Macedonia
MKD,2012,0.89869964,OWID,North Macedonia
MKD,2013,0.9401617,OWID,North Macedonia
MKD,2014,0.9818377,OWID,North Macedonia
MKD,2015,0.99350905,OWID,North Macedonia
MKD,2016,0.9526996,OWID,North Macedonia
MKD,2017,0.85141337,OWID,North Macedonia
MKD,2018,0.7246822,OWID,North Macedonia
MKD,2019,0.6113982,OWID,North Macedonia
MKD,2020,0.52144253,OWID,North Macedonia
MKD,2021,0.4391922,OWID,North Macedonia
MKD,2022,0.35705906,OWID,North Macedonia
MKD,2023,0.28481832,OWID,North Macedonia
NOR,1950,2.6852682,OWID,Norway
NOR,1951,2.5247324,OWID,Norway
NOR,1952,2.3831596,OWID,Norway
NOR,1953,2.2646575,OWID,Norway
NOR,1954,2.1719332,OWID,Norway
NOR,1955,2.1065319,OWID,Norway
NOR,1956,2.0563426,OWID,Norway
NOR,1957,2.0074348,OWID,Norway
NOR,1958,1.9521663,OWID,Norway
NOR,1959,1.8957542,OWID,Norway
NOR,1960,1.8435959,OWID,Norway
NOR,1961,1.7966633,OWID,Norway
NOR,1962,1.7522434,OWID,Norway
NOR,1963,1.7080637,OWID,Norway
NOR,1964,1.6586823,OWID,Norway
NOR,1965,1.6005034,OWID,Norway
NOR,1966,1.5362169,OWID,Norway
NOR,1967,1.4741004,OWID,Norway
NOR,1968,1.4172499,OWID,Norway
NOR,1969,1.363616,OWID,Norway
NOR,1970,1.310752,OWID,Norway
NOR,1971,1.2584237,OWID,Norway
NOR,1972,1.205571,OWID,Norway
NOR,1973,1.1521136,OWID,Norway
NOR,1974,1.0975264,OWID,Norway
NOR,1975,1.0407085,OWID,Norway
NOR,1976,0.98351604,OWID,Norway
NOR,1977,0.92901623,OWID,Norway
NOR,1978,0.87968713,OWID,Norway
NOR,1979,0.8399164,OWID,Norway
NOR,1980,0.813407,OWID,Norway
NOR,1981,0.8002176,OWID,Norway
NOR,1982,0.7985781,OWID,Norway
NOR,1983,0.8058921,OWID,Norway
NOR,1984,0.8172033,OWID,Norway
NOR,1985,0.82683945,OWID,Norway
NOR,1986,0.8292502,OWID,Norway
NOR,1987,0.81940377,OWID,Norway
NOR,1988,0.79418945,OWID,Norway
NOR,1989,0.7542918,OWID,Norway
NOR,1990,0.70159477,OWID,Norway
NOR,1991,0.64294934,OWID,Norway
NOR,1992,0.5859774,OWID,Norway
NOR,1993,0.53534716,OWID,Norway
NOR,1994,0.4939198,OWID,Norway
NOR,1995,0.4624973,OWID,Norway
NOR,1996,0.44013348,OWID,Norway
NOR,1997,0.4243183,OWID,Norway
NOR,1998,0.41304168,OWID,Norway
NOR,1999,0.4031981,OWID,Norway
NOR,2000,0.3930452,OWID,Norway
NOR,2001,0.38158664,OWID,Norway
NOR,2002,0.3689852,OWID,Norway
NOR,2003,0.3556745,OWID,Norway
NOR,2004,0.34220317,OWID,Norway
NOR,2005,0.3291181,OWID,Norway
NOR,2006,0.31636414,OWID,Norway
NOR,2007,0.30356857,OWID,Norway
NOR,2008,0.29083502,OWID,Norway
NOR,2009,0.27823308,OWID,Norway
NOR,2010,0.26621187,OWID,Norway
NOR,2011,0.2550086,OWID,Norway
NOR,2012,0.24488942,OWID,Norway
NOR,2013,0.2359375,OWID,Norway
NOR,2014,0.22792831,OWID,Norway
NOR,2015,0.22053126,OWID,Norway
NOR,2016,0.21353255,OWID,Norway
NOR,2017,0.20705451,OWID,Norway
NOR,2018,0.20149426,OWID,Norway
NOR,2019,0.19701754,OWID,Norway
NOR,2020,0.19402622,OWID,Norway
NOR,2021,0.19259119,OWID,Norway
NOR,2022,0.19263923,OWID,Norway
NOR,2023,0.19348931,OWID,Norway
,1949,5.1138763,OWID,Oceania
,1950,5.0461516,OWID,Oceania
,1951,5.0669265,OWID,Oceania
,1952,4.8436246,OWID,Oceania
,1953,4.727939,OWID,Oceania
,1954,4.6202207,OWID,Oceania
,1955,4.5095563,OWID,Oceania
,1956,4.405052,OWID,Oceania
,1957,4.304881,OWID,Oceania
,1958,4.225012,OWID,Oceania
,1959,4.1325684,OWID,Oceania
,1960,4.0329833,OWID,Oceania
,1961,3.9292989,OWID,Oceania
,1962,3.8242943,OWID,Oceania
,1963,3.7315938,OWID,Oceania
,1964,3.6364753,OWID,Oceania
,1965,3.5405695,OWID,Oceania
,1966,3.4572191,OWID,Oceania
,1967,3.3848712,OWID,Oceania
,1968,3.3182056,OWID,Oceania
,1969,3.25006,OWID,Oceania
,1970,3.1703126,OWID,Oceania
,1971,3.0764265,OWID,Oceania
,1972,2.9803674,OWID,Oceania
,1973,2.8801124,OWID,Oceania
,1974,2.774834,OWID,Oceania
,1975,2.6722038,OWID,Oceania
,1976,2.5677485,OWID,Oceania
,1977,2.4721498,OWID,Oceania
,1978,2.386792,OWID,Oceania
,1979,2.31021,OWID,Oceania
,1980,2.241372,OWID,Oceania
,1981,2.1805654,OWID,Oceania
,1982,2.1262808,OWID,Oceania
,1983,2.0799448,OWID,Oceania
,1984,2.0381722,OWID,Oceania
,1985,1.9991897,OWID,Oceania
,1986,1.9576924,OWID,Oceania
,1987,1.9139405,OWID,Oceania
,1988,1.8657552,OWID,Oceania
,1989,1.8166223,OWID,Oceania
,1990,1.7663922,OWID,Oceania
,1991,1.7210001,OWID,Oceania
,1992,1.6832585,OWID,Oceania
,1993,1.6519227,OWID,Oceania
,1994,1.6261321,OWID,Oceania
,1995,1.6049508,OWID,Oceania
,1996,1.5882951,OWID,Oceania
,1997,1.5759462,OWID,Oceania
,1998,1.56683,OWID,Oceania
,1999,1.5592504,OWID,Oceania
,2000,1.5529256,OWID,Oceania
,2001,1.5451111,OWID,Oceania
,2002,1.5374786,OWID,Oceania
,2003,1.5293754,OWID,Oceania
,2004,1.5211282,OWID,Oceania
,2005,1.5095631,OWID,Oceania
,2006,1.4932892,OWID,Oceania
,2007,1.4727173,OWID,Oceania
,2008,1.4475299,OWID,Oceania
,2009,1.4218789,OWID,Oceania
,2010,1.391787,OWID,Oceania
,2011,1.3629303,OWID,Oceania
,2012,1.3335971,OWID,Oceania
,2013,1.3052286,OWID,Oceania
,2014,1.2789042,OWID,Oceania
,2015,1.2556218,OWID,Oceania
,2016,1.2330316,OWID,Oceania
,2017,1.2126445,OWID,Oceania
,2018,1.1921457,OWID,Oceania
,2019,1.174036,OWID,Oceania
,2020,1.1562526,OWID,Oceania
,2021,1.1381679,OWID,Oceania
,2022,1.116511,OWID,Oceania
,2023,1.0926636,OWID,Oceania
OMN,1959,24.82479,OWID,Oman
OMN,1960,24.00391,OWID,Oman
OMN,1961,23.142817,OWID,Oman
OMN,1962,22.372889,OWID,Oman
OMN,1963,21.605633,OWID,Oman
OMN,1964,20.888964,OWID,Oman
OMN,1965,20.163307,OWID,Oman
OMN,1966,19.45421,OWID,Oman
OMN,1967,18.69467,OWID,Oman
OMN,1968,17.960623,OWID,Oman
OMN,1969,17.221203,OWID,Oman
OMN,1970,16.447807,OWID,Oman
OMN,1971,15.668941,OWID,Oman
OMN,1972,14.890886,OWID,Oman
OMN,1973,14.123709,OWID,Oman
OMN,1974,13.348482,OWID,Oman
OMN,1975,12.570391,OWID,Oman
OMN,1976,11.77284,OWID,Oman
OMN,1977,10.960895,OWID,Oman
OMN,1978,10.150508,OWID,Oman
OMN,1979,9.345915,OWID,Oman
OMN,1980,8.557746,OWID,Oman
OMN,1981,7.7987723,OWID,Oman
OMN,1982,7.075895,OWID,Oman
OMN,1983,6.3919725,OWID,Oman
OMN,1984,5.757666,OWID,Oman
OMN,1985,5.1817756,OWID,Oman
OMN,1986,4.6647825,OWID,Oman
OMN,1987,4.208929,OWID,Oman
OMN,1988,3.8059382,OWID,Oman
OMN,1989,3.4495184,OWID,Oman
OMN,1990,3.1313596,OWID,Oman
OMN,1991,2.841449,OWID,Oman
OMN,1992,2.5787675,OWID,Oman
OMN,1993,2.3392344,OWID,Oman
OMN,1994,2.1305573,OWID,Oman
OMN,1995,1.9506629,OWID,Oman
OMN,1996,1.793727,OWID,Oman
OMN,1997,1.6557198,OWID,Oman
OMN,1998,1.5357715,OWID,Oman
OMN,1999,1.4266754,OWID,Oman
OMN,2000,1.3313621,OWID,Oman
OMN,2001,1.2482578,OWID,Oman
OMN,2002,1.1784805,OWID,Oman
OMN,2003,1.1212586,OWID,Oman
OMN,2004,1.0754666,OWID,Oman
OMN,2005,1.0393736,OWID,Oman
OMN,2006,1.0117553,OWID,Oman
OMN,2007,0.9910861,OWID,Oman
OMN,2008,0.9752044,OWID,Oman
OMN,2009,0.9628412,OWID,Oman
OMN,2010,0.95197344,OWID,Oman
OMN,2011,0.9410786,OWID,Oman
OMN,2012,0.929531,OWID,Oman
OMN,2013,0.919064,OWID,Oman
OMN,2014,0.91098064,OWID,Oman
OMN,2015,0.9052634,OWID,Oman
OMN,2016,0.8989274,OWID,Oman
OMN,2017,0.89154226,OWID,Oman
OMN,2018,0.8833296,OWID,Oman
OMN,2019,0.8738293,OWID,Oman
OMN,2020,0.86446637,OWID,Oman
OMN,2021,0.85544425,OWID,Oman
OMN,2022,0.84714043,OWID,Oman
OMN,2023,0.83656204,OWID,Oman
PAK,1951,22.703308,OWID,Pakistan
PAK,1952,21.884232,OWID,Pakistan
PAK,1953,21.130823,OWID,Pakistan
PAK,1954,20.384031,OWID,Pakistan
PAK,1955,19.671469,OWID,Pakistan
PAK,1956,18.992653,OWID,Pakistan
PAK,1957,18.353355,OWID,Pakistan
PAK,1958,17.76964,OWID,Pakistan
PAK,1959,17.21899,OWID,Pakistan
PAK,1960,16.698744,OWID,Pakistan
PAK,1961,16.202175,OWID,Pakistan
PAK,1962,15.73935,OWID,Pakistan
PAK,1963,15.314491,OWID,Pakistan
PAK,1964,14.927856,OWID,Pakistan
PAK,1965,14.593581,OWID,Pakistan
PAK,1966,14.313601,OWID,Pakistan
PAK,1967,14.083309,OWID,Pakistan
PAK,1968,13.896215,OWID,Pakistan
PAK,1969,13.733251,OWID,Pakistan
PAK,1970,13.596396,OWID,Pakistan
PAK,1971,13.471144,OWID,Pakistan
PAK,1972,13.356531,OWID,Pakistan
PAK,1973,13.255079,OWID,Pakistan
PAK,1974,13.167338,OWID,Pakistan
PAK,1975,13.083261,OWID,Pakistan
PAK,1976,13.005166,OWID,Pakistan
PAK,1977,12.932985,OWID,Pakistan
PAK,1978,12.862938,OWID,Pakistan
PAK,1979,12.78959,OWID,Pakistan
PAK,1980,12.71327,OWID,Pakistan
PAK,1981,12.624891,OWID,Pakistan
PAK,1982,12.52391,OWID,Pakistan
PAK,1983,12.407335,OWID,Pakistan
PAK,1984,12.270675,OWID,Pakistan
PAK,1985,12.121074,OWID,Pakistan
PAK,1986,11.961814,OWID,Pakistan
PAK,1987,11.798458,OWID,Pakistan
PAK,1988,11.628047,OWID,Pakistan
PAK,1989,11.4525,OWID,Pakistan
PAK,1990,11.272881,OWID,Pakistan
PAK,1991,11.081916,OWID,Pakistan
PAK,1992,10.872496,OWID,Pakistan
PAK,1993,10.6536255,OWID,Pakistan
PAK,1994,10.41682,OWID,Pakistan
PAK,1995,10.168949,OWID,Pakistan
PAK,1996,9.905414,OWID,Pakistan
PAK,1997,9.643182,OWID,Pakistan
PAK,1998,9.388611,OWID,Pakistan
PAK,1999,9.137662,OWID,Pakistan
PAK,2000,8.9056225,OWID,Pakistan
PAK,2001,8.695479,OWID,Pakistan
PAK,2002,8.503728,OWID,Pakistan
PAK,2003,8.335091,OWID,Pakistan
PAK,2004,8.183426,OWID,Pakistan
PAK,2005,8.042303,OWID,Pakistan
PAK,2006,7.9019303,OWID,Pakistan
PAK,2007,7.7690825,OWID,Pakistan
PAK,2008,7.6305947,OWID,Pakistan
PAK,2009,7.4826155,OWID,Pakistan
PAK,2010,7.3249097,OWID,Pakistan
PAK,2011,7.157178,OWID,Pakistan
PAK,2012,6.9779296,OWID,Pakistan
PAK,2013,6.7923846,OWID,Pakistan
PAK,2014,6.6019955,OWID,Pakistan
PAK,2015,6.4083276,OWID,Pakistan
PAK,2016,6.220594,OWID,Pakistan
PAK,2017,6.0323763,OWID,Pakistan
PAK,2018,5.852918,OWID,Pakistan
PAK,2019,5.683792,OWID,Pakistan
PAK,2020,5.510516,OWID,Pakistan
PAK,2021,5.341928,OWID,Pakistan
PAK,2022,5.1762447,OWID,Pakistan
PAK,2023,5.012194,OWID,Pakistan
PLW,1965,7.9875836,OWID,Palau
PLW,1966,7.732354,OWID,Palau
PLW,1967,7.48479,OWID,Palau
PLW,1968,7.227405,OWID,Palau
PLW,1969,6.975482,OWID,Palau
PLW,1970,6.689207,OWID,Palau
PLW,1971,6.379534,OWID,Palau
PLW,1972,6.062823,OWID,Palau
PLW,1973,5.739049,OWID,Palau
PLW,1974,5.4116044,OWID,Palau
PLW,1975,5.0801287,OWID,Palau
PLW,1976,4.7824216,OWID,Palau
PLW,1977,4.5103917,OWID,Palau
PLW,1978,4.274078,OWID,Palau
PLW,1979,4.072237,OWID,Palau
PLW,1980,3.8952596,OWID,Palau
PLW,1981,3.7392032,OWID,Palau
PLW,1982,3.5962896,OWID,Palau
PLW,1983,3.4744258,OWID,Palau
PLW,1984,3.3753512,OWID,Palau
PLW,1985,3.2900076,OWID,Palau
PLW,1986,3.209408,OWID,Palau
PLW,1987,3.1445491,OWID,Palau
PLW,1988,3.0880075,OWID,Palau
PLW,1989,3.0358226,OWID,Palau
PLW,1990,2.981977,OWID,Palau
PLW,1991,2.9294407,OWID,Palau
PLW,1992,2.8686316,OWID,Palau
PLW,1993,2.8071494,OWID,Palau
PLW,1994,2.7311814,OWID,Palau
PLW,1995,2.651911,OWID,Palau
PLW,1996,2.568842,OWID,Palau
PLW,1997,2.4819512,OWID,Palau
PLW,1998,2.3980212,OWID,Palau
PLW,1999,2.3143818,OWID,Palau
PLW,2000,2.2329733,OWID,Palau
PLW,2001,2.1528766,OWID,Palau
PLW,2002,2.0780337,OWID,Palau
PLW,2003,2.0056486,OWID,Palau
PLW,2004,1.9335394,OWID,Palau
PLW,2005,1.8648063,OWID,Palau
PLW,2006,1.8027226,OWID,Palau
PLW,2007,1.7499357,OWID,Palau
PLW,2008,1.7072066,OWID,Palau
PLW,2009,1.6753788,OWID,Palau
PLW,2010,1.661233,OWID,Palau
PLW,2011,1.6637571,OWID,Palau
PLW,2012,1.6824743,OWID,Palau
PLW,2013,1.7148829,OWID,Palau
PLW,2014,1.7598754,OWID,Palau
PLW,2015,1.8170694,OWID,Palau
PLW,2016,1.878743,OWID,Palau
PLW,2017,1.9362373,OWID,Palau
PLW,2018,1.9764415,OWID,Palau
PLW,2019,1.9925838,OWID,Palau
PLW,2020,1.9880102,OWID,Palau
PLW,2021,1.9704655,OWID,Palau
PLW,2022,1.9461896,OWID,Palau
PLW,2023,1.9114968,OWID,Palau
PSE,1975,9.383377,OWID,Palestine
PSE,1976,8.826516,OWID,Palestine
PSE,1977,8.297974,OWID,Palestine
PSE,1978,7.806654,OWID,Palestine
PSE,1979,7.344575,OWID,Palestine
PSE,1980,6.907464,OWID,Palestine
PSE,1981,6.5015435,OWID,Palestine
PSE,1982,6.1200004,OWID,Palestine
PSE,1983,5.759598,OWID,Palestine
PSE,1984,5.425865,OWID,Palestine
PSE,1985,5.113683,OWID,Palestine
PSE,1986,4.827443,OWID,Palestine
PSE,1987,4.5626044,OWID,Palestine
PSE,1988,4.3197346,OWID,Palestine
PSE,1989,4.098002,OWID,Palestine
PSE,1990,3.8998947,OWID,Palestine
PSE,1991,3.7186623,OWID,Palestine
PSE,1992,3.5553906,OWID,Palestine
PSE,1993,3.4080794,OWID,Palestine
PSE,1994,3.272793,OWID,Palestine
PSE,1995,3.146223,OWID,Palestine
PSE,1996,3.0288706,OWID,Palestine
PSE,1997,2.9200377,OWID,Palestine
PSE,1998,2.8173697,OWID,Palestine
PSE,1999,2.7218673,OWID,Palestine
PSE,2000,2.6357157,OWID,Palestine
PSE,2001,2.5546174,OWID,Palestine
PSE,2002,2.4776974,OWID,Palestine
PSE,2003,2.4046268,OWID,Palestine
PSE,2004,2.3309727,OWID,Palestine
PSE,2005,2.2571743,OWID,Palestine
PSE,2006,2.1830018,OWID,Palestine
PSE,2007,2.1114736,OWID,Palestine
PSE,2008,2.0419805,OWID,Palestine
PSE,2009,1.9727795,OWID,Palestine
PSE,2010,1.9040382,OWID,Palestine
PSE,2011,1.8364795,OWID,Palestine
PSE,2012,1.7710884,OWID,Palestine
PSE,2013,1.7066015,OWID,Palestine
PSE,2014,1.7634181,OWID,Palestine
PSE,2015,1.5810603,OWID,Palestine
PSE,2016,1.5209973,OWID,Palestine
PSE,2017,1.4660289,OWID,Palestine
PSE,2018,1.4131043,OWID,Palestine
PSE,2019,1.3643281,OWID,Palestine
PSE,2020,1.3194653,OWID,Palestine
PSE,2021,1.2752663,OWID,Palestine
PSE,2022,1.2329556,OWID,Palestine
PSE,2023,1.4271338,OWID,Palestine
PAN,1953,7.60963,OWID,Panama
PAN,1954,7.4428296,OWID,Panama
PAN,1955,7.284258,OWID,Panama
PAN,1956,7.136908,OWID,Panama
PAN,1957,6.994433,OWID,Panama
PAN,1958,6.850625,OWID,Panama
PAN,1959,6.710194,OWID,Panama
PAN,1960,6.5673156,OWID,Panama
PAN,1961,6.4202523,OWID,Panama
PAN,1962,6.276212,OWID,Panama
PAN,1963,6.1343455,OWID,Panama
PAN,1964,5.998722,OWID,Panama
PAN,1965,5.865944,OWID,Panama
PAN,1966,5.7376733,OWID,Panama
PAN,1967,5.610557,OWID,Panama
PAN,1968,5.462529,OWID,Panama
PAN,1969,5.2841,OWID,Panama
PAN,1970,5.074286,OWID,Panama
PAN,1971,4.8362374,OWID,Panama
PAN,1972,4.5852356,OWID,Panama
PAN,1973,4.3371034,OWID,Panama
PAN,1974,4.116843,OWID,Panama
PAN,1975,3.9266093,OWID,Panama
PAN,1976,3.7739542,OWID,Panama
PAN,1977,3.6538768,OWID,Panama
PAN,1978,3.550703,OWID,Panama
PAN,1979,3.4533634,OWID,Panama
PAN,1980,3.3586705,OWID,Panama
PAN,1981,3.255366,OWID,Panama
PAN,1982,3.1494043,OWID,Panama
PAN,1983,3.0411031,OWID,Panama
PAN,1984,2.9326174,OWID,Panama
PAN,1985,2.8231878,OWID,Panama
PAN,1986,2.7209196,OWID,Panama
PAN,1987,2.6269145,OWID,Panama
PAN,1988,2.540803,OWID,Panama
PAN,1989,2.4632847,OWID,Panama
PAN,1990,2.3936143,OWID,Panama
PAN,1991,2.3381104,OWID,Panama
PAN,1992,2.291396,OWID,Panama
PAN,1993,2.2581964,OWID,Panama
PAN,1994,2.2300704,OWID,Panama
PAN,1995,2.2049966,OWID,Panama
PAN,1996,2.1822996,OWID,Panama
PAN,1997,2.1547124,OWID,Panama
PAN,1998,2.119412,OWID,Panama
PAN,1999,2.078208,OWID,Panama
PAN,2000,2.0258884,OWID,Panama
PAN,2001,1.968346,OWID,Panama
PAN,2002,1.9040892,OWID,Panama
PAN,2003,1.8393921,OWID,Panama
PAN,2004,1.7758534,OWID,Panama
PAN,2005,1.7157314,OWID,Panama
PAN,2006,1.6595908,OWID,Panama
PAN,2007,1.6051906,OWID,Panama
PAN,2008,1.555584,OWID,Panama
PAN,2009,1.5097791,OWID,Panama
PAN,2010,1.4685615,OWID,Panama
PAN,2011,1.4334699,OWID,Panama
PAN,2012,1.40587,OWID,Panama
PAN,2013,1.3864809,OWID,Panama
PAN,2014,1.3729645,OWID,Panama
PAN,2015,1.3639662,OWID,Panama
PAN,2016,1.3543695,OWID,Panama
PAN,2017,1.340251,OWID,Panama
PAN,2018,1.313401,OWID,Panama
PAN,2019,1.2700908,OWID,Panama
PAN,2020,1.2151576,OWID,Panama
PAN,2021,1.1590672,OWID,Panama
PAN,2022,1.1079491,OWID,Panama
PAN,2023,1.0610428,OWID,Panama
PNG,1948,20.115501,OWID,Papua New Guinea
PNG,1949,19.561378,OWID,Papua New Guinea
PNG,1950,19.05808,OWID,Papua New Guinea
PNG,1951,19.63733,OWID,Papua New Guinea
PNG,1952,18.07447,OWID,Papua New Guinea
PNG,1953,17.603037,OWID,Papua New Guinea
PNG,1954,17.146978,OWID,Papua New Guinea
PNG,1955,16.697172,OWID,Papua New Guinea
PNG,1956,16.267607,OWID,Papua New Guinea
PNG,1957,15.83332,OWID,Papua New Guinea
PNG,1958,15.408056,OWID,Papua New Guinea
PNG,1959,14.981384,OWID,Papua New Guinea
PNG,1960,14.559145,OWID,Papua New Guinea
PNG,1961,14.1448765,OWID,Papua New Guinea
PNG,1962,13.733275,OWID,Papua New Guinea
PNG,1963,13.322533,OWID,Papua New Guinea
PNG,1964,12.914092,OWID,Papua New Guinea
PNG,1965,12.508102,OWID,Papua New Guinea
PNG,1966,12.11,OWID,Papua New Guinea
PNG,1967,11.72249,OWID,Papua New Guinea
PNG,1968,11.344571,OWID,Papua New Guinea
PNG,1969,10.972538,OWID,Papua New Guinea
PNG,1970,10.61893,OWID,Papua New Guinea
PNG,1971,10.272357,OWID,Papua New Guinea
PNG,1972,9.9429655,OWID,Papua New Guinea
PNG,1973,9.622761,OWID,Papua New Guinea
PNG,1974,9.323185,OWID,Papua New Guinea
PNG,1975,9.047298,OWID,Papua New Guinea
PNG,1976,8.787369,OWID,Papua New Guinea
PNG,1977,8.538495,OWID,Papua New Guinea
PNG,1978,8.315293,OWID,Papua New Guinea
PNG,1979,8.100759,OWID,Papua New Guinea
PNG,1980,7.8933587,OWID,Papua New Guinea
PNG,1981,7.7084465,OWID,Papua New Guinea
PNG,1982,7.5346837,OWID,Papua New Guinea
PNG,1983,7.37714,OWID,Papua New Guinea
PNG,1984,7.2303977,OWID,Papua New Guinea
PNG,1985,7.0917535,OWID,Papua New Guinea
PNG,1986,6.966481,OWID,Papua New Guinea
PNG,1987,6.850321,OWID,Papua New Guinea
PNG,1988,6.7321377,OWID,Papua New Guinea
PNG,1989,6.624743,OWID,Papua New Guinea
PNG,1990,6.5142345,OWID,Papua New Guinea
PNG,1991,6.408055,OWID,Papua New Guinea
PNG,1992,6.3049865,OWID,Papua New Guinea
PNG,1993,6.2042775,OWID,Papua New Guinea
PNG,1994,6.1091714,OWID,Papua New Guinea
PNG,1995,6.0172033,OWID,Papua New Guinea
PNG,1996,5.9295177,OWID,Papua New Guinea
PNG,1997,5.8427033,OWID,Papua New Guinea
PNG,1998,5.759179,OWID,Papua New Guinea
PNG,1999,5.6779747,OWID,Papua New Guinea
PNG,2000,5.6019664,OWID,Papua New Guinea
PNG,2001,5.5183697,OWID,Papua New Guinea
PNG,2002,5.4294415,OWID,Papua New Guinea
PNG,2003,5.33816,OWID,Papua New Guinea
PNG,2004,5.243488,OWID,Papua New Guinea
PNG,2005,5.142929,OWID,Papua New Guinea
PNG,2006,5.036755,OWID,Papua New Guinea
PNG,2007,4.930646,OWID,Papua New Guinea
PNG,2008,4.8200293,OWID,Papua New Guinea
PNG,2009,4.711962,OWID,Papua New Guinea
PNG,2010,4.594459,OWID,Papua New Guinea
PNG,2011,4.479449,OWID,Papua New Guinea
PNG,2012,4.3673825,OWID,Papua New Guinea
PNG,2013,4.256994,OWID,Papua New Guinea
PNG,2014,4.1467166,OWID,Papua New Guinea
PNG,2015,4.040038,OWID,Papua New Guinea
PNG,2016,3.9299867,OWID,Papua New Guinea
PNG,2017,3.8244762,OWID,Papua New Guinea
PNG,2018,3.712792,OWID,Papua New Guinea
PNG,2019,3.6090922,OWID,Papua New Guinea
PNG,2020,3.5076954,OWID,Papua New Guinea
PNG,2021,3.4063928,OWID,Papua New Guinea
PNG,2022,3.30181,OWID,Papua New Guinea
PNG,2023,3.1989813,OWID,Papua New Guinea
PRY,1956,6.3984184,OWID,Paraguay
PRY,1957,6.3576794,OWID,Paraguay
PRY,1958,6.3131285,OWID,Paraguay
PRY,1959,6.274383,OWID,Paraguay
PRY,1960,6.2379947,OWID,Paraguay
PRY,1961,6.2071557,OWID,Paraguay
PRY,1962,6.1844826,OWID,Paraguay
PRY,1963,6.175036,OWID,Paraguay
PRY,1964,6.1687393,OWID,Paraguay
PRY,1965,6.163177,OWID,Paraguay
PRY,1966,6.1627502,OWID,Paraguay
PRY,1967,6.1573234,OWID,Paraguay
PRY,1968,6.1479163,OWID,Paraguay
PRY,1969,6.1354537,OWID,Paraguay
PRY,1970,6.1126914,OWID,Paraguay
PRY,1971,6.080187,OWID,Paraguay
PRY,1972,6.0361557,OWID,Paraguay
PRY,1973,5.98061,OWID,Paraguay
PRY,1974,5.913989,OWID,Paraguay
PRY,1975,5.8359222,OWID,Paraguay
PRY,1976,5.743508,OWID,Paraguay
PRY,1977,5.6417713,OWID,Paraguay
PRY,1978,5.5321507,OWID,Paraguay
PRY,1979,5.410982,OWID,Paraguay
PRY,1980,5.2709913,OWID,Paraguay
PRY,1981,5.1235695,OWID,Paraguay
PRY,1982,4.9650183,OWID,Paraguay
PRY,1983,4.8017664,OWID,Paraguay
PRY,1984,4.6423903,OWID,Paraguay
PRY,1985,4.484739,OWID,Paraguay
PRY,1986,4.3338213,OWID,Paraguay
PRY,1987,4.185815,OWID,Paraguay
PRY,1988,4.0435,OWID,Paraguay
PRY,1989,3.9024057,OWID,Paraguay
PRY,1990,3.7682815,OWID,Paraguay
PRY,1991,3.6369631,OWID,Paraguay
PRY,1992,3.5164464,OWID,Paraguay
PRY,1993,3.4052823,OWID,Paraguay
PRY,1994,3.304134,OWID,Paraguay
PRY,1995,3.211064,OWID,Paraguay
PRY,1996,3.1285563,OWID,Paraguay
PRY,1997,3.0578775,OWID,Paraguay
PRY,1998,2.991791,OWID,Paraguay
PRY,1999,2.9279761,OWID,Paraguay
PRY,2000,2.866765,OWID,Paraguay
PRY,2001,2.8107524,OWID,Paraguay
PRY,2002,2.7584584,OWID,Paraguay
PRY,2003,2.7015889,OWID,Paraguay
PRY,2004,2.6443973,OWID,Paraguay
PRY,2005,2.5840633,OWID,Paraguay
PRY,2006,2.523816,OWID,Paraguay
PRY,2007,2.4605618,OWID,Paraguay
PRY,2008,2.3945172,OWID,Paraguay
PRY,2009,2.326829,OWID,Paraguay
PRY,2010,2.26624,OWID,Paraguay
PRY,2011,2.197062,OWID,Paraguay
PRY,2012,2.140781,OWID,Paraguay
PRY,2013,2.0806751,OWID,Paraguay
PRY,2014,2.0191977,OWID,Paraguay
PRY,2015,1.9545429,OWID,Paraguay
PRY,2016,1.8939321,OWID,Paraguay
PRY,2017,1.8340694,OWID,Paraguay
PRY,2018,1.7745918,OWID,Paraguay
PRY,2019,1.7175721,OWID,Paraguay
PRY,2020,1.6691997,OWID,Paraguay
PRY,2021,1.6151274,OWID,Paraguay
PRY,2022,1.5619584,OWID,Paraguay
PRY,2023,1.5143611,OWID,Paraguay
PER,1954,18.384876,OWID,Peru
PER,1955,17.613365,OWID,Peru
PER,1956,16.941261,OWID,Peru
PER,1957,16.38886,OWID,Peru
PER,1958,15.940402,OWID,Peru
PER,1959,15.548073,OWID,Peru
PER,1960,15.2017565,OWID,Peru
PER,1961,14.822619,OWID,Peru
PER,1962,14.428844,OWID,Peru
PER,1963,13.9964285,OWID,Peru
PER,1964,13.534253,OWID,Peru
PER,1965,13.080585,OWID,Peru
PER,1966,12.640558,OWID,Peru
PER,1967,12.237809,OWID,Peru
PER,1968,11.871345,OWID,Peru
PER,1969,11.545816,OWID,Peru
PER,1970,12.500631,OWID,Peru
PER,1971,10.959188,OWID,Peru
PER,1972,10.659658,OWID,Peru
PER,1973,10.361918,OWID,Peru
PER,1974,10.067197,OWID,Peru
PER,1975,9.789211,OWID,Peru
PER,1976,9.543434,OWID,Peru
PER,1977,9.343321,OWID,Peru
PER,1978,9.17681,OWID,Peru
PER,1979,9.024155,OWID,Peru
PER,1980,8.875802,OWID,Peru
PER,1981,8.707935,OWID,Peru
PER,1982,8.49508,OWID,Peru
PER,1983,8.238704,OWID,Peru
PER,1984,7.933527,OWID,Peru
PER,1985,7.582841,OWID,Peru
PER,1986,7.220678,OWID,Peru
PER,1987,6.8692865,OWID,Peru
PER,1988,6.5432796,OWID,Peru
PER,1989,6.2416997,OWID,Peru
PER,1990,5.970625,OWID,Peru
PER,1991,5.7013187,OWID,Peru
PER,1992,5.4144897,OWID,Peru
PER,1993,5.111311,OWID,Peru
PER,1994,4.788243,OWID,Peru
PER,1995,4.457401,OWID,Peru
PER,1996,4.1309967,OWID,Peru
PER,1997,3.8131087,OWID,Peru
PER,1998,3.5138247,OWID,Peru
PER,1999,3.239702,OWID,Peru
PER,2000,2.9914598,OWID,Peru
PER,2001,2.770695,OWID,Peru
PER,2002,2.5798347,OWID,Peru
PER,2003,2.4125962,OWID,Peru
PER,2004,2.267304,OWID,Peru
PER,2005,2.1410801,OWID,Peru
PER,2006,2.0284493,OWID,Peru
PER,2007,1.9265828,OWID,Peru
PER,2008,1.8346595,OWID,Peru
PER,2009,1.7532103,OWID,Peru
PER,2010,1.6813977,OWID,Peru
PER,2011,1.6196392,OWID,Peru
PER,2012,1.5681831,OWID,Peru
PER,2013,1.5269902,OWID,Peru
PER,2014,1.4951023,OWID,Peru
PER,2015,1.4713849,OWID,Peru
PER,2016,1.4541334,OWID,Peru
PER,2017,1.4408133,OWID,Peru
PER,2018,1.4306434,OWID,Peru
PER,2019,1.4232013,OWID,Peru
PER,2020,1.4138914,OWID,Peru
PER,2021,1.3970973,OWID,Peru
PER,2022,1.3790326,OWID,Peru
PER,2023,1.354243,OWID,Peru
PHL,1954,7.3330674,OWID,Philippines
PHL,1955,7.1011367,OWID,Philippines
PHL,1956,6.882815,OWID,Philippines
PHL,1957,6.6687036,OWID,Philippines
PHL,1958,6.4602733,OWID,Philippines
PHL,1959,6.262195,OWID,Philippines
PHL,1960,6.09295,OWID,Philippines
PHL,1961,5.9432607,OWID,Philippines
PHL,1962,5.823068,OWID,Philippines
PHL,1963,5.723399,OWID,Philippines
PHL,1964,5.6307416,OWID,Philippines
PHL,1965,5.551293,OWID,Philippines
PHL,1966,5.4735765,OWID,Philippines
PHL,1967,5.3963146,OWID,Philippines
PHL,1968,5.3328943,OWID,Philippines
PHL,1969,5.285885,OWID,Philippines
PHL,1970,5.2524104,OWID,Philippines
PHL,1971,5.2345877,OWID,Philippines
PHL,1972,5.2328234,OWID,Philippines
PHL,1973,5.245368,OWID,Philippines
PHL,1974,5.2645783,OWID,Philippines
PHL,1975,5.284495,OWID,Philippines
PHL,1976,5.290345,OWID,Philippines
PHL,1977,5.283876,OWID,Philippines
PHL,1978,5.270791,OWID,Philippines
PHL,1979,5.2428956,OWID,Philippines
PHL,1980,5.20163,OWID,Philippines
PHL,1981,5.152499,OWID,Philippines
PHL,1982,5.095474,OWID,Philippines
PHL,1983,5.0263095,OWID,Philippines
PHL,1984,4.942399,OWID,Philippines
PHL,1985,4.8350153,OWID,Philippines
PHL,1986,4.690221,OWID,Philippines
PHL,1987,4.506687,OWID,Philippines
PHL,1988,4.298579,OWID,Philippines
PHL,1989,4.077434,OWID,Philippines
PHL,1990,3.8566215,OWID,Philippines
PHL,1991,3.6548324,OWID,Philippines
PHL,1992,3.4774113,OWID,Philippines
PHL,1993,3.3231964,OWID,Philippines
PHL,1994,3.1911745,OWID,Philippines
PHL,1995,3.0756571,OWID,Philippines
PHL,1996,2.9776182,OWID,Philippines
PHL,1997,2.8951478,OWID,Philippines
PHL,1998,2.8259256,OWID,Philippines
PHL,1999,2.773071,OWID,Philippines
PHL,2000,2.7267122,OWID,Philippines
PHL,2001,2.6819582,OWID,Philippines
PHL,2002,2.6379595,OWID,Philippines
PHL,2003,2.592066,OWID,Philippines
PHL,2004,2.54547,OWID,Philippines
PHL,2005,2.4982216,OWID,Philippines
PHL,2006,2.4537299,OWID,Philippines
PHL,2007,2.4121637,OWID,Philippines
PHL,2008,2.3751569,OWID,Philippines
PHL,2009,2.3407643,OWID,Philippines
PHL,2010,2.310269,OWID,Philippines
PHL,2011,2.2822037,OWID,Philippines
PHL,2012,2.2570832,OWID,Philippines
PHL,2013,2.237964,OWID,Philippines
PHL,2014,2.2267845,OWID,Philippines
PHL,2015,2.2222626,OWID,Philippines
PHL,2016,2.2304485,OWID,Philippines
PHL,2017,2.2421145,OWID,Philippines
PHL,2018,2.2590792,OWID,Philippines
PHL,2019,2.272785,OWID,Philippines
PHL,2020,2.2787466,OWID,Philippines
PHL,2021,2.2656322,OWID,Philippines
PHL,2022,2.2444997,OWID,Philippines
PHL,2023,2.2122204,OWID,Philippines
POL,1950,12.257528,OWID,Poland
POL,1951,11.354431,OWID,Poland
POL,1952,10.535918,OWID,Poland
POL,1953,9.795174,OWID,Poland
POL,1954,9.12648,OWID,Poland
POL,1955,8.520286,OWID,Poland
POL,1956,7.9513216,OWID,Poland
POL,1957,7.3879304,OWID,Poland
POL,1958,6.8276186,OWID,Poland
POL,1959,6.291535,OWID,Poland
POL,1960,5.803406,OWID,Poland
POL,1961,5.368708,OWID,Poland
POL,1962,4.9869723,OWID,Poland
POL,1963,4.6544685,OWID,Poland
POL,1964,4.3516784,OWID,Poland
POL,1965,4.0671988,OWID,Poland
POL,1966,3.8133872,OWID,Poland
POL,1967,3.610534,OWID,Poland
POL,1968,3.4569767,OWID,Poland
POL,1969,3.32261,OWID,Poland
POL,1970,3.1816907,OWID,Poland
POL,1971,3.0278194,OWID,Poland
POL,1972,2.8659623,OWID,Poland
POL,1973,2.705654,OWID,Poland
POL,1974,2.566837,OWID,Poland
POL,1975,2.4617639,OWID,Poland
POL,1976,2.3827698,OWID,Poland
POL,1977,2.3120685,OWID,Poland
POL,1978,2.2403376,OWID,Poland
POL,1979,2.1712632,OWID,Poland
POL,1980,2.108422,OWID,Poland
POL,1981,2.0496016,OWID,Poland
POL,1982,1.9881669,OWID,Poland
POL,1983,1.9222916,OWID,Poland
POL,1984,1.8534908,OWID,Poland
POL,1985,1.7836856,OWID,Poland
POL,1986,1.7169758,OWID,Poland
POL,1987,1.6583112,OWID,Poland
POL,1988,1.6079912,OWID,Poland
POL,1989,1.5626316,OWID,Poland
POL,1990,1.5193942,OWID,Poland
POL,1991,1.4771264,OWID,Poland
POL,1992,1.437013,OWID,Poland
POL,1993,1.3935858,OWID,Poland
POL,1994,1.3339341,OWID,Poland
POL,1995,1.2484196,OWID,Poland
POL,1996,1.1461431,OWID,Poland
POL,1997,1.0424579,OWID,Poland
POL,1998,0.948215,OWID,Poland
POL,1999,0.86914843,OWID,Poland
POL,2000,0.8087327,OWID,Poland
POL,2001,0.76339173,OWID,Poland
POL,2002,0.72834337,OWID,Poland
POL,2003,0.69932103,OWID,Poland
POL,2004,0.67466694,OWID,Poland
POL,2005,0.65187424,OWID,Poland
POL,2006,0.6286085,OWID,Poland
POL,2007,0.60277236,OWID,Poland
POL,2008,0.57371956,OWID,Poland
POL,2009,0.5436201,OWID,Poland
POL,2010,0.51495254,OWID,Poland
POL,2011,0.48882085,OWID,Poland
POL,2012,0.46642184,OWID,Poland
POL,2013,0.4480874,OWID,Poland
POL,2014,0.43307656,OWID,Poland
POL,2015,0.4204884,OWID,Poland
POL,2016,0.4094178,OWID,Poland
POL,2017,0.39908725,OWID,Poland
POL,2018,0.38933584,OWID,Poland
POL,2019,0.38152352,OWID,Poland
POL,2020,0.3769408,OWID,Poland
POL,2021,0.3750543,OWID,Poland
POL,2022,0.37423757,OWID,Poland
POL,2023,0.37315816,OWID,Poland
PRT,1949,10.208134,OWID,Portugal
PRT,1950,9.943646,OWID,Portugal
PRT,1951,9.686186,OWID,Portugal
PRT,1952,9.45249,OWID,Portugal
PRT,1953,9.23594,OWID,Portugal
PRT,1954,9.049046,OWID,Portugal
PRT,1955,8.900066,OWID,Portugal
PRT,1956,8.785018,OWID,Portugal
PRT,1957,8.703946,OWID,Portugal
PRT,1958,8.636668,OWID,Portugal
PRT,1959,8.554921,OWID,Portugal
PRT,1960,8.422529,OWID,Portugal
PRT,1961,8.205879,OWID,Portugal
PRT,1962,7.875209,OWID,Portugal
PRT,1963,7.447544,OWID,Portugal
PRT,1964,7.012341,OWID,Portugal
PRT,1965,6.6446037,OWID,Portugal
PRT,1966,6.360268,OWID,Portugal
PRT,1967,6.1611705,OWID,Portugal
PRT,1968,6.011458,OWID,Portugal
PRT,1969,5.8233724,OWID,Portugal
PRT,1970,5.5281563,OWID,Portugal
PRT,1971,5.143465,OWID,Portugal
PRT,1972,4.733245,OWID,Portugal
PRT,1973,4.3345594,OWID,Portugal
PRT,1974,3.9529066,OWID,Portugal
PRT,1975,3.5922081,OWID,Portugal
PRT,1976,3.2574573,OWID,Portugal
PRT,1977,2.953027,OWID,Portugal
PRT,1978,2.6838543,OWID,Portugal
PRT,1979,2.4563134,OWID,Portugal
PRT,1980,2.2722747,OWID,Portugal
PRT,1981,2.122186,OWID,Portugal
PRT,1982,1.9893224,OWID,Portugal
PRT,1983,1.8672086,OWID,Portugal
PRT,1984,1.7537521,OWID,Portugal
PRT,1985,1.6498579,OWID,Portugal
PRT,1986,1.5510597,OWID,Portugal
PRT,1987,1.4525169,OWID,Portugal
PRT,1988,1.3521527,OWID,Portugal
PRT,1989,1.2521166,OWID,Portugal
PRT,1990,1.154227,OWID,Portugal
PRT,1991,1.0593209,OWID,Portugal
PRT,1992,0.9679554,OWID,Portugal
PRT,1993,0.88270056,OWID,Portugal
PRT,1994,0.8089293,OWID,Portugal
PRT,1995,0.7499359,OWID,Portugal
PRT,1996,0.70273364,OWID,Portugal
PRT,1997,0.6626638,OWID,Portugal
PRT,1998,0.6258396,OWID,Portugal
PRT,1999,0.58927995,OWID,Portugal
PRT,2000,0.5506128,OWID,Portugal
PRT,2001,0.51008826,OWID,Portugal
PRT,2002,0.46850562,OWID,Portugal
PRT,2003,0.42834547,OWID,Portugal
PRT,2004,0.39300847,OWID,Portugal
PRT,2005,0.36526802,OWID,Portugal
PRT,2006,0.34453392,OWID,Portugal
PRT,2007,0.3292997,OWID,Portugal
PRT,2008,0.31818157,OWID,Portugal
PRT,2009,0.3100139,OWID,Portugal
PRT,2010,0.3038248,OWID,Portugal
PRT,2011,0.29894683,OWID,Portugal
PRT,2012,0.29584187,OWID,Portugal
PRT,2013,0.29411593,OWID,Portugal
PRT,2014,0.2935483,OWID,Portugal
PRT,2015,0.29342958,OWID,Portugal
PRT,2016,0.29293543,OWID,Portugal
PRT,2017,0.29066238,OWID,Portugal
PRT,2018,0.28614172,OWID,Portugal
PRT,2019,0.28003532,OWID,Portugal
PRT,2020,0.27309266,OWID,Portugal
PRT,2021,0.26630446,OWID,Portugal
PRT,2022,0.26059526,OWID,Portugal
PRT,2023,0.25587982,OWID,Portugal
QAT,1969,5.725505,OWID,Qatar
QAT,1970,5.357519,OWID,Qatar
QAT,1971,5.01247,OWID,Qatar
QAT,1972,4.7000227,OWID,Qatar
QAT,1973,4.4046993,OWID,Qatar
QAT,1974,4.133643,OWID,Qatar
QAT,1975,3.8893883,OWID,Qatar
QAT,1976,3.6757884,OWID,Qatar
QAT,1977,3.484416,OWID,Qatar
QAT,1978,3.3086443,OWID,Qatar
QAT,1979,3.1455963,OWID,Qatar
QAT,1980,2.9963176,OWID,Qatar
QAT,1981,2.8593278,OWID,Qatar
QAT,1982,2.7300596,OWID,Qatar
QAT,1983,2.6046758,OWID,Qatar
QAT,1984,2.479216,OWID,Qatar
QAT,1985,2.3552384,OWID,Qatar
QAT,1986,2.2324493,OWID,Qatar
QAT,1987,2.1071775,OWID,Qatar
QAT,1988,1.9840368,OWID,Qatar
QAT,1989,1.8623759,OWID,Qatar
QAT,1990,1.7422556,OWID,Qatar
QAT,1991,1.6287894,OWID,Qatar
QAT,1992,1.5243104,OWID,Qatar
QAT,1993,1.4304583,OWID,Qatar
QAT,1994,1.348228,OWID,Qatar
QAT,1995,1.2790223,OWID,Qatar
QAT,1996,1.2200166,OWID,Qatar
QAT,1997,1.169694,OWID,Qatar
QAT,1998,1.1244646,OWID,Qatar
QAT,1999,1.0822521,OWID,Qatar
QAT,2000,1.041804,OWID,Qatar
QAT,2001,1.0025269,OWID,Qatar
QAT,2002,0.9646085,OWID,Qatar
QAT,2003,0.92923534,OWID,Qatar
QAT,2004,0.8958693,OWID,Qatar
QAT,2005,0.86549115,OWID,Qatar
QAT,2006,0.8378573,OWID,Qatar
QAT,2007,0.812805,OWID,Qatar
QAT,2008,0.7904878,OWID,Qatar
QAT,2009,0.7698642,OWID,Qatar
QAT,2010,0.7507666,OWID,Qatar
QAT,2011,0.73257905,OWID,Qatar
QAT,2012,0.7134265,OWID,Qatar
QAT,2013,0.6929074,OWID,Qatar
QAT,2014,0.66993093,OWID,Qatar
QAT,2015,0.64420986,OWID,Qatar
QAT,2016,0.6168211,OWID,Qatar
QAT,2017,0.58959705,OWID,Qatar
QAT,2018,0.56412405,OWID,Qatar
QAT,2019,0.5420357,OWID,Qatar
QAT,2020,0.5236687,OWID,Qatar
QAT,2021,0.50898516,OWID,Qatar
QAT,2022,0.49708313,OWID,Qatar
QAT,2023,0.4872761,OWID,Qatar
ROU,1955,8.39278,OWID,Romania
ROU,1956,8.279387,OWID,Romania
ROU,1957,8.206846,OWID,Romania
ROU,1958,8.130957,OWID,Romania
ROU,1959,7.9198613,OWID,Romania
ROU,1960,7.4641128,OWID,Romania
ROU,1961,6.770455,OWID,Romania
ROU,1962,5.930874,OWID,Romania
ROU,1963,5.1266446,OWID,Romania
ROU,1964,4.635854,OWID,Romania
ROU,1965,4.6258855,OWID,Romania
ROU,1966,4.957421,OWID,Romania
ROU,1967,5.3238444,OWID,Romania
ROU,1968,5.453887,OWID,Romania
ROU,1969,5.26761,OWID,Romania
ROU,1970,4.786266,OWID,Romania
ROU,1971,4.238148,OWID,Romania
ROU,1972,3.8676229,OWID,Romania
ROU,1973,3.7282925,OWID,Romania
ROU,1974,3.6548748,OWID,Romania
ROU,1975,3.5048766,OWID,Romania
ROU,1976,3.3007426,OWID,Romania
ROU,1977,3.130184,OWID,Romania
ROU,1978,3.0263195,OWID,Romania
ROU,1979,2.9463055,OWID,Romania
ROU,1980,2.8480291,OWID,Romania
ROU,1981,2.7258687,OWID,Romania
ROU,1982,2.588683,OWID,Romania
ROU,1983,2.4639368,OWID,Romania
ROU,1984,2.4070706,OWID,Romania
ROU,1985,2.4643528,OWID,Romania
ROU,1986,2.5906336,OWID,Romania
ROU,1987,2.6843195,OWID,Romania
ROU,1988,2.6739995,OWID,Romania
ROU,1989,2.5865293,OWID,Romania
ROU,1990,2.462258,OWID,Romania
ROU,1991,2.3422492,OWID,Romania
ROU,1992,2.2613626,OWID,Romania
ROU,1993,2.2312093,OWID,Romania
ROU,1994,2.225749,OWID,Romania
ROU,1995,2.2195268,OWID,Romania
ROU,1996,2.1920488,OWID,Romania
ROU,1997,2.1258008,OWID,Romania
ROU,1998,2.0222766,OWID,Romania
ROU,1999,1.9086081,OWID,Romania
ROU,2000,1.8098613,OWID,Romania
ROU,2001,1.7388179,OWID,Romania
ROU,2002,1.7011281,OWID,Romania
ROU,2003,1.6864426,OWID,Romania
ROU,2004,1.6495405,OWID,Romania
ROU,2005,1.5520986,OWID,Romania
ROU,2006,1.4174633,OWID,Romania
ROU,2007,1.2897365,OWID,Romania
ROU,2008,1.190473,OWID,Romania
ROU,2009,1.1141913,OWID,Romania
ROU,2010,1.0541186,OWID,Romania
ROU,2011,1.0023273,OWID,Romania
ROU,2012,0.9484888,OWID,Romania
ROU,2013,0.8892101,OWID,Romania
ROU,2014,0.82831264,OWID,Romania
ROU,2015,0.7692755,OWID,Romania
ROU,2016,0.71170676,OWID,Romania
ROU,2017,0.65392727,OWID,Romania
ROU,2018,0.59911495,OWID,Romania
ROU,2019,0.55829114,OWID,Romania
ROU,2020,0.5385304,OWID,Romania
ROU,2021,0.53474116,OWID,Romania
ROU,2022,0.537054,OWID,Romania
ROU,2023,0.5390404,OWID,Romania
RUS,1958,4.1736345,OWID,Russia
RUS,1959,3.8899124,OWID,Russia
RUS,1960,3.6287427,OWID,Russia
RUS,1961,3.3899314,OWID,Russia
RUS,1962,3.1769001,OWID,Russia
RUS,1963,2.9882119,OWID,Russia
RUS,1964,2.8235526,OWID,Russia
RUS,1965,2.6841936,OWID,Russia
RUS,1966,2.5676386,OWID,Russia
RUS,1967,2.4708009,OWID,Russia
RUS,1968,2.3937874,OWID,Russia
RUS,1969,2.332822,OWID,Russia
RUS,1970,2.2846215,OWID,Russia
RUS,1971,2.248613,OWID,Russia
RUS,1972,2.2225022,OWID,Russia
RUS,1973,2.2043567,OWID,Russia
RUS,1974,2.1931481,OWID,Russia
RUS,1975,2.188203,OWID,Russia
RUS,1976,2.186429,OWID,Russia
RUS,1977,2.1866007,OWID,Russia
RUS,1978,2.1858547,OWID,Russia
RUS,1979,2.1786077,OWID,Russia
RUS,1980,2.163889,OWID,Russia
RUS,1981,2.1432316,OWID,Russia
RUS,1982,2.1179993,OWID,Russia
RUS,1983,2.0866625,OWID,Russia
RUS,1984,2.0478003,OWID,Russia
RUS,1985,1.9999039,OWID,Russia
RUS,1986,1.9435475,OWID,Russia
RUS,1987,1.8803911,OWID,Russia
RUS,1988,1.8196416,OWID,Russia
RUS,1989,1.7724164,OWID,Russia
RUS,1990,1.7464732,OWID,Russia
RUS,1991,1.7405074,OWID,Russia
RUS,1992,1.7524018,OWID,Russia
RUS,1993,1.7720444,OWID,Russia
RUS,1994,1.7822202,OWID,Russia
RUS,1995,1.7739261,OWID,Russia
RUS,1996,1.7511997,OWID,Russia
RUS,1997,1.7194252,OWID,Russia
RUS,1998,1.6778758,OWID,Russia
RUS,1999,1.6238424,OWID,Russia
RUS,2000,1.5561255,OWID,Russia
RUS,2001,1.4754287,OWID,Russia
RUS,2002,1.3841503,OWID,Russia
RUS,2003,1.2881572,OWID,Russia
RUS,2004,1.1933873,OWID,Russia
RUS,2005,1.104467,OWID,Russia
RUS,2006,1.0240155,OWID,Russia
RUS,2007,0.95388263,OWID,Russia
RUS,2008,0.89716136,OWID,Russia
RUS,2009,0.8569347,OWID,Russia
RUS,2010,0.83149445,OWID,Russia
RUS,2011,0.81226623,OWID,Russia
RUS,2012,0.7906216,OWID,Russia
RUS,2013,0.7602613,OWID,Russia
RUS,2014,0.7176906,OWID,Russia
RUS,2015,0.66406566,OWID,Russia
RUS,2016,0.6082368,OWID,Russia
RUS,2017,0.55680394,OWID,Russia
RUS,2018,0.5116583,OWID,Russia
RUS,2019,0.47239384,OWID,Russia
RUS,2020,0.43854585,OWID,Russia
RUS,2021,0.40966928,OWID,Russia
RUS,2022,0.38570127,OWID,Russia
RUS,2023,0.3659559,OWID,Russia
RWA,1956,14.180848,OWID,Rwanda
RWA,1957,13.749327,OWID,Rwanda
RWA,1958,13.290346,OWID,Rwanda
RWA,1959,12.850834,OWID,Rwanda
RWA,1960,12.444628,OWID,Rwanda
RWA,1961,12.07136,OWID,Rwanda
RWA,1962,11.794255,OWID,Rwanda
RWA,1963,11.585904,OWID,Rwanda
RWA,1964,11.438375,OWID,Rwanda
RWA,1965,11.345477,OWID,Rwanda
RWA,1966,11.318934,OWID,Rwanda
RWA,1967,11.365428,OWID,Rwanda
RWA,1968,11.441431,OWID,Rwanda
RWA,1969,11.525148,OWID,Rwanda
RWA,1970,11.623298,OWID,Rwanda
RWA,1971,11.74554,OWID,Rwanda
RWA,1972,11.896807,OWID,Rwanda
RWA,1973,12.113566,OWID,Rwanda
RWA,1974,12.416928,OWID,Rwanda
RWA,1975,12.746137,OWID,Rwanda
RWA,1976,12.997183,OWID,Rwanda
RWA,1977,13.061766,OWID,Rwanda
RWA,1978,12.854512,OWID,Rwanda
RWA,1979,12.319874,OWID,Rwanda
RWA,1980,11.588008,OWID,Rwanda
RWA,1981,10.790079,OWID,Rwanda
RWA,1982,10.071485,OWID,Rwanda
RWA,1983,9.512985,OWID,Rwanda
RWA,1984,9.161329,OWID,Rwanda
RWA,1985,8.960891,OWID,Rwanda
RWA,1986,8.781966,OWID,Rwanda
RWA,1987,8.579923,OWID,Rwanda
RWA,1988,8.431675,OWID,Rwanda
RWA,1989,8.424686,OWID,Rwanda
RWA,1990,8.638056,OWID,Rwanda
RWA,1991,9.158793,OWID,Rwanda
RWA,1992,10.036255,OWID,Rwanda
RWA,1993,11.074207,OWID,Rwanda
RWA,1994,21.21738,OWID,Rwanda
RWA,1995,12.565026,OWID,Rwanda
RWA,1996,12.801778,OWID,Rwanda
RWA,1997,12.798562,OWID,Rwanda
RWA,1998,12.432867,OWID,Rwanda
RWA,1999,11.715328,OWID,Rwanda
RWA,2000,10.788241,OWID,Rwanda
RWA,2001,9.795966,OWID,Rwanda
RWA,2002,8.833182,OWID,Rwanda
RWA,2003,7.9505787,OWID,Rwanda
RWA,2004,7.1062484,OWID,Rwanda
RWA,2005,6.3945765,OWID,Rwanda
RWA,2006,5.7922525,OWID,Rwanda
RWA,2007,5.30398,OWID,Rwanda
RWA,2008,4.877749,OWID,Rwanda
RWA,2009,4.536521,OWID,Rwanda
RWA,2010,4.220655,OWID,Rwanda
RWA,2011,3.9009624,OWID,Rwanda
RWA,2012,3.7185245,OWID,Rwanda
RWA,2013,3.5713847,OWID,Rwanda
RWA,2014,3.4629543,OWID,Rwanda
RWA,2015,3.3745952,OWID,Rwanda
RWA,2016,3.3084457,OWID,Rwanda
RWA,2017,3.2626626,OWID,Rwanda
RWA,2018,3.2243147,OWID,Rwanda
RWA,2019,3.1828263,OWID,Rwanda
RWA,2020,3.1463962,OWID,Rwanda
RWA,2021,3.1147144,OWID,Rwanda
RWA,2022,3.0843654,OWID,Rwanda
RWA,2023,3.0479224,OWID,Rwanda
KNA,1973,5.0299964,OWID,Saint Kitts and Nevis
KNA,1974,4.9310355,OWID,Saint Kitts and Nevis
KNA,1975,4.836174,OWID,Saint Kitts and Nevis
KNA,1976,4.7375154,OWID,Saint Kitts and Nevis
KNA,1977,4.632647,OWID,Saint Kitts and Nevis
KNA,1978,4.5066643,OWID,Saint Kitts and Nevis
KNA,1979,4.355156,OWID,Saint Kitts and Nevis
KNA,1980,4.1710057,OWID,Saint Kitts and Nevis
KNA,1981,3.9649186,OWID,Saint Kitts and Nevis
KNA,1982,3.740333,OWID,Saint Kitts and Nevis
KNA,1983,3.5195818,OWID,Saint Kitts and Nevis
KNA,1984,3.308375,OWID,Saint Kitts and Nevis
KNA,1985,3.1171157,OWID,Saint Kitts and Nevis
KNA,1986,2.9506416,OWID,Saint Kitts and Nevis
KNA,1987,2.8110373,OWID,Saint Kitts and Nevis
KNA,1988,2.6966379,OWID,Saint Kitts and Nevis
KNA,1989,2.5994778,OWID,Saint Kitts and Nevis
KNA,1990,2.5255249,OWID,Saint Kitts and Nevis
KNA,1991,2.4673586,OWID,Saint Kitts and Nevis
KNA,1992,2.4205403,OWID,Saint Kitts and Nevis
KNA,1993,2.3837125,OWID,Saint Kitts and Nevis
KNA,1994,2.349558,OWID,Saint Kitts and Nevis
KNA,1995,2.3127627,OWID,Saint Kitts and Nevis
KNA,1996,2.269824,OWID,Saint Kitts and Nevis
KNA,1997,2.2202494,OWID,Saint Kitts and Nevis
KNA,1998,2.1605902,OWID,Saint Kitts and Nevis
KNA,1999,2.0917668,OWID,Saint Kitts and Nevis
KNA,2000,2.0159013,OWID,Saint Kitts and Nevis
KNA,2001,1.9379351,OWID,Saint Kitts and Nevis
KNA,2002,1.8620267,OWID,Saint Kitts and Nevis
KNA,2003,1.7912024,OWID,Saint Kitts and Nevis
KNA,2004,1.7277,OWID,Saint Kitts and Nevis
KNA,2005,1.6790664,OWID,Saint Kitts and Nevis
KNA,2006,1.6414523,OWID,Saint Kitts and Nevis
KNA,2007,1.6168584,OWID,Saint Kitts and Nevis
KNA,2008,1.6065781,OWID,Saint Kitts and Nevis
KNA,2009,1.6071932,OWID,Saint Kitts and Nevis
KNA,2010,1.6144906,OWID,Saint Kitts and Nevis
KNA,2011,1.6305251,OWID,Saint Kitts and Nevis
KNA,2012,1.6483563,OWID,Saint Kitts and Nevis
KNA,2013,1.6695453,OWID,Saint Kitts and Nevis
KNA,2014,1.6860421,OWID,Saint Kitts and Nevis
KNA,2015,1.6869295,OWID,Saint Kitts and Nevis
KNA,2016,1.6721667,OWID,Saint Kitts and Nevis
KNA,2017,1.6491072,OWID,Saint Kitts and Nevis
KNA,2018,1.6231495,OWID,Saint Kitts and Nevis
KNA,2019,1.5908111,OWID,Saint Kitts and Nevis
KNA,2020,1.5508442,OWID,Saint Kitts and Nevis
KNA,2021,1.5089034,OWID,Saint Kitts and Nevis
KNA,2022,1.4687439,OWID,Saint Kitts and Nevis
KNA,2023,1.4289854,OWID,Saint Kitts and Nevis
LCA,1950,10.099643,OWID,Saint Lucia
LCA,1951,10.046959,OWID,Saint Lucia
LCA,1952,9.98164,OWID,Saint Lucia
LCA,1953,9.924028,OWID,Saint Lucia
LCA,1954,9.849377,OWID,Saint Lucia
LCA,1955,9.759942,OWID,Saint Lucia
LCA,1956,9.6497,OWID,Saint Lucia
LCA,1957,9.517913,OWID,Saint Lucia
LCA,1958,9.3508625,OWID,Saint Lucia
LCA,1959,9.150478,OWID,Saint Lucia
LCA,1960,8.914713,OWID,Saint Lucia
LCA,1961,8.641578,OWID,Saint Lucia
LCA,1962,8.329984,OWID,Saint Lucia
LCA,1963,7.98407,OWID,Saint Lucia
LCA,1964,7.611801,OWID,Saint Lucia
LCA,1965,7.220793,OWID,Saint Lucia
LCA,1966,6.818468,OWID,Saint Lucia
LCA,1967,6.4104915,OWID,Saint Lucia
LCA,1968,6.006703,OWID,Saint Lucia
LCA,1969,5.6049848,OWID,Saint Lucia
LCA,1970,5.2168307,OWID,Saint Lucia
LCA,1971,4.8445306,OWID,Saint Lucia
LCA,1972,4.49149,OWID,Saint Lucia
LCA,1973,4.156213,OWID,Saint Lucia
LCA,1974,3.8452303,OWID,Saint Lucia
LCA,1975,3.5589921,OWID,Saint Lucia
LCA,1976,3.298658,OWID,Saint Lucia
LCA,1977,3.0661342,OWID,Saint Lucia
LCA,1978,2.860655,OWID,Saint Lucia
LCA,1979,2.6777947,OWID,Saint Lucia
LCA,1980,2.517705,OWID,Saint Lucia
LCA,1981,2.377007,OWID,Saint Lucia
LCA,1982,2.2538512,OWID,Saint Lucia
LCA,1983,2.1478646,OWID,Saint Lucia
LCA,1984,2.0568922,OWID,Saint Lucia
LCA,1985,1.9779139,OWID,Saint Lucia
LCA,1986,1.9104737,OWID,Saint Lucia
LCA,1987,1.8531969,OWID,Saint Lucia
LCA,1988,1.8053967,OWID,Saint Lucia
LCA,1989,1.7649217,OWID,Saint Lucia
LCA,1990,1.7315242,OWID,Saint Lucia
LCA,1991,1.7030673,OWID,Saint Lucia
LCA,1992,1.6791128,OWID,Saint Lucia
LCA,1993,1.6589279,OWID,Saint Lucia
LCA,1994,1.6420854,OWID,Saint Lucia
LCA,1995,1.627617,OWID,Saint Lucia
LCA,1996,1.6161622,OWID,Saint Lucia
LCA,1997,1.607308,OWID,Saint Lucia
LCA,1998,1.6004001,OWID,Saint Lucia
LCA,1999,1.5955831,OWID,Saint Lucia
LCA,2000,1.5928384,OWID,Saint Lucia
LCA,2001,1.5921173,OWID,Saint Lucia
LCA,2002,1.5927497,OWID,Saint Lucia
LCA,2003,1.5947872,OWID,Saint Lucia
LCA,2004,1.5975263,OWID,Saint Lucia
LCA,2005,1.601189,OWID,Saint Lucia
LCA,2006,1.6039193,OWID,Saint Lucia
LCA,2007,1.6058557,OWID,Saint Lucia
LCA,2008,1.6067514,OWID,Saint Lucia
LCA,2009,1.6057293,OWID,Saint Lucia
LCA,2010,1.6033124,OWID,Saint Lucia
LCA,2011,1.5987092,OWID,Saint Lucia
LCA,2012,1.5932993,OWID,Saint Lucia
LCA,2013,1.5857322,OWID,Saint Lucia
LCA,2014,1.5763248,OWID,Saint Lucia
LCA,2015,1.5647347,OWID,Saint Lucia
LCA,2016,1.5508894,OWID,Saint Lucia
LCA,2017,1.5362008,OWID,Saint Lucia
LCA,2018,1.5207406,OWID,Saint Lucia
LCA,2019,1.5029454,OWID,Saint Lucia
LCA,2020,1.4843261,OWID,Saint Lucia
LCA,2021,1.464676,OWID,Saint Lucia
LCA,2022,1.4447082,OWID,Saint Lucia
LCA,2023,1.4253898,OWID,Saint Lucia
VCT,1969,4.2763667,OWID,Saint Vincent and the Grenadines
VCT,1970,4.6043835,OWID,Saint Vincent and the Grenadines
VCT,1971,4.9477935,OWID,Saint Vincent and the Grenadines
VCT,1972,5.2813897,OWID,Saint Vincent and the Grenadines
VCT,1973,5.574501,OWID,Saint Vincent and the Grenadines
VCT,1974,5.7741623,OWID,Saint Vincent and the Grenadines
VCT,1975,5.817378,OWID,Saint Vincent and the Grenadines
VCT,1976,5.680074,OWID,Saint Vincent and the Grenadines
VCT,1977,5.39814,OWID,Saint Vincent and the Grenadines
VCT,1978,5.0214643,OWID,Saint Vincent and the Grenadines
VCT,1979,4.6043468,OWID,Saint Vincent and the Grenadines
VCT,1980,4.18748,OWID,Saint Vincent and the Grenadines
VCT,1981,3.799704,OWID,Saint Vincent and the Grenadines
VCT,1982,3.44381,OWID,Saint Vincent and the Grenadines
VCT,1983,3.1195898,OWID,Saint Vincent and the Grenadines
VCT,1984,2.8361516,OWID,Saint Vincent and the Grenadines
VCT,1985,2.595351,OWID,Saint Vincent and the Grenadines
VCT,1986,2.400503,OWID,Saint Vincent and the Grenadines
VCT,1987,2.243824,OWID,Saint Vincent and the Grenadines
VCT,1988,2.1242406,OWID,Saint Vincent and the Grenadines
VCT,1989,2.033212,OWID,Saint Vincent and the Grenadines
VCT,1990,1.9676143,OWID,Saint Vincent and the Grenadines
VCT,1991,1.921947,OWID,Saint Vincent and the Grenadines
VCT,1992,1.8933598,OWID,Saint Vincent and the Grenadines
VCT,1993,1.8798552,OWID,Saint Vincent and the Grenadines
VCT,1994,1.879911,OWID,Saint Vincent and the Grenadines
VCT,1995,1.8897722,OWID,Saint Vincent and the Grenadines
VCT,1996,1.9050364,OWID,Saint Vincent and the Grenadines
VCT,1997,1.9212304,OWID,Saint Vincent and the Grenadines
VCT,1998,1.9357013,OWID,Saint Vincent and the Grenadines
VCT,1999,1.9451511,OWID,Saint Vincent and the Grenadines
VCT,2000,1.9532931,OWID,Saint Vincent and the Grenadines
VCT,2001,1.9607165,OWID,Saint Vincent and the Grenadines
VCT,2002,1.9659889,OWID,Saint Vincent and the Grenadines
VCT,2003,1.9765055,OWID,Saint Vincent and the Grenadines
VCT,2004,1.9880869,OWID,Saint Vincent and the Grenadines
VCT,2005,2.0009308,OWID,Saint Vincent and the Grenadines
VCT,2006,2.010402,OWID,Saint Vincent and the Grenadines
VCT,2007,2.0121734,OWID,Saint Vincent and the Grenadines
VCT,2008,1.9998819,OWID,Saint Vincent and the Grenadines
VCT,2009,1.9709523,OWID,Saint Vincent and the Grenadines
VCT,2010,1.9253356,OWID,Saint Vincent and the Grenadines
VCT,2011,1.8633786,OWID,Saint Vincent and the Grenadines
VCT,2012,1.7919781,OWID,Saint Vincent and the Grenadines
VCT,2013,1.7115742,OWID,Saint Vincent and the Grenadines
VCT,2014,1.6267865,OWID,Saint Vincent and the Grenadines
VCT,2015,1.5388194,OWID,Saint Vincent and the Grenadines
VCT,2016,1.4504101,OWID,Saint Vincent and the Grenadines
VCT,2017,1.3642166,OWID,Saint Vincent and the Grenadines
VCT,2018,1.2807497,OWID,Saint Vincent and the Grenadines
VCT,2019,1.2025841,OWID,Saint Vincent and the Grenadines
VCT,2020,1.1352073,OWID,Saint Vincent and the Grenadines
VCT,2021,1.0766968,OWID,Saint Vincent and the Grenadines
VCT,2022,1.028538,OWID,Saint Vincent and the Grenadines
VCT,2023,0.98598176,OWID,Saint Vincent and the Grenadines
WSM,1940,13.286918,OWID,Samoa
WSM,1941,13.058844,OWID,Samoa
WSM,1942,12.835645,OWID,Samoa
WSM,1943,12.617967,OWID,Samoa
WSM,1944,12.405348,OWID,Samoa
WSM,1945,12.195383,OWID,Samoa
WSM,1946,11.977433,OWID,Samoa
WSM,1947,11.75474,OWID,Samoa
WSM,1948,11.524098,OWID,Samoa
WSM,1949,11.2831545,OWID,Samoa
WSM,1950,11.023535,OWID,Samoa
WSM,1951,10.739363,OWID,Samoa
WSM,1952,10.445161,OWID,Samoa
WSM,1953,10.133889,OWID,Samoa
WSM,1954,9.809179,OWID,Samoa
WSM,1955,9.482338,OWID,Samoa
WSM,1956,9.141485,OWID,Samoa
WSM,1957,8.8017,OWID,Samoa
WSM,1958,8.471651,OWID,Samoa
WSM,1959,8.150577,OWID,Samoa
WSM,1960,7.8395987,OWID,Samoa
WSM,1961,7.5538993,OWID,Samoa
WSM,1962,7.2845426,OWID,Samoa
WSM,1963,7.0346303,OWID,Samoa
WSM,1964,7.5075397,OWID,Samoa
WSM,1965,6.5771303,OWID,Samoa
WSM,1966,6.3503604,OWID,Samoa
WSM,1967,6.114691,OWID,Samoa
WSM,1968,5.868749,OWID,Samoa
WSM,1969,5.617697,OWID,Samoa
WSM,1970,5.3688316,OWID,Samoa
WSM,1971,5.1225157,OWID,Samoa
WSM,1972,4.8835506,OWID,Samoa
WSM,1973,4.6551685,OWID,Samoa
WSM,1974,4.4360337,OWID,Samoa
WSM,1975,4.22811,OWID,Samoa
WSM,1976,4.0244293,OWID,Samoa
WSM,1977,3.8277752,OWID,Samoa
WSM,1978,3.642457,OWID,Samoa
WSM,1979,3.4731147,OWID,Samoa
WSM,1980,3.3159213,OWID,Samoa
WSM,1981,3.1766768,OWID,Samoa
WSM,1982,3.0471559,OWID,Samoa
WSM,1983,2.9274733,OWID,Samoa
WSM,1984,2.8136356,OWID,Samoa
WSM,1985,2.7068434,OWID,Samoa
WSM,1986,2.6054766,OWID,Samoa
WSM,1987,2.5153306,OWID,Samoa
WSM,1988,2.4291115,OWID,Samoa
WSM,1989,2.351419,OWID,Samoa
WSM,1990,2.2791617,OWID,Samoa
WSM,1991,2.2104409,OWID,Samoa
WSM,1992,2.1415153,OWID,Samoa
WSM,1993,2.0730274,OWID,Samoa
WSM,1994,2.0029202,OWID,Samoa
WSM,1995,1.9358059,OWID,Samoa
WSM,1996,1.8728089,OWID,Samoa
WSM,1997,1.8110694,OWID,Samoa
WSM,1998,1.7503968,OWID,Samoa
WSM,1999,1.6918286,OWID,Samoa
WSM,2000,1.636625,OWID,Samoa
WSM,2001,1.5908577,OWID,Samoa
WSM,2002,1.5531805,OWID,Samoa
WSM,2003,1.5267653,OWID,Samoa
WSM,2004,1.5099096,OWID,Samoa
WSM,2005,1.5046202,OWID,Samoa
WSM,2006,1.5066074,OWID,Samoa
WSM,2007,1.5116316,OWID,Samoa
WSM,2008,1.5194297,OWID,Samoa
WSM,2009,1.7383548,OWID,Samoa
WSM,2010,1.5269041,OWID,Samoa
WSM,2011,1.5228695,OWID,Samoa
WSM,2012,1.5146894,OWID,Samoa
WSM,2013,1.5043567,OWID,Samoa
WSM,2014,1.4910337,OWID,Samoa
WSM,2015,1.4794714,OWID,Samoa
WSM,2016,1.4675281,OWID,Samoa
WSM,2017,1.4535286,OWID,Samoa
WSM,2018,1.4338673,OWID,Samoa
WSM,2019,1.4940505,OWID,Samoa
WSM,2020,1.3761034,OWID,Samoa
WSM,2021,1.3439019,OWID,Samoa
WSM,2022,1.3113652,OWID,Samoa
WSM,2023,1.2760458,OWID,Samoa
SMR,1985,1.675389,OWID,San Marino
SMR,1986,1.5430719,OWID,San Marino
SMR,1987,1.4144917,OWID,San Marino
SMR,1988,1.3029519,OWID,San Marino
SMR,1989,1.2005247,OWID,San Marino
SMR,1990,1.1082864,OWID,San Marino
SMR,1991,1.0212976,OWID,San Marino
SMR,1992,0.9408947,OWID,San Marino
SMR,1993,0.86836934,OWID,San Marino
SMR,1994,0.8000931,OWID,San Marino
SMR,1995,0.7388368,OWID,San Marino
SMR,1996,0.68165326,OWID,San Marino
SMR,1997,0.6315016,OWID,San Marino
SMR,1998,0.5836976,OWID,San Marino
SMR,1999,0.539736,OWID,San Marino
SMR,2000,0.49924204,OWID,San Marino
SMR,2001,0.46251658,OWID,San Marino
SMR,2002,0.4294933,OWID,San Marino
SMR,2003,0.39811534,OWID,San Marino
SMR,2004,0.37071636,OWID,San Marino
SMR,2005,0.34619296,OWID,San Marino
SMR,2006,0.32376614,OWID,San Marino
SMR,2007,0.30362937,OWID,San Marino
SMR,2008,0.28488412,OWID,San Marino
SMR,2009,0.26838064,OWID,San Marino
SMR,2010,0.25261444,OWID,San Marino
SMR,2011,0.23928262,OWID,San Marino
SMR,2012,0.22595756,OWID,San Marino
SMR,2013,0.21395466,OWID,San Marino
SMR,2014,0.20302328,OWID,San Marino
SMR,2015,0.19267434,OWID,San Marino
SMR,2016,0.18351656,OWID,San Marino
SMR,2017,0.17450857,OWID,San Marino
SMR,2018,0.16665149,OWID,San Marino
SMR,2019,0.15935917,OWID,San Marino
SMR,2020,0.15318099,OWID,San Marino
SMR,2021,0.14709653,OWID,San Marino
SMR,2022,0.1413644,OWID,San Marino
SMR,2023,0.13668369,OWID,San Marino
STP,1965,5.5470257,OWID,Sao Tome and Principe
STP,1966,5.388812,OWID,Sao Tome and Principe
STP,1967,5.249472,OWID,Sao Tome and Principe
STP,1968,5.13449,OWID,Sao Tome and Principe
STP,1969,5.0583315,OWID,Sao Tome and Principe
STP,1970,5.0219107,OWID,Sao Tome and Principe
STP,1971,5.0227013,OWID,Sao Tome and Principe
STP,1972,5.0488524,OWID,Sao Tome and Principe
STP,1973,5.089292,OWID,Sao Tome and Principe
STP,1974,5.1364765,OWID,Sao Tome and Principe
STP,1975,5.1822605,OWID,Sao Tome and Principe
STP,1976,5.213518,OWID,Sao Tome and Principe
STP,1977,5.239765,OWID,Sao Tome and Principe
STP,1978,5.2675285,OWID,Sao Tome and Principe
STP,1979,5.3079376,OWID,Sao Tome and Principe
STP,1980,5.3617206,OWID,Sao Tome and Principe
STP,1981,5.4371743,OWID,Sao Tome and Principe
STP,1982,5.53585,OWID,Sao Tome and Principe
STP,1983,5.6620674,OWID,Sao Tome and Principe
STP,1984,5.8009963,OWID,Sao Tome and Principe
STP,1985,5.945771,OWID,Sao Tome and Principe
STP,1986,6.4546266,OWID,Sao Tome and Principe
STP,1987,6.2107077,OWID,Sao Tome and Principe
STP,1988,6.320947,OWID,Sao Tome and Principe
STP,1989,6.4192433,OWID,Sao Tome and Principe
STP,1990,6.5006323,OWID,Sao Tome and Principe
STP,1991,6.560224,OWID,Sao Tome and Principe
STP,1992,6.58278,OWID,Sao Tome and Principe
STP,1993,6.559208,OWID,Sao Tome and Principe
STP,1994,6.490065,OWID,Sao Tome and Principe
STP,1995,6.36136,OWID,Sao Tome and Principe
STP,1996,6.18385,OWID,Sao Tome and Principe
STP,1997,5.9524674,OWID,Sao Tome and Principe
STP,1998,5.6908054,OWID,Sao Tome and Principe
STP,1999,5.395287,OWID,Sao Tome and Principe
STP,2000,5.0744686,OWID,Sao Tome and Principe
STP,2001,4.7470207,OWID,Sao Tome and Principe
STP,2002,4.41602,OWID,Sao Tome and Principe
STP,2003,4.0962076,OWID,Sao Tome and Principe
STP,2004,3.784171,OWID,Sao Tome and Principe
STP,2005,3.4930363,OWID,Sao Tome and Principe
STP,2006,3.2173166,OWID,Sao Tome and Principe
STP,2007,2.9633968,OWID,Sao Tome and Principe
STP,2008,2.733876,OWID,Sao Tome and Principe
STP,2009,2.5186884,OWID,Sao Tome and Principe
STP,2010,2.322772,OWID,Sao Tome and Principe
STP,2011,2.1406157,OWID,Sao Tome and Principe
STP,2012,1.9654082,OWID,Sao Tome and Principe
STP,2013,1.8004029,OWID,Sao Tome and Principe
STP,2014,1.6520568,OWID,Sao Tome and Principe
STP,2015,1.5118763,OWID,Sao Tome and Principe
STP,2016,1.3889319,OWID,Sao Tome and Principe
STP,2017,1.2850547,OWID,Sao Tome and Principe
STP,2018,1.1989841,OWID,Sao Tome and Principe
STP,2019,1.1299834,OWID,Sao Tome and Principe
STP,2020,1.0712318,OWID,Sao Tome and Principe
STP,2021,1.023245,OWID,Sao Tome and Principe
STP,2022,0.981549,OWID,Sao Tome and Principe
STP,2023,0.9413898,OWID,Sao Tome and Principe
SAU,1972,14.701921,OWID,Saudi Arabia
SAU,1973,13.737094,OWID,Saudi Arabia
SAU,1974,12.849313,OWID,Saudi Arabia
SAU,1975,12.00033,OWID,Saudi Arabia
SAU,1976,11.21769,OWID,Saudi Arabia
SAU,1977,10.487494,OWID,Saudi Arabia
SAU,1978,9.789014,OWID,Saudi Arabia
SAU,1979,9.146236,OWID,Saudi Arabia
SAU,1980,8.541178,OWID,Saudi Arabia
SAU,1981,7.961025,OWID,Saudi Arabia
SAU,1982,7.423519,OWID,Saudi Arabia
SAU,1983,6.916005,OWID,Saudi Arabia
SAU,1984,6.433745,OWID,Saudi Arabia
SAU,1985,5.9845953,OWID,Saudi Arabia
SAU,1986,5.5492573,OWID,Saudi Arabia
SAU,1987,5.134903,OWID,Saudi Arabia
SAU,1988,4.743268,OWID,Saudi Arabia
SAU,1989,4.3846693,OWID,Saudi Arabia
SAU,1990,4.053257,OWID,Saudi Arabia
SAU,1991,3.748046,OWID,Saudi Arabia
SAU,1992,3.4716332,OWID,Saudi Arabia
SAU,1993,3.2218366,OWID,Saudi Arabia
SAU,1994,2.9888418,OWID,Saudi Arabia
SAU,1995,2.7829394,OWID,Saudi Arabia
SAU,1996,2.592003,OWID,Saudi Arabia
SAU,1997,2.4212418,OWID,Saudi Arabia
SAU,1998,2.26354,OWID,Saudi Arabia
SAU,1999,2.1198485,OWID,Saudi Arabia
SAU,2000,1.989828,OWID,Saudi Arabia
SAU,2001,1.8690149,OWID,Saudi Arabia
SAU,2002,1.757033,OWID,Saudi Arabia
SAU,2003,1.6515043,OWID,Saudi Arabia
SAU,2004,1.5506119,OWID,Saudi Arabia
SAU,2005,1.4579862,OWID,Saudi Arabia
SAU,2006,1.3682647,OWID,Saudi Arabia
SAU,2007,1.2816046,OWID,Saudi Arabia
SAU,2008,1.197629,OWID,Saudi Arabia
SAU,2009,1.1183138,OWID,Saudi Arabia
SAU,2010,1.0435045,OWID,Saudi Arabia
SAU,2011,0.9735373,OWID,Saudi Arabia
SAU,2012,0.907226,OWID,Saudi Arabia
SAU,2013,0.84650946,OWID,Saudi Arabia
SAU,2014,0.7903167,OWID,Saudi Arabia
SAU,2015,0.7383019,OWID,Saudi Arabia
SAU,2016,0.6899252,OWID,Saudi Arabia
SAU,2017,0.6457306,OWID,Saudi Arabia
SAU,2018,0.6078382,OWID,Saudi Arabia
SAU,2019,0.5767741,OWID,Saudi Arabia
SAU,2020,0.55021054,OWID,Saudi Arabia
SAU,2021,0.5271063,OWID,Saudi Arabia
SAU,2022,0.5070556,OWID,Saudi Arabia
SAU,2023,0.48824596,OWID,Saudi Arabia
SEN,1944,19.397058,OWID,Senegal
SEN,1945,18.888798,OWID,Senegal
SEN,1946,18.371727,OWID,Senegal
SEN,1947,17.841621,OWID,Senegal
SEN,1948,17.328117,OWID,Senegal
SEN,1949,16.826385,OWID,Senegal
SEN,1950,16.332083,OWID,Senegal
SEN,1951,15.839252,OWID,Senegal
SEN,1952,15.363795,OWID,Senegal
SEN,1953,14.89592,OWID,Senegal
SEN,1954,14.452321,OWID,Senegal
SEN,1955,14.011195,OWID,Senegal
SEN,1956,13.6431465,OWID,Senegal
SEN,1957,13.308732,OWID,Senegal
SEN,1958,13.0200815,OWID,Senegal
SEN,1959,12.784328,OWID,Senegal
SEN,1960,12.606392,OWID,Senegal
SEN,1961,12.498102,OWID,Senegal
SEN,1962,12.430771,OWID,Senegal
SEN,1963,12.382845,OWID,Senegal
SEN,1964,12.358569,OWID,Senegal
SEN,1965,12.335435,OWID,Senegal
SEN,1966,12.308754,OWID,Senegal
SEN,1967,12.281141,OWID,Senegal
SEN,1968,12.244958,OWID,Senegal
SEN,1969,12.213405,OWID,Senegal
SEN,1970,12.1567955,OWID,Senegal
SEN,1971,12.060376,OWID,Senegal
SEN,1972,11.927361,OWID,Senegal
SEN,1973,11.748241,OWID,Senegal
SEN,1974,11.533126,OWID,Senegal
SEN,1975,11.262462,OWID,Senegal
SEN,1976,10.935542,OWID,Senegal
SEN,1977,10.571472,OWID,Senegal
SEN,1978,10.227288,OWID,Senegal
SEN,1979,9.921896,OWID,Senegal
SEN,1980,9.670346,OWID,Senegal
SEN,1981,9.472984,OWID,Senegal
SEN,1982,9.30273,OWID,Senegal
SEN,1983,9.120083,OWID,Senegal
SEN,1984,8.893247,OWID,Senegal
SEN,1985,8.61347,OWID,Senegal
SEN,1986,8.279723,OWID,Senegal
SEN,1987,7.9356475,OWID,Senegal
SEN,1988,7.6385055,OWID,Senegal
SEN,1989,7.4211226,OWID,Senegal
SEN,1990,7.287955,OWID,Senegal
SEN,1991,7.2459364,OWID,Senegal
SEN,1992,7.276757,OWID,Senegal
SEN,1993,7.355842,OWID,Senegal
SEN,1994,7.457001,OWID,Senegal
SEN,1995,7.563221,OWID,Senegal
SEN,1996,7.6575866,OWID,Senegal
SEN,1997,7.707685,OWID,Senegal
SEN,1998,7.6953793,OWID,Senegal
SEN,1999,7.5924025,OWID,Senegal
SEN,2000,7.377576,OWID,Senegal
SEN,2001,7.042002,OWID,Senegal
SEN,2002,6.624675,OWID,Senegal
SEN,2003,6.1791325,OWID,Senegal
SEN,2004,5.748305,OWID,Senegal
SEN,2005,5.353138,OWID,Senegal
SEN,2006,5.0074086,OWID,Senegal
SEN,2007,4.7206826,OWID,Senegal
SEN,2008,4.488095,OWID,Senegal
SEN,2009,4.3016267,OWID,Senegal
SEN,2010,4.15137,OWID,Senegal
SEN,2011,4.028071,OWID,Senegal
SEN,2012,3.9282434,OWID,Senegal
SEN,2013,3.8504117,OWID,Senegal
SEN,2014,3.7875195,OWID,Senegal
SEN,2015,3.734603,OWID,Senegal
SEN,2016,3.687583,OWID,Senegal
SEN,2017,3.6368535,OWID,Senegal
SEN,2018,3.5739157,OWID,Senegal
SEN,2019,3.4928968,OWID,Senegal
SEN,2020,3.389746,OWID,Senegal
SEN,2021,3.2710593,OWID,Senegal
SEN,2022,3.1430256,OWID,Senegal
SEN,2023,3.020778,OWID,Senegal
SRB,1984,3.4695816,OWID,Serbia
SRB,1985,3.3573666,OWID,Serbia
SRB,1986,3.2403164,OWID,Serbia
SRB,1987,3.0853333,OWID,Serbia
SRB,1988,2.8918421,OWID,Serbia
SRB,1989,2.6750531,OWID,Serbia
SRB,1990,2.4576025,OWID,Serbia
SRB,1991,2.2613404,OWID,Serbia
SRB,1992,2.1073112,OWID,Serbia
SRB,1993,1.9876174,OWID,Serbia
SRB,1994,1.8595927,OWID,Serbia
SRB,1995,1.6921079,OWID,Serbia
SRB,1996,1.5093824,OWID,Serbia
SRB,1997,1.3513827,OWID,Serbia
SRB,1998,1.2332934,OWID,Serbia
SRB,1999,1.1498139,OWID,Serbia
SRB,2000,1.092467,OWID,Serbia
SRB,2001,1.0447099,OWID,Serbia
SRB,2002,0.98662776,OWID,Serbia
SRB,2003,0.9131077,OWID,Serbia
SRB,2004,0.84052265,OWID,Serbia
SRB,2005,0.78092754,OWID,Serbia
SRB,2006,0.7371354,OWID,Serbia
SRB,2007,0.70730793,OWID,Serbia
SRB,2008,0.6879573,OWID,Serbia
SRB,2009,0.6723224,OWID,Serbia
SRB,2010,0.6551475,OWID,Serbia
SRB,2011,0.6350455,OWID,Serbia
SRB,2012,0.61262405,OWID,Serbia
SRB,2013,0.58924735,OWID,Serbia
SRB,2014,0.56573635,OWID,Serbia
SRB,2015,0.54369307,OWID,Serbia
SRB,2016,0.523757,OWID,Serbia
SRB,2017,0.50761795,OWID,Serbia
SRB,2018,0.4950417,OWID,Serbia
SRB,2019,0.48413745,OWID,Serbia
SRB,2020,0.47285298,OWID,Serbia
SRB,2021,0.4620382,OWID,Serbia
SRB,2022,0.45290336,OWID,Serbia
SRB,2023,0.4457808,OWID,Serbia
SYC,1943,9.214507,OWID,Seychelles
SYC,1944,9.142418,OWID,Seychelles
SYC,1945,9.064409,OWID,Seychelles
SYC,1946,8.9772625,OWID,Seychelles
SYC,1947,8.888989,OWID,Seychelles
SYC,1948,8.805169,OWID,Seychelles
SYC,1949,8.694452,OWID,Seychelles
SYC,1950,8.567197,OWID,Seychelles
SYC,1951,8.44054,OWID,Seychelles
SYC,1952,8.300508,OWID,Seychelles
SYC,1953,8.157626,OWID,Seychelles
SYC,1954,8.010163,OWID,Seychelles
SYC,1955,7.86426,OWID,Seychelles
SYC,1956,7.7195773,OWID,Seychelles
SYC,1957,7.579087,OWID,Seychelles
SYC,1958,7.4430814,OWID,Seychelles
SYC,1959,7.305966,OWID,Seychelles
SYC,1960,7.1727686,OWID,Seychelles
SYC,1961,7.0400405,OWID,Seychelles
SYC,1962,6.900432,OWID,Seychelles
SYC,1963,6.7560463,OWID,Seychelles
SYC,1964,6.596355,OWID,Seychelles
SYC,1965,6.4126396,OWID,Seychelles
SYC,1966,6.202781,OWID,Seychelles
SYC,1967,5.9655414,OWID,Seychelles
SYC,1968,5.6988306,OWID,Seychelles
SYC,1969,5.4066997,OWID,Seychelles
SYC,1970,5.0959024,OWID,Seychelles
SYC,1971,4.7861056,OWID,Seychelles
SYC,1972,4.475561,OWID,Seychelles
SYC,1973,4.159156,OWID,Seychelles
SYC,1974,3.8478096,OWID,Seychelles
SYC,1975,3.537272,OWID,Seychelles
SYC,1976,3.230323,OWID,Seychelles
SYC,1977,2.9355485,OWID,Seychelles
SYC,1978,2.6615174,OWID,Seychelles
SYC,1979,2.4179335,OWID,Seychelles
SYC,1980,2.2054129,OWID,Seychelles
SYC,1981,2.0257046,OWID,Seychelles
SYC,1982,1.8760377,OWID,Seychelles
SYC,1983,1.7523663,OWID,Seychelles
SYC,1984,1.6519006,OWID,Seychelles
SYC,1985,1.5705786,OWID,Seychelles
SYC,1986,1.5020262,OWID,Seychelles
SYC,1987,1.4447938,OWID,Seychelles
SYC,1988,1.3954034,OWID,Seychelles
SYC,1989,1.3520939,OWID,Seychelles
SYC,1990,1.3131688,OWID,Seychelles
SYC,1991,1.2806475,OWID,Seychelles
SYC,1992,1.2516496,OWID,Seychelles
SYC,1993,1.2276522,OWID,Seychelles
SYC,1994,1.2099398,OWID,Seychelles
SYC,1995,1.196263,OWID,Seychelles
SYC,1996,1.1873139,OWID,Seychelles
SYC,1997,1.1808126,OWID,Seychelles
SYC,1998,1.1780827,OWID,Seychelles
SYC,1999,1.1780449,OWID,Seychelles
SYC,2000,1.1809177,OWID,Seychelles
SYC,2001,1.1848722,OWID,Seychelles
SYC,2002,1.1896843,OWID,Seychelles
SYC,2003,1.1955162,OWID,Seychelles
SYC,2004,1.2010558,OWID,Seychelles
SYC,2005,1.2079962,OWID,Seychelles
SYC,2006,1.2166429,OWID,Seychelles
SYC,2007,1.2261785,OWID,Seychelles
SYC,2008,1.2356735,OWID,Seychelles
SYC,2009,1.246187,OWID,Seychelles
SYC,2010,1.2574682,OWID,Seychelles
SYC,2011,1.2688665,OWID,Seychelles
SYC,2012,1.2812817,OWID,Seychelles
SYC,2013,1.2946688,OWID,Seychelles
SYC,2014,1.3067474,OWID,Seychelles
SYC,2015,1.3172061,OWID,Seychelles
SYC,2016,1.326929,OWID,Seychelles
SYC,2017,1.3365316,OWID,Seychelles
SYC,2018,1.3467907,OWID,Seychelles
SYC,2019,1.3550237,OWID,Seychelles
SYC,2020,1.3574935,OWID,Seychelles
SYC,2021,1.3503013,OWID,Seychelles
SYC,2022,1.3344184,OWID,Seychelles
SYC,2023,1.3132598,OWID,Seychelles
SLE,1956,16.903742,OWID,Sierra Leone
SLE,1957,16.819696,OWID,Sierra Leone
SLE,1958,16.72393,OWID,Sierra Leone
SLE,1959,16.629189,OWID,Sierra Leone
SLE,1960,16.527952,OWID,Sierra Leone
SLE,1961,16.417206,OWID,Sierra Leone
SLE,1962,16.300497,OWID,Sierra Leone
SLE,1963,16.187954,OWID,Sierra Leone
SLE,1964,16.061684,OWID,Sierra Leone
SLE,1965,15.925444,OWID,Sierra Leone
SLE,1966,15.782556,OWID,Sierra Leone
SLE,1967,15.632702,OWID,Sierra Leone
SLE,1968,15.488887,OWID,Sierra Leone
SLE,1969,15.353195,OWID,Sierra Leone
SLE,1970,15.219876,OWID,Sierra Leone
SLE,1971,15.09313,OWID,Sierra Leone
SLE,1972,14.966761,OWID,Sierra Leone
SLE,1973,14.842394,OWID,Sierra Leone
SLE,1974,14.733004,OWID,Sierra Leone
SLE,1975,14.614142,OWID,Sierra Leone
SLE,1976,14.500284,OWID,Sierra Leone
SLE,1977,14.395155,OWID,Sierra Leone
SLE,1978,14.296255,OWID,Sierra Leone
SLE,1979,14.197471,OWID,Sierra Leone
SLE,1980,14.116466,OWID,Sierra Leone
SLE,1981,14.024873,OWID,Sierra Leone
SLE,1982,13.942748,OWID,Sierra Leone
SLE,1983,13.877881,OWID,Sierra Leone
SLE,1984,13.808089,OWID,Sierra Leone
SLE,1985,13.750832,OWID,Sierra Leone
SLE,1986,13.700344,OWID,Sierra Leone
SLE,1987,13.653929,OWID,Sierra Leone
SLE,1988,13.605073,OWID,Sierra Leone
SLE,1989,13.568209,OWID,Sierra Leone
SLE,1990,13.546886,OWID,Sierra Leone
SLE,1991,13.519526,OWID,Sierra Leone
SLE,1992,13.481103,OWID,Sierra Leone
SLE,1993,13.435272,OWID,Sierra Leone
SLE,1994,13.369063,OWID,Sierra Leone
SLE,1995,13.27221,OWID,Sierra Leone
SLE,1996,13.142311,OWID,Sierra Leone
SLE,1997,12.974574,OWID,Sierra Leone
SLE,1998,12.7837715,OWID,Sierra Leone
SLE,1999,12.568022,OWID,Sierra Leone
SLE,2000,12.336558,OWID,Sierra Leone
SLE,2001,12.081066,OWID,Sierra Leone
SLE,2002,11.818562,OWID,Sierra Leone
SLE,2003,11.539753,OWID,Sierra Leone
SLE,2004,11.241972,OWID,Sierra Leone
SLE,2005,10.931522,OWID,Sierra Leone
SLE,2006,10.596483,OWID,Sierra Leone
SLE,2007,10.237175,OWID,Sierra Leone
SLE,2008,9.853708,OWID,Sierra Leone
SLE,2009,9.46979,OWID,Sierra Leone
SLE,2010,9.07821,OWID,Sierra Leone
SLE,2011,8.698398,OWID,Sierra Leone
SLE,2012,8.338678,OWID,Sierra Leone
SLE,2013,8.0032215,OWID,Sierra Leone
SLE,2014,7.7714205,OWID,Sierra Leone
SLE,2015,7.693986,OWID,Sierra Leone
SLE,2016,7.133954,OWID,Sierra Leone
SLE,2017,6.8789883,OWID,Sierra Leone
SLE,2018,6.6340604,OWID,Sierra Leone
SLE,2019,6.407696,OWID,Sierra Leone
SLE,2020,6.1896067,OWID,Sierra Leone
SLE,2021,5.997706,OWID,Sierra Leone
SLE,2022,5.8044033,OWID,Sierra Leone
SLE,2023,5.616808,OWID,Sierra Leone
SGP,1954,5.4116116,OWID,Singapore
SGP,1955,5.0351415,OWID,Singapore
SGP,1956,4.7121377,OWID,Singapore
SGP,1957,4.4198756,OWID,Singapore
SGP,1958,4.128086,OWID,Singapore
SGP,1959,3.8286011,OWID,Singapore
SGP,1960,3.5414932,OWID,Singapore
SGP,1961,3.2877245,OWID,Singapore
SGP,1962,3.0804548,OWID,Singapore
SGP,1963,2.9270015,OWID,Singapore
SGP,1964,2.8206215,OWID,Singapore
SGP,1965,2.7304883,OWID,Singapore
SGP,1966,2.628262,OWID,Singapore
SGP,1967,2.5135348,OWID,Singapore
SGP,1968,2.3976848,OWID,Singapore
SGP,1969,2.286728,OWID,Singapore
SGP,1970,2.1773221,OWID,Singapore
SGP,1971,2.063942,OWID,Singapore
SGP,1972,1.9324371,OWID,Singapore
SGP,1973,1.7662083,OWID,Singapore
SGP,1974,1.5797135,OWID,Singapore
SGP,1975,1.4176728,OWID,Singapore
SGP,1976,1.3114667,OWID,Singapore
SGP,1977,1.2544464,OWID,Singapore
SGP,1978,1.2274125,OWID,Singapore
SGP,1979,1.2119656,OWID,Singapore
SGP,1980,1.1881346,OWID,Singapore
SGP,1981,1.1379298,OWID,Singapore
SGP,1982,1.0683637,OWID,Singapore
SGP,1983,0.9989837,OWID,Singapore
SGP,1984,0.9368936,OWID,Singapore
SGP,1985,0.88237333,OWID,Singapore
SGP,1986,0.8326192,OWID,Singapore
SGP,1987,0.7834476,OWID,Singapore
SGP,1988,0.73026794,OWID,Singapore
SGP,1989,0.6722656,OWID,Singapore
SGP,1990,0.61234856,OWID,Singapore
SGP,1991,0.5542081,OWID,Singapore
SGP,1992,0.50164205,OWID,Singapore
SGP,1993,0.45811814,OWID,Singapore
SGP,1994,0.42443773,OWID,Singapore
SGP,1995,0.39847326,OWID,Singapore
SGP,1996,0.37779576,OWID,Singapore
SGP,1997,0.35972083,OWID,Singapore
SGP,1998,0.34137103,OWID,Singapore
SGP,1999,0.3216111,OWID,Singapore
SGP,2000,0.3015488,OWID,Singapore
SGP,2001,0.28249183,OWID,Singapore
SGP,2002,0.2656173,OWID,Singapore
SGP,2003,0.25158402,OWID,Singapore
SGP,2004,0.24075618,OWID,Singapore
SGP,2005,0.23330753,OWID,Singapore
SGP,2006,0.22845791,OWID,Singapore
SGP,2007,0.22607271,OWID,Singapore
SGP,2008,0.22503051,OWID,Singapore
SGP,2009,0.22479804,OWID,Singapore
SGP,2010,0.22466947,OWID,Singapore
SGP,2011,0.22407743,OWID,Singapore
SGP,2012,0.22302613,OWID,Singapore
SGP,2013,0.22205578,OWID,Singapore
SGP,2014,0.22115295,OWID,Singapore
SGP,2015,0.21992521,OWID,Singapore
SGP,2016,0.21742602,OWID,Singapore
SGP,2017,0.2134386,OWID,Singapore
SGP,2018,0.20767067,OWID,Singapore
SGP,2019,0.20042637,OWID,Singapore
SGP,2020,0.1926723,OWID,Singapore
SGP,2021,0.1852814,OWID,Singapore
SGP,2022,0.178661,OWID,Singapore
SGP,2023,0.17220704,OWID,Singapore
SVK,1951,8.250621,OWID,Slovakia
SVK,1952,7.12694,OWID,Slovakia
SVK,1953,6.183237,OWID,Slovakia
SVK,1954,5.4003205,OWID,Slovakia
SVK,1955,4.7697783,OWID,Slovakia
SVK,1956,4.2660246,OWID,Slovakia
SVK,1957,3.8580487,OWID,Slovakia
SVK,1958,3.5287247,OWID,Slovakia
SVK,1959,3.2657773,OWID,Slovakia
SVK,1960,3.0597544,OWID,Slovakia
SVK,1961,2.900234,OWID,Slovakia
SVK,1962,2.7841823,OWID,Slovakia
SVK,1963,2.7014592,OWID,Slovakia
SVK,1964,2.6456947,OWID,Slovakia
SVK,1965,2.6085913,OWID,Slovakia
SVK,1966,2.5848067,OWID,Slovakia
SVK,1967,2.5676625,OWID,Slovakia
SVK,1968,2.5545683,OWID,Slovakia
SVK,1969,2.5429254,OWID,Slovakia
SVK,1970,2.5281682,OWID,Slovakia
SVK,1971,2.5087168,OWID,Slovakia
SVK,1972,2.483731,OWID,Slovakia
SVK,1973,2.4485862,OWID,Slovakia
SVK,1974,2.4036129,OWID,Slovakia
SVK,1975,2.3493943,OWID,Slovakia
SVK,1976,2.284797,OWID,Slovakia
SVK,1977,2.2131996,OWID,Slovakia
SVK,1978,2.13387,OWID,Slovakia
SVK,1979,2.0525231,OWID,Slovakia
SVK,1980,1.9690738,OWID,Slovakia
SVK,1981,1.8871391,OWID,Slovakia
SVK,1982,1.8067589,OWID,Slovakia
SVK,1983,1.729616,OWID,Slovakia
SVK,1984,1.6528645,OWID,Slovakia
SVK,1985,1.5746496,OWID,Slovakia
SVK,1986,1.4984695,OWID,Slovakia
SVK,1987,1.4288613,OWID,Slovakia
SVK,1988,1.3672906,OWID,Slovakia
SVK,1989,1.3133625,OWID,Slovakia
SVK,1990,1.2641487,OWID,Slovakia
SVK,1991,1.2164294,OWID,Slovakia
SVK,1992,1.1673319,OWID,Slovakia
SVK,1993,1.1160407,OWID,Slovakia
SVK,1994,1.0641243,OWID,Slovakia
SVK,1995,1.0140469,OWID,Slovakia
SVK,1996,0.966712,OWID,Slovakia
SVK,1997,0.9214611,OWID,Slovakia
SVK,1998,0.87848246,OWID,Slovakia
SVK,1999,0.8396881,OWID,Slovakia
SVK,2000,0.80631816,OWID,Slovakia
SVK,2001,0.7779244,OWID,Slovakia
SVK,2002,0.7542732,OWID,Slovakia
SVK,2003,0.73333097,OWID,Slovakia
SVK,2004,0.71223575,OWID,Slovakia
SVK,2005,0.6883262,OWID,Slovakia
SVK,2006,0.6621779,OWID,Slovakia
SVK,2007,0.6357732,OWID,Slovakia
SVK,2008,0.6105569,OWID,Slovakia
SVK,2009,0.588305,OWID,Slovakia
SVK,2010,0.5693039,OWID,Slovakia
SVK,2011,0.55399156,OWID,Slovakia
SVK,2012,0.5417934,OWID,Slovakia
SVK,2013,0.53213525,OWID,Slovakia
SVK,2014,0.5235295,OWID,Slovakia
SVK,2015,0.51484454,OWID,Slovakia
SVK,2016,0.50654614,OWID,Slovakia
SVK,2017,0.49986634,OWID,Slovakia
SVK,2018,0.4954191,OWID,Slovakia
SVK,2019,0.49342272,OWID,Slovakia
SVK,2020,0.49391025,OWID,Slovakia
SVK,2021,0.4969049,OWID,Slovakia
SVK,2022,0.5021511,OWID,Slovakia
SVK,2023,0.5079029,OWID,Slovakia
SVN,1981,1.5293944,OWID,Slovenia
SVN,1982,1.452201,OWID,Slovenia
SVN,1983,1.3780926,OWID,Slovenia
SVN,1984,1.3048073,OWID,Slovenia
SVN,1985,1.2310828,OWID,Slovenia
SVN,1986,1.1567003,OWID,Slovenia
SVN,1987,1.082517,OWID,Slovenia
SVN,1988,1.0104517,OWID,Slovenia
SVN,1989,0.9423244,OWID,Slovenia
SVN,1990,0.8785206,OWID,Slovenia
SVN,1991,0.8186973,OWID,Slovenia
SVN,1992,0.7624884,OWID,Slovenia
SVN,1993,0.71027714,OWID,Slovenia
SVN,1994,0.6618564,OWID,Slovenia
SVN,1995,0.61698306,OWID,Slovenia
SVN,1996,0.57679915,OWID,Slovenia
SVN,1997,0.5413976,OWID,Slovenia
SVN,1998,0.50935465,OWID,Slovenia
SVN,1999,0.48020488,OWID,Slovenia
SVN,2000,0.45393187,OWID,Slovenia
SVN,2001,0.42986584,OWID,Slovenia
SVN,2002,0.4073627,OWID,Slovenia
SVN,2003,0.38642773,OWID,Slovenia
SVN,2004,0.3664958,OWID,Slovenia
SVN,2005,0.3471234,OWID,Slovenia
SVN,2006,0.32839543,OWID,Slovenia
SVN,2007,0.31050777,OWID,Slovenia
SVN,2008,0.29373476,OWID,Slovenia
SVN,2009,0.27829742,OWID,Slovenia
SVN,2010,0.2642464,OWID,Slovenia
SVN,2011,0.25160533,OWID,Slovenia
SVN,2012,0.24037543,OWID,Slovenia
SVN,2013,0.23055202,OWID,Slovenia
SVN,2014,0.22211593,OWID,Slovenia
SVN,2015,0.21487173,OWID,Slovenia
SVN,2016,0.20866224,OWID,Slovenia
SVN,2017,0.20338243,OWID,Slovenia
SVN,2018,0.19890702,OWID,Slovenia
SVN,2019,0.1951905,OWID,Slovenia
SVN,2020,0.19204083,OWID,Slovenia
SVN,2021,0.18909247,OWID,Slovenia
SVN,2022,0.18622485,OWID,Slovenia
SVN,2023,0.1829048,OWID,Slovenia
SLB,1943,18.049473,OWID,Solomon Islands
SLB,1944,17.640614,OWID,Solomon Islands
SLB,1945,17.26001,OWID,Solomon Islands
SLB,1946,16.890461,OWID,Solomon Islands
SLB,1947,16.526283,OWID,Solomon Islands
SLB,1948,16.167223,OWID,Solomon Islands
SLB,1949,15.813475,OWID,Solomon Islands
SLB,1950,15.461736,OWID,Solomon Islands
SLB,1951,15.123734,OWID,Solomon Islands
SLB,1952,14.774904,OWID,Solomon Islands
SLB,1953,14.417281,OWID,Solomon Islands
SLB,1954,14.067753,OWID,Solomon Islands
SLB,1955,13.692713,OWID,Solomon Islands
SLB,1956,13.31634,OWID,Solomon Islands
SLB,1957,12.927936,OWID,Solomon Islands
SLB,1958,12.528444,OWID,Solomon Islands
SLB,1959,12.127117,OWID,Solomon Islands
SLB,1960,11.717301,OWID,Solomon Islands
SLB,1961,11.283243,OWID,Solomon Islands
SLB,1962,10.853871,OWID,Solomon Islands
SLB,1963,10.416006,OWID,Solomon Islands
SLB,1964,9.977165,OWID,Solomon Islands
SLB,1965,9.534323,OWID,Solomon Islands
SLB,1966,9.08203,OWID,Solomon Islands
SLB,1967,8.620162,OWID,Solomon Islands
SLB,1968,8.142741,OWID,Solomon Islands
SLB,1969,7.6620245,OWID,Solomon Islands
SLB,1970,7.1929164,OWID,Solomon Islands
SLB,1971,6.7302394,OWID,Solomon Islands
SLB,1972,6.3016815,OWID,Solomon Islands
SLB,1973,5.8970385,OWID,Solomon Islands
SLB,1974,5.527292,OWID,Solomon Islands
SLB,1975,5.46025,OWID,Solomon Islands
SLB,1976,4.8726153,OWID,Solomon Islands
SLB,1977,4.5912766,OWID,Solomon Islands
SLB,1978,4.3451176,OWID,Solomon Islands
SLB,1979,4.126325,OWID,Solomon Islands
SLB,1980,3.9386878,OWID,Solomon Islands
SLB,1981,3.7694552,OWID,Solomon Islands
SLB,1982,3.624073,OWID,Solomon Islands
SLB,1983,3.4904373,OWID,Solomon Islands
SLB,1984,3.3744092,OWID,Solomon Islands
SLB,1985,3.2669735,OWID,Solomon Islands
SLB,1986,3.171437,OWID,Solomon Islands
SLB,1987,3.0831516,OWID,Solomon Islands
SLB,1988,3.001122,OWID,Solomon Islands
SLB,1989,2.924572,OWID,Solomon Islands
SLB,1990,2.848666,OWID,Solomon Islands
SLB,1991,2.7772565,OWID,Solomon Islands
SLB,1992,2.7061076,OWID,Solomon Islands
SLB,1993,2.6383934,OWID,Solomon Islands
SLB,1994,2.5738163,OWID,Solomon Islands
SLB,1995,2.5149655,OWID,Solomon Islands
SLB,1996,2.4631238,OWID,Solomon Islands
SLB,1997,2.4190207,OWID,Solomon Islands
SLB,1998,2.382429,OWID,Solomon Islands
SLB,1999,2.349315,OWID,Solomon Islands
SLB,2000,2.323054,OWID,Solomon Islands
SLB,2001,2.2983885,OWID,Solomon Islands
SLB,2002,2.2793593,OWID,Solomon Islands
SLB,2003,2.2646317,OWID,Solomon Islands
SLB,2004,2.2489603,OWID,Solomon Islands
SLB,2005,2.2333674,OWID,Solomon Islands
SLB,2006,2.215535,OWID,Solomon Islands
SLB,2007,2.193527,OWID,Solomon Islands
SLB,2008,2.168974,OWID,Solomon Islands
SLB,2009,2.1420436,OWID,Solomon Islands
SLB,2010,2.1114736,OWID,Solomon Islands
SLB,2011,2.0797312,OWID,Solomon Islands
SLB,2012,2.0477784,OWID,Solomon Islands
SLB,2013,2.0180383,OWID,Solomon Islands
SLB,2014,1.9882501,OWID,Solomon Islands
SLB,2015,1.9630616,OWID,Solomon Islands
SLB,2016,1.935533,OWID,Solomon Islands
SLB,2017,1.9070824,OWID,Solomon Islands
SLB,2018,1.8741578,OWID,Solomon Islands
SLB,2019,1.8343666,OWID,Solomon Islands
SLB,2020,1.7891978,OWID,Solomon Islands
SLB,2021,1.7467222,OWID,Solomon Islands
SLB,2022,1.7024212,OWID,Solomon Islands
SLB,2023,1.6518092,OWID,Solomon Islands
SOM,1983,10.57806,OWID,Somalia
SOM,1984,10.584998,OWID,Somalia
SOM,1985,10.62463,OWID,Somalia
SOM,1986,10.661486,OWID,Somalia
SOM,1987,10.72673,OWID,Somalia
SOM,1988,10.769459,OWID,Somalia
SOM,1989,10.750951,OWID,Somalia
SOM,1990,10.675243,OWID,Somalia
SOM,1991,26.486238,OWID,Somalia
SOM,1992,27.403477,OWID,Somalia
SOM,1993,10.429872,OWID,Somalia
SOM,1994,10.425518,OWID,Somalia
SOM,1995,10.426295,OWID,Somalia
SOM,1996,10.426295,OWID,Somalia
SOM,1997,10.426295,OWID,Somalia
SOM,1998,10.426295,OWID,Somalia
SOM,1999,10.426295,OWID,Somalia
SOM,2000,10.426295,OWID,Somalia
SOM,2001,10.426295,OWID,Somalia
SOM,2002,10.426295,OWID,Somalia
SOM,2003,10.426295,OWID,Somalia
SOM,2004,10.426295,OWID,Somalia
SOM,2005,10.423659,OWID,Somalia
SOM,2006,10.3811455,OWID,Somalia
SOM,2007,10.284513,OWID,Somalia
SOM,2008,10.100614,OWID,Somalia
SOM,2009,9.891953,OWID,Somalia
SOM,2010,11.292277,OWID,Somalia
SOM,2011,21.572565,OWID,Somalia
SOM,2012,11.24068,OWID,Somalia
SOM,2013,8.897626,OWID,Somalia
SOM,2014,8.631006,OWID,Somalia
SOM,2015,8.4066515,OWID,Somalia
SOM,2016,8.201331,OWID,Somalia
SOM,2017,9.671509,OWID,Somalia
SOM,2018,8.581127,OWID,Somalia
SOM,2019,7.5733514,OWID,Somalia
SOM,2020,7.373631,OWID,Somalia
SOM,2021,7.1759334,OWID,Somalia
SOM,2022,8.992167,OWID,Somalia
SOM,2023,6.7839537,OWID,Somalia
ZAF,1976,11.139398,OWID,South Africa
ZAF,1977,10.484277,OWID,South Africa
ZAF,1978,9.873523,OWID,South Africa
ZAF,1979,9.306693,OWID,South Africa
ZAF,1980,8.788869,OWID,South Africa
ZAF,1981,8.293868,OWID,South Africa
ZAF,1982,7.856442,OWID,South Africa
ZAF,1983,7.4588656,OWID,South Africa
ZAF,1984,7.092717,OWID,South Africa
ZAF,1985,6.743133,OWID,South Africa
ZAF,1986,6.4012074,OWID,South Africa
ZAF,1987,6.081009,OWID,South Africa
ZAF,1988,5.7835283,OWID,South Africa
ZAF,1989,5.515129,OWID,South Africa
ZAF,1990,5.283613,OWID,South Africa
ZAF,1991,5.0921745,OWID,South Africa
ZAF,1992,4.9379215,OWID,South Africa
ZAF,1993,4.8245196,OWID,South Africa
ZAF,1994,4.746946,OWID,South Africa
ZAF,1995,4.6694846,OWID,South Africa
ZAF,1996,4.61123,OWID,South Africa
ZAF,1997,4.5816464,OWID,South Africa
ZAF,1998,4.590306,OWID,South Africa
ZAF,1999,4.640995,OWID,South Africa
ZAF,2000,4.689848,OWID,South Africa
ZAF,2001,4.760787,OWID,South Africa
ZAF,2002,4.8006682,OWID,South Africa
ZAF,2003,4.8645816,OWID,South Africa
ZAF,2004,4.896241,OWID,South Africa
ZAF,2005,4.7884045,OWID,South Africa
ZAF,2006,4.5973344,OWID,South Africa
ZAF,2007,4.381957,OWID,South Africa
ZAF,2008,4.0607004,OWID,South Africa
ZAF,2009,3.7689855,OWID,South Africa
ZAF,2010,3.5407624,OWID,South Africa
ZAF,2011,3.3868785,OWID,South Africa
ZAF,2012,3.2976344,OWID,South Africa
ZAF,2013,3.202346,OWID,South Africa
ZAF,2014,3.0883775,OWID,South Africa
ZAF,2015,2.965887,OWID,South Africa
ZAF,2016,2.8384292,OWID,South Africa
ZAF,2017,2.7254577,OWID,South Africa
ZAF,2018,2.6264617,OWID,South Africa
ZAF,2019,2.5590866,OWID,South Africa
ZAF,2020,2.4981668,OWID,South Africa
ZAF,2021,2.4701862,OWID,South Africa
ZAF,2022,2.4528697,OWID,South Africa
ZAF,2023,2.441754,OWID,South Africa
,1955,13.25342,OWID,South America
,1956,12.856753,OWID,South America
,1957,12.576008,OWID,South America
,1958,12.307188,OWID,South America
,1959,12.031887,OWID,South America
,1960,11.946368,OWID,South America
,1961,11.652025,OWID,South America
,1962,11.3650055,OWID,South America
,1963,11.083026,OWID,South America
,1964,10.804369,OWID,South America
,1965,10.526529,OWID,South America
,1966,10.26045,OWID,South America
,1967,10.011744,OWID,South America
,1968,9.78517,OWID,South America
,1969,9.115971,OWID,South America
,1970,9.014372,OWID,South America
,1971,8.73778,OWID,South America
,1972,8.541501,OWID,South America
,1973,8.331301,OWID,South America
,1974,8.109949,OWID,South America
,1975,7.8630986,OWID,South America
,1976,7.595523,OWID,South America
,1977,7.3111057,OWID,South America
,1978,7.0229335,OWID,South America
,1979,6.7328763,OWID,South America
,1980,6.4459558,OWID,South America
,1981,6.16826,OWID,South America
,1982,5.905296,OWID,South America
,1983,5.6552243,OWID,South America
,1984,5.426577,OWID,South America
,1985,5.2399383,OWID,South America
,1986,5.031535,OWID,South America
,1987,4.8586764,OWID,South America
,1988,4.6929655,OWID,South America
,1989,4.5301332,OWID,South America
,1990,4.363448,OWID,South America
,1991,4.1909065,OWID,South America
,1992,4.007059,OWID,South America
,1993,3.816061,OWID,South America
,1994,3.6207688,OWID,South America
,1995,3.4253721,OWID,South America
,1996,3.235718,OWID,South America
,1997,3.0539324,OWID,South America
,1998,2.8834944,OWID,South America
,1999,2.7242572,OWID,South America
,2000,2.5750155,OWID,South America
,2001,2.4347725,OWID,South America
,2002,2.3062127,OWID,South America
,2003,2.186241,OWID,South America
,2004,2.0730555,OWID,South America
,2005,1.9677565,OWID,South America
,2006,1.8709868,OWID,South America
,2007,1.7846642,OWID,South America
,2008,1.7077463,OWID,South America
,2009,1.6389767,OWID,South America
,2010,1.5785221,OWID,South America
,2011,1.5243996,OWID,South America
,2012,1.4769634,OWID,South America
,2013,1.4361075,OWID,South America
,2014,1.4015843,OWID,South America
,2015,1.3766518,OWID,South America
,2016,1.4370078,OWID,South America
,2017,1.3566647,OWID,South America
,2018,1.3314596,OWID,South America
,2019,1.3090464,OWID,South America
,2020,1.2889943,OWID,South America
,2021,1.2708507,OWID,South America
,2022,1.2547251,OWID,South America
,2023,1.2387078,OWID,South America
KOR,1951,16.984747,OWID,South Korea
KOR,1952,14.759048,OWID,South Korea
KOR,1953,12.904559,OWID,South Korea
KOR,1954,11.405419,OWID,South Korea
KOR,1955,10.204439,OWID,South Korea
KOR,1956,9.272609,OWID,South Korea
KOR,1957,8.565912,OWID,South Korea
KOR,1958,8.038474,OWID,South Korea
KOR,1959,7.6489463,OWID,South Korea
KOR,1960,7.3459606,OWID,South Korea
KOR,1961,7.109844,OWID,South Korea
KOR,1962,6.890096,OWID,South Korea
KOR,1963,6.6682925,OWID,South Korea
KOR,1964,6.4234314,OWID,South Korea
KOR,1965,6.1514335,OWID,South Korea
KOR,1966,5.849182,OWID,South Korea
KOR,1967,5.526705,OWID,South Korea
KOR,1968,5.198157,OWID,South Korea
KOR,1969,4.869503,OWID,South Korea
KOR,1970,4.5620704,OWID,South Korea
KOR,1971,4.2853312,OWID,South Korea
KOR,1972,4.047888,OWID,South Korea
KOR,1973,3.8474042,OWID,South Korea
KOR,1974,3.6805208,OWID,South Korea
KOR,1975,3.5342147,OWID,South Korea
KOR,1976,3.4006264,OWID,South Korea
KOR,1977,3.2700858,OWID,South Korea
KOR,1978,3.1313684,OWID,South Korea
KOR,1979,2.9825068,OWID,South Korea
KOR,1980,2.8181932,OWID,South Korea
KOR,1981,2.6452231,OWID,South Korea
KOR,1982,2.466022,OWID,South Korea
KOR,1983,2.2833903,OWID,South Korea
KOR,1984,2.0987277,OWID,South Korea
KOR,1985,1.9175161,OWID,South Korea
KOR,1986,1.7477038,OWID,South Korea
KOR,1987,1.5906818,OWID,South Korea
KOR,1988,1.4494612,OWID,South Korea
KOR,1989,1.3246758,OWID,South Korea
KOR,1990,1.214998,OWID,South Korea
KOR,1991,1.1173857,OWID,South Korea
KOR,1992,1.0294034,OWID,South Korea
KOR,1993,0.9499024,OWID,South Korea
KOR,1994,0.87821484,OWID,South Korea
KOR,1995,0.8129573,OWID,South Korea
KOR,1996,0.7543706,OWID,South Korea
KOR,1997,0.7022089,OWID,South Korea
KOR,1998,0.65664715,OWID,South Korea
KOR,1999,0.61737555,OWID,South Korea
KOR,2000,0.583445,OWID,South Korea
KOR,2001,0.5532379,OWID,South Korea
KOR,2002,0.5251377,OWID,South Korea
KOR,2003,0.49680546,OWID,South Korea
KOR,2004,0.4662338,OWID,South Korea
KOR,2005,0.4350369,OWID,South Korea
KOR,2006,0.40559554,OWID,South Korea
KOR,2007,0.37968415,OWID,South Korea
KOR,2008,0.35823062,OWID,South Korea
KOR,2009,0.3414607,OWID,South Korea
KOR,2010,0.3285319,OWID,South Korea
KOR,2011,0.3179116,OWID,South Korea
KOR,2012,0.30878517,OWID,South Korea
KOR,2013,0.30052748,OWID,South Korea
KOR,2014,0.29294303,OWID,South Korea
KOR,2015,0.28574786,OWID,South Korea
KOR,2016,0.27894533,OWID,South Korea
KOR,2017,0.2724302,OWID,South Korea
KOR,2018,0.26572075,OWID,South Korea
KOR,2019,0.25860086,OWID,South Korea
KOR,2020,0.25112188,OWID,South Korea
KOR,2021,0.24392611,OWID,South Korea
KOR,2022,0.23698813,OWID,South Korea
KOR,2023,0.23041123,OWID,South Korea
SSD,1954,20.994474,OWID,South Sudan
SSD,1955,20.744003,OWID,South Sudan
SSD,1956,20.531786,OWID,South Sudan
SSD,1957,20.307455,OWID,South Sudan
SSD,1958,20.072355,OWID,South Sudan
SSD,1959,19.876423,OWID,South Sudan
SSD,1960,19.669174,OWID,South Sudan
SSD,1961,19.475224,OWID,South Sudan
SSD,1962,19.230326,OWID,South Sudan
SSD,1963,18.992733,OWID,South Sudan
SSD,1964,18.769762,OWID,South Sudan
SSD,1965,18.546564,OWID,South Sudan
SSD,1966,18.302326,OWID,South Sudan
SSD,1967,18.082453,OWID,South Sudan
SSD,1968,17.870548,OWID,South Sudan
SSD,1969,17.675575,OWID,South Sudan
SSD,1970,17.454016,OWID,South Sudan
SSD,1971,17.252542,OWID,South Sudan
SSD,1972,17.079523,OWID,South Sudan
SSD,1973,16.900383,OWID,South Sudan
SSD,1974,16.69133,OWID,South Sudan
SSD,1975,16.505259,OWID,South Sudan
SSD,1976,16.298666,OWID,South Sudan
SSD,1977,16.137007,OWID,South Sudan
SSD,1978,15.984588,OWID,South Sudan
SSD,1979,15.83196,OWID,South Sudan
SSD,1980,15.715673,OWID,South Sudan
SSD,1981,15.557551,OWID,South Sudan
SSD,1982,15.446461,OWID,South Sudan
SSD,1983,15.305215,OWID,South Sudan
SSD,1984,15.203532,OWID,South Sudan
SSD,1985,15.092727,OWID,South Sudan
SSD,1986,14.977055,OWID,South Sudan
SSD,1987,17.120077,OWID,South Sudan
SSD,1988,47.24964,OWID,South Sudan
SSD,1989,15.855927,OWID,South Sudan
SSD,1990,15.743995,OWID,South Sudan
SSD,1991,15.600106,OWID,South Sudan
SSD,1992,16.533266,OWID,South Sudan
SSD,1993,16.332773,OWID,South Sudan
SSD,1994,13.88943,OWID,South Sudan
SSD,1995,14.708969,OWID,South Sudan
SSD,1996,14.399653,OWID,South Sudan
SSD,1997,14.054032,OWID,South Sudan
SSD,1998,23.458607,OWID,South Sudan
SSD,1999,12.289465,OWID,South Sudan
SSD,2000,11.8474865,OWID,South Sudan
SSD,2001,11.399906,OWID,South Sudan
SSD,2002,10.958344,OWID,South Sudan
SSD,2003,10.507878,OWID,South Sudan
SSD,2004,10.075824,OWID,South Sudan
SSD,2005,9.662788,OWID,South Sudan
SSD,2006,9.262452,OWID,South Sudan
SSD,2007,8.901555,OWID,South Sudan
SSD,2008,8.5451355,OWID,South Sudan
SSD,2009,8.205549,OWID,South Sudan
SSD,2010,7.8981867,OWID,South Sudan
SSD,2011,7.610067,OWID,South Sudan
SSD,2012,7.3961916,OWID,South Sudan
SSD,2013,7.2926044,OWID,South Sudan
SSD,2014,11.766246,OWID,South Sudan
SSD,2015,14.849586,OWID,South Sudan
SSD,2016,16.413568,OWID,South Sudan
SSD,2017,17.286795,OWID,South Sudan
SSD,2018,9.176751,OWID,South Sudan
SSD,2019,7.261607,OWID,South Sudan
SSD,2020,7.261607,OWID,South Sudan
SSD,2021,7.261607,OWID,South Sudan
SSD,2022,7.261607,OWID,South Sudan
SSD,2023,7.261607,OWID,South Sudan
ESP,1949,8.597085,OWID,Spain
ESP,1950,7.755788,OWID,Spain
ESP,1951,7.03894,OWID,Spain
ESP,1952,6.4646287,OWID,Spain
ESP,1953,6.028955,OWID,Spain
ESP,1954,5.721202,OWID,Spain
ESP,1955,5.507972,OWID,Spain
ESP,1956,5.336721,OWID,Spain
ESP,1957,5.179826,OWID,Spain
ESP,1958,5.022647,OWID,Spain
ESP,1959,4.8569255,OWID,Spain
ESP,1960,4.679917,OWID,Spain
ESP,1961,4.4853683,OWID,Spain
ESP,1962,4.281482,OWID,Spain
ESP,1963,4.080346,OWID,Spain
ESP,1964,3.8937051,OWID,Spain
ESP,1965,3.717411,OWID,Spain
ESP,1966,3.5447185,OWID,Spain
ESP,1967,3.367831,OWID,Spain
ESP,1968,3.180308,OWID,Spain
ESP,1969,2.9807525,OWID,Spain
ESP,1970,2.77206,OWID,Spain
ESP,1971,2.5647354,OWID,Spain
ESP,1972,2.3650007,OWID,Spain
ESP,1973,2.179345,OWID,Spain
ESP,1974,2.0120397,OWID,Spain
ESP,1975,1.860637,OWID,Spain
ESP,1976,1.7203707,OWID,Spain
ESP,1977,1.5889075,OWID,Spain
ESP,1978,1.4648384,OWID,Spain
ESP,1979,1.3476248,OWID,Spain
ESP,1980,1.2411432,OWID,Spain
ESP,1981,1.1500456,OWID,Spain
ESP,1982,1.0746776,OWID,Spain
ESP,1983,1.012538,OWID,Spain
ESP,1984,0.9604922,OWID,Spain
ESP,1985,0.91558146,OWID,Spain
ESP,1986,0.87687564,OWID,Spain
ESP,1987,0.8421298,OWID,Spain
ESP,1988,0.8096331,OWID,Spain
ESP,1989,0.7773148,OWID,Spain
ESP,1990,0.74418336,OWID,Spain
ESP,1991,0.7094318,OWID,Spain
ESP,1992,0.6724944,OWID,Spain
ESP,1993,0.63362294,OWID,Spain
ESP,1994,0.59304494,OWID,Spain
ESP,1995,0.5538053,OWID,Spain
ESP,1996,0.51895255,OWID,Spain
ESP,1997,0.4902246,OWID,Spain
ESP,1998,0.46720523,OWID,Spain
ESP,1999,0.4492999,OWID,Spain
ESP,2000,0.43542558,OWID,Spain
ESP,2001,0.42425007,OWID,Spain
ESP,2002,0.4148197,OWID,Spain
ESP,2003,0.40544826,OWID,Spain
ESP,2004,0.3947935,OWID,Spain
ESP,2005,0.38277084,OWID,Spain
ESP,2006,0.36955133,OWID,Spain
ESP,2007,0.35577112,OWID,Spain
ESP,2008,0.3418953,OWID,Spain
ESP,2009,0.32836777,OWID,Spain
ESP,2010,0.3156094,OWID,Spain
ESP,2011,0.30396497,OWID,Spain
ESP,2012,0.29380515,OWID,Spain
ESP,2013,0.28537267,OWID,Spain
ESP,2014,0.27896428,OWID,Spain
ESP,2015,0.2743124,OWID,Spain
ESP,2016,0.27096766,OWID,Spain
ESP,2017,0.26858902,OWID,Spain
ESP,2018,0.26656953,OWID,Spain
ESP,2019,0.26440075,OWID,Spain
ESP,2020,0.2623168,OWID,Spain
ESP,2021,0.26078957,OWID,Spain
ESP,2022,0.260027,OWID,Spain
ESP,2023,0.2587535,OWID,Spain
LKA,1951,6.8748255,OWID,Sri Lanka
LKA,1952,6.9177747,OWID,Sri Lanka
LKA,1953,6.941798,OWID,Sri Lanka
LKA,1954,6.937181,OWID,Sri Lanka
LKA,1955,6.87778,OWID,Sri Lanka
LKA,1956,6.7534294,OWID,Sri Lanka
LKA,1957,6.537857,OWID,Sri Lanka
LKA,1958,6.2681365,OWID,Sri Lanka
LKA,1959,5.979344,OWID,Sri Lanka
LKA,1960,5.7180896,OWID,Sri Lanka
LKA,1961,5.5250144,OWID,Sri Lanka
LKA,1962,5.429319,OWID,Sri Lanka
LKA,1963,5.3972216,OWID,Sri Lanka
LKA,1964,5.3628287,OWID,Sri Lanka
LKA,1965,5.289213,OWID,Sri Lanka
LKA,1966,5.1837635,OWID,Sri Lanka
LKA,1967,5.068145,OWID,Sri Lanka
LKA,1968,4.9620132,OWID,Sri Lanka
LKA,1969,4.881959,OWID,Sri Lanka
LKA,1970,4.8386917,OWID,Sri Lanka
LKA,1971,4.8134913,OWID,Sri Lanka
LKA,1972,4.7898164,OWID,Sri Lanka
LKA,1973,4.7461166,OWID,Sri Lanka
LKA,1974,4.665795,OWID,Sri Lanka
LKA,1975,4.532814,OWID,Sri Lanka
LKA,1976,4.344953,OWID,Sri Lanka
LKA,1977,4.106357,OWID,Sri Lanka
LKA,1978,3.8376482,OWID,Sri Lanka
LKA,1979,3.5693383,OWID,Sri Lanka
LKA,1980,3.3180714,OWID,Sri Lanka
LKA,1981,3.0840797,OWID,Sri Lanka
LKA,1982,2.8676732,OWID,Sri Lanka
LKA,1983,2.6554184,OWID,Sri Lanka
LKA,1984,2.432635,OWID,Sri Lanka
LKA,1985,2.2084608,OWID,Sri Lanka
LKA,1986,2.0186284,OWID,Sri Lanka
LKA,1987,1.886086,OWID,Sri Lanka
LKA,1988,1.8101594,OWID,Sri Lanka
LKA,1989,1.934968,OWID,Sri Lanka
LKA,1990,1.7879716,OWID,Sri Lanka
LKA,1991,1.7986251,OWID,Sri Lanka
LKA,1992,1.7869868,OWID,Sri Lanka
LKA,1993,1.7494235,OWID,Sri Lanka
LKA,1994,1.6947314,OWID,Sri Lanka
LKA,1995,1.630461,OWID,Sri Lanka
LKA,1996,1.5593493,OWID,Sri Lanka
LKA,1997,1.4842508,OWID,Sri Lanka
LKA,1998,1.4120113,OWID,Sri Lanka
LKA,1999,1.3503038,OWID,Sri Lanka
LKA,2000,1.3023388,OWID,Sri Lanka
LKA,2001,1.2662851,OWID,Sri Lanka
LKA,2002,1.2391589,OWID,Sri Lanka
LKA,2003,1.2120979,OWID,Sri Lanka
LKA,2004,1.6725029,OWID,Sri Lanka
LKA,2005,1.1229665,OWID,Sri Lanka
LKA,2006,1.0668263,OWID,Sri Lanka
LKA,2007,1.0150985,OWID,Sri Lanka
LKA,2008,0.97209466,OWID,Sri Lanka
LKA,2009,1.3012799,OWID,Sri Lanka
LKA,2010,0.9131925,OWID,Sri Lanka
LKA,2011,0.8873255,OWID,Sri Lanka
LKA,2012,0.85403687,OWID,Sri Lanka
LKA,2013,0.81460774,OWID,Sri Lanka
LKA,2014,0.7744258,OWID,Sri Lanka
LKA,2015,0.7369716,OWID,Sri Lanka
LKA,2016,0.70364636,OWID,Sri Lanka
LKA,2017,0.67460954,OWID,Sri Lanka
LKA,2018,0.648605,OWID,Sri Lanka
LKA,2019,0.62389636,OWID,Sri Lanka
LKA,2020,0.59961694,OWID,Sri Lanka
LKA,2021,0.5761323,OWID,Sri Lanka
LKA,2022,0.554459,OWID,Sri Lanka
LKA,2023,0.534716,OWID,Sri Lanka
SDN,1955,9.356874,OWID,Sudan
SDN,1956,9.316458,OWID,Sudan
SDN,1957,9.287308,OWID,Sudan
SDN,1958,9.251256,OWID,Sudan
SDN,1959,9.207533,OWID,Sudan
SDN,1960,9.163493,OWID,Sudan
SDN,1961,9.125927,OWID,Sudan
SDN,1962,9.094645,OWID,Sudan
SDN,1963,9.064448,OWID,Sudan
SDN,1964,9.031828,OWID,Sudan
SDN,1965,9.007572,OWID,Sudan
SDN,1966,8.988847,OWID,Sudan
SDN,1967,8.980961,OWID,Sudan
SDN,1968,8.981682,OWID,Sudan
SDN,1969,8.988301,OWID,Sudan
SDN,1970,8.999725,OWID,Sudan
SDN,1971,9.011597,OWID,Sudan
SDN,1972,9.019378,OWID,Sudan
SDN,1973,9.026045,OWID,Sudan
SDN,1974,9.027942,OWID,Sudan
SDN,1975,9.012925,OWID,Sudan
SDN,1976,8.998856,OWID,Sudan
SDN,1977,8.979682,OWID,Sudan
SDN,1978,8.959231,OWID,Sudan
SDN,1979,8.938258,OWID,Sudan
SDN,1980,8.916932,OWID,Sudan
SDN,1981,8.901259,OWID,Sudan
SDN,1982,8.882836,OWID,Sudan
SDN,1983,11.023453,OWID,Sudan
SDN,1984,10.951602,OWID,Sudan
SDN,1985,10.88214,OWID,Sudan
SDN,1986,8.753384,OWID,Sudan
SDN,1987,8.690819,OWID,Sudan
SDN,1988,8.612268,OWID,Sudan
SDN,1989,8.528021,OWID,Sudan
SDN,1990,8.440455,OWID,Sudan
SDN,1991,8.341571,OWID,Sudan
SDN,1992,8.2411175,OWID,Sudan
SDN,1993,8.132307,OWID,Sudan
SDN,1994,8.0174,OWID,Sudan
SDN,1995,7.8928676,OWID,Sudan
SDN,1996,7.7560534,OWID,Sudan
SDN,1997,7.605295,OWID,Sudan
SDN,1998,7.4432454,OWID,Sudan
SDN,1999,7.2686257,OWID,Sudan
SDN,2000,7.0789385,OWID,Sudan
SDN,2001,6.8875527,OWID,Sudan
SDN,2002,6.69307,OWID,Sudan
SDN,2003,6.5039124,OWID,Sudan
SDN,2004,6.823513,OWID,Sudan
SDN,2005,6.6758785,OWID,Sudan
SDN,2006,5.993141,OWID,Sudan
SDN,2007,5.8429747,OWID,Sudan
SDN,2008,5.7029457,OWID,Sudan
SDN,2009,5.5718293,OWID,Sudan
SDN,2010,5.4516554,OWID,Sudan
SDN,2011,5.33945,OWID,Sudan
SDN,2012,5.2349825,OWID,Sudan
SDN,2013,5.128231,OWID,Sudan
SDN,2014,5.0138,OWID,Sudan
SDN,2015,4.8957367,OWID,Sudan
SDN,2016,4.77537,OWID,Sudan
SDN,2017,4.647486,OWID,Sudan
SDN,2018,4.52917,OWID,Sudan
SDN,2019,4.4039693,OWID,Sudan
SDN,2020,4.281518,OWID,Sudan
SDN,2021,4.157954,OWID,Sudan
SDN,2022,4.0310864,OWID,Sudan
SDN,2023,3.9152477,OWID,Sudan
SUR,1983,4.393866,OWID,Suriname
SUR,1984,4.3004513,OWID,Suriname
SUR,1985,4.2010303,OWID,Suriname
SUR,1986,4.1053343,OWID,Suriname
SUR,1987,4.0198216,OWID,Suriname
SUR,1988,3.924802,OWID,Suriname
SUR,1989,3.8300984,OWID,Suriname
SUR,1990,3.7355182,OWID,Suriname
SUR,1991,3.635397,OWID,Suriname
SUR,1992,3.5319483,OWID,Suriname
SUR,1993,3.4227004,OWID,Suriname
SUR,1994,3.316603,OWID,Suriname
SUR,1995,3.2125473,OWID,Suriname
SUR,1996,3.1103234,OWID,Suriname
SUR,1997,3.0089638,OWID,Suriname
SUR,1998,2.9164815,OWID,Suriname
SUR,1999,2.8221328,OWID,Suriname
SUR,2000,2.7339087,OWID,Suriname
SUR,2001,2.647793,OWID,Suriname
SUR,2002,2.5710332,OWID,Suriname
SUR,2003,2.500466,OWID,Suriname
SUR,2004,2.433059,OWID,Suriname
SUR,2005,2.3710442,OWID,Suriname
SUR,2006,2.313686,OWID,Suriname
SUR,2007,2.2598782,OWID,Suriname
SUR,2008,2.2083032,OWID,Suriname
SUR,2009,2.1575427,OWID,Suriname
SUR,2010,2.111864,OWID,Suriname
SUR,2011,2.0681005,OWID,Suriname
SUR,2012,2.0257554,OWID,Suriname
SUR,2013,1.9824306,OWID,Suriname
SUR,2014,1.9411851,OWID,Suriname
SUR,2015,1.8974382,OWID,Suriname
SUR,2016,1.8554473,OWID,Suriname
SUR,2017,1.8128616,OWID,Suriname
SUR,2018,1.763225,OWID,Suriname
SUR,2019,1.7117077,OWID,Suriname
SUR,2020,1.663433,OWID,Suriname
SUR,2021,1.6159843,OWID,Suriname
SUR,2022,1.568525,OWID,Suriname
SUR,2023,1.5184858,OWID,Suriname
SWE,1950,2.205019,OWID,Sweden
SWE,1951,2.0921257,OWID,Sweden
SWE,1952,1.9909788,OWID,Sweden
SWE,1953,1.9044491,OWID,Sweden
SWE,1954,1.8337871,OWID,Sweden
SWE,1955,1.7809592,OWID,Sweden
SWE,1956,1.7412238,OWID,Sweden
SWE,1957,1.7095296,OWID,Sweden
SWE,1958,1.6813062,OWID,Sweden
SWE,1959,1.655793,OWID,Sweden
SWE,1960,1.6304137,OWID,Sweden
SWE,1961,1.6004752,OWID,Sweden
SWE,1962,1.5583938,OWID,Sweden
SWE,1963,1.502216,OWID,Sweden
SWE,1964,1.4383129,OWID,Sweden
SWE,1965,1.3732635,OWID,Sweden
SWE,1966,1.3119465,OWID,Sweden
SWE,1967,1.2588965,OWID,Sweden
SWE,1968,1.2146748,OWID,Sweden
SWE,1969,1.1742748,OWID,Sweden
SWE,1970,1.1336224,OWID,Sweden
SWE,1971,1.0893242,OWID,Sweden
SWE,1972,1.0390382,OWID,Sweden
SWE,1973,0.9836936,OWID,Sweden
SWE,1974,0.9280605,OWID,Sweden
SWE,1975,0.8775018,OWID,Sweden
SWE,1976,0.83358073,OWID,Sweden
SWE,1977,0.79637474,OWID,Sweden
SWE,1978,0.76590663,OWID,Sweden
SWE,1979,0.7396907,OWID,Sweden
SWE,1980,0.71579516,OWID,Sweden
SWE,1981,0.69441026,OWID,Sweden
SWE,1982,0.67672235,OWID,Sweden
SWE,1983,0.6629799,OWID,Sweden
SWE,1984,0.6519671,OWID,Sweden
SWE,1985,0.64277124,OWID,Sweden
SWE,1986,0.6346505,OWID,Sweden
SWE,1987,0.6270996,OWID,Sweden
SWE,1988,0.6188227,OWID,Sweden
SWE,1989,0.6059132,OWID,Sweden
SWE,1990,0.5853007,OWID,Sweden
SWE,1991,0.55579984,OWID,Sweden
SWE,1992,0.51845443,OWID,Sweden
SWE,1993,0.4764852,OWID,Sweden
SWE,1994,0.43682256,OWID,Sweden
SWE,1995,0.40412086,OWID,Sweden
SWE,1996,0.37924233,OWID,Sweden
SWE,1997,0.36180523,OWID,Sweden
SWE,1998,0.35045126,OWID,Sweden
SWE,1999,0.34352127,OWID,Sweden
SWE,2000,0.3388165,OWID,Sweden
SWE,2001,0.33430293,OWID,Sweden
SWE,2002,0.32790488,OWID,Sweden
SWE,2003,0.3188048,OWID,Sweden
SWE,2004,0.30757374,OWID,Sweden
SWE,2005,0.2952492,OWID,Sweden
SWE,2006,0.2829324,OWID,Sweden
SWE,2007,0.2719887,OWID,Sweden
SWE,2008,0.26306254,OWID,Sweden
SWE,2009,0.2558726,OWID,Sweden
SWE,2010,0.2502405,OWID,Sweden
SWE,2011,0.24604896,OWID,Sweden
SWE,2012,0.2428019,OWID,Sweden
SWE,2013,0.23999366,OWID,Sweden
SWE,2014,0.23713395,OWID,Sweden
SWE,2015,0.23381354,OWID,Sweden
SWE,2016,0.22988702,OWID,Sweden
SWE,2017,0.22534566,OWID,Sweden
SWE,2018,0.22037278,OWID,Sweden
SWE,2019,0.21551122,OWID,Sweden
SWE,2020,0.21113428,OWID,Sweden
SWE,2021,0.20748076,OWID,Sweden
SWE,2022,0.20441197,OWID,Sweden
SWE,2023,0.20161277,OWID,Sweden
CHE,1950,3.1346626,OWID,Switzerland
CHE,1951,3.0243697,OWID,Switzerland
CHE,1952,2.914892,OWID,Switzerland
CHE,1953,2.8056667,OWID,Switzerland
CHE,1954,2.6939745,OWID,Switzerland
CHE,1955,2.5786574,OWID,Switzerland
CHE,1956,2.4670982,OWID,Switzerland
CHE,1957,2.366694,OWID,Switzerland
CHE,1958,2.2840152,OWID,Switzerland
CHE,1959,2.2189968,OWID,Switzerland
CHE,1960,2.1697812,OWID,Switzerland
CHE,1961,2.1264007,OWID,Switzerland
CHE,1962,2.0741189,OWID,Switzerland
CHE,1963,2.005943,OWID,Switzerland
CHE,1964,1.9278927,OWID,Switzerland
CHE,1965,1.8466171,OWID,Switzerland
CHE,1966,1.7674643,OWID,Switzerland
CHE,1967,1.694853,OWID,Switzerland
CHE,1968,1.6283776,OWID,Switzerland
CHE,1969,1.5639334,OWID,Switzerland
CHE,1970,1.4981135,OWID,Switzerland
CHE,1971,1.428639,OWID,Switzerland
CHE,1972,1.3552008,OWID,Switzerland
CHE,1973,1.2779032,OWID,Switzerland
CHE,1974,1.1986731,OWID,Switzerland
CHE,1975,1.1198448,OWID,Switzerland
CHE,1976,1.045106,OWID,Switzerland
CHE,1977,0.9786895,OWID,Switzerland
CHE,1978,0.92208564,OWID,Switzerland
CHE,1979,0.87470925,OWID,Switzerland
CHE,1980,0.8357898,OWID,Switzerland
CHE,1981,0.80340904,OWID,Switzerland
CHE,1982,0.7772875,OWID,Switzerland
CHE,1983,0.7560028,OWID,Switzerland
CHE,1984,0.7391935,OWID,Switzerland
CHE,1985,0.72613794,OWID,Switzerland
CHE,1986,0.71545184,OWID,Switzerland
CHE,1987,0.7059663,OWID,Switzerland
CHE,1988,0.6952643,OWID,Switzerland
CHE,1989,0.68119043,OWID,Switzerland
CHE,1990,0.66098577,OWID,Switzerland
CHE,1991,0.6353277,OWID,Switzerland
CHE,1992,0.6060541,OWID,Switzerland
CHE,1993,0.5757179,OWID,Switzerland
CHE,1994,0.5473375,OWID,Switzerland
CHE,1995,0.52339375,OWID,Switzerland
CHE,1996,0.5047147,OWID,Switzerland
CHE,1997,0.49084377,OWID,Switzerland
CHE,1998,0.48110443,OWID,Switzerland
CHE,1999,0.47393686,OWID,Switzerland
CHE,2000,0.467617,OWID,Switzerland
CHE,2001,0.46138212,OWID,Switzerland
CHE,2002,0.45430166,OWID,Switzerland
CHE,2003,0.44589585,OWID,Switzerland
CHE,2004,0.43704498,OWID,Switzerland
CHE,2005,0.42807218,OWID,Switzerland
CHE,2006,0.41921318,OWID,Switzerland
CHE,2007,0.411032,OWID,Switzerland
CHE,2008,0.40378276,OWID,Switzerland
CHE,2009,0.39748648,OWID,Switzerland
CHE,2010,0.3920383,OWID,Switzerland
CHE,2011,0.3875383,OWID,Switzerland
CHE,2012,0.38355893,OWID,Switzerland
CHE,2013,0.3801667,OWID,Switzerland
CHE,2014,0.37665728,OWID,Switzerland
CHE,2015,0.37210733,OWID,Switzerland
CHE,2016,0.36695355,OWID,Switzerland
CHE,2017,0.36199713,OWID,Switzerland
CHE,2018,0.35773104,OWID,Switzerland
CHE,2019,0.354339,OWID,Switzerland
CHE,2020,0.35212702,OWID,Switzerland
CHE,2021,0.35084325,OWID,Switzerland
CHE,2022,0.34979123,OWID,Switzerland
CHE,2023,0.34872866,OWID,Switzerland
SYR,1955,12.592407,OWID,Syria
SYR,1956,12.118858,OWID,Syria
SYR,1957,11.671201,OWID,Syria
SYR,1958,11.259353,OWID,Syria
SYR,1959,10.867941,OWID,Syria
SYR,1960,10.517156,OWID,Syria
SYR,1961,10.19202,OWID,Syria
SYR,1962,9.898493,OWID,Syria
SYR,1963,9.6352215,OWID,Syria
SYR,1964,9.389292,OWID,Syria
SYR,1965,9.138896,OWID,Syria
SYR,1966,8.871927,OWID,Syria
SYR,1967,8.580056,OWID,Syria
SYR,1968,8.265813,OWID,Syria
SYR,1969,7.9401684,OWID,Syria
SYR,1970,7.6111712,OWID,Syria
SYR,1971,7.2940125,OWID,Syria
SYR,1972,6.996672,OWID,Syria
SYR,1973,6.707834,OWID,Syria
SYR,1974,6.4272656,OWID,Syria
SYR,1975,6.157243,OWID,Syria
SYR,1976,5.8864117,OWID,Syria
SYR,1977,5.6157618,OWID,Syria
SYR,1978,5.3466654,OWID,Syria
SYR,1979,5.0811167,OWID,Syria
SYR,1980,4.8276134,OWID,Syria
SYR,1981,4.8448853,OWID,Syria
SYR,1982,5.0363417,OWID,Syria
SYR,1983,4.1715484,OWID,Syria
SYR,1984,3.9862053,OWID,Syria
SYR,1985,3.81607,OWID,Syria
SYR,1986,3.6619651,OWID,Syria
SYR,1987,3.52236,OWID,Syria
SYR,1988,3.394128,OWID,Syria
SYR,1989,3.2763002,OWID,Syria
SYR,1990,3.163494,OWID,Syria
SYR,1991,3.050827,OWID,Syria
SYR,1992,2.9357567,OWID,Syria
SYR,1993,2.8196442,OWID,Syria
SYR,1994,2.700795,OWID,Syria
SYR,1995,2.5827658,OWID,Syria
SYR,1996,2.4662268,OWID,Syria
SYR,1997,2.3553412,OWID,Syria
SYR,1998,2.2529545,OWID,Syria
SYR,1999,2.1604834,OWID,Syria
SYR,2000,2.07941,OWID,Syria
SYR,2001,2.0075202,OWID,Syria
SYR,2002,1.9457171,OWID,Syria
SYR,2003,1.893438,OWID,Syria
SYR,2004,1.850083,OWID,Syria
SYR,2005,1.8143953,OWID,Syria
SYR,2006,1.7860025,OWID,Syria
SYR,2007,1.7667485,OWID,Syria
SYR,2008,1.7590765,OWID,Syria
SYR,2009,1.7559651,OWID,Syria
SYR,2010,1.761999,OWID,Syria
SYR,2011,1.8781713,OWID,Syria
SYR,2012,2.3732464,OWID,Syria
SYR,2013,2.4969656,OWID,Syria
SYR,2014,2.4693763,OWID,Syria
SYR,2015,2.5572712,OWID,Syria
SYR,2016,2.3932602,OWID,Syria
SYR,2017,2.446827,OWID,Syria
SYR,2018,2.4490793,OWID,Syria
SYR,2019,2.1519563,OWID,Syria
SYR,2020,2.0428138,OWID,Syria
SYR,2021,1.9711605,OWID,Syria
SYR,2022,1.9533485,OWID,Syria
SYR,2023,1.9031366,OWID,Syria
TJK,1972,11.365927,OWID,Tajikistan
TJK,1973,11.005718,OWID,Tajikistan
TJK,1974,10.63982,OWID,Tajikistan
TJK,1975,10.325274,OWID,Tajikistan
TJK,1976,10.060225,OWID,Tajikistan
TJK,1977,9.844362,OWID,Tajikistan
TJK,1978,9.695504,OWID,Tajikistan
TJK,1979,9.61206,OWID,Tajikistan
TJK,1980,9.562645,OWID,Tajikistan
TJK,1981,9.5211735,OWID,Tajikistan
TJK,1982,9.450931,OWID,Tajikistan
TJK,1983,9.317599,OWID,Tajikistan
TJK,1984,9.100201,OWID,Tajikistan
TJK,1985,8.796152,OWID,Tajikistan
TJK,1986,8.436207,OWID,Tajikistan
TJK,1987,8.052163,OWID,Tajikistan
TJK,1988,7.739935,OWID,Tajikistan
TJK,1989,7.5651593,OWID,Tajikistan
TJK,1990,7.6022058,OWID,Tajikistan
TJK,1991,7.832767,OWID,Tajikistan
TJK,1992,8.126336,OWID,Tajikistan
TJK,1993,8.343407,OWID,Tajikistan
TJK,1994,8.417369,OWID,Tajikistan
TJK,1995,8.304992,OWID,Tajikistan
TJK,1996,8.027226,OWID,Tajikistan
TJK,1997,7.628835,OWID,Tajikistan
TJK,1998,7.178565,OWID,Tajikistan
TJK,1999,6.7012568,OWID,Tajikistan
TJK,2000,6.220662,OWID,Tajikistan
TJK,2001,5.7470293,OWID,Tajikistan
TJK,2002,5.2979636,OWID,Tajikistan
TJK,2003,4.8711076,OWID,Tajikistan
TJK,2004,4.4846954,OWID,Tajikistan
TJK,2005,4.137699,OWID,Tajikistan
TJK,2006,3.8342729,OWID,Tajikistan
TJK,2007,3.5701995,OWID,Tajikistan
TJK,2008,3.3423507,OWID,Tajikistan
TJK,2009,3.1521275,OWID,Tajikistan
TJK,2010,2.985656,OWID,Tajikistan
TJK,2011,2.8440495,OWID,Tajikistan
TJK,2012,2.722995,OWID,Tajikistan
TJK,2013,2.6253064,OWID,Tajikistan
TJK,2014,2.5448399,OWID,Tajikistan
TJK,2015,2.4729815,OWID,Tajikistan
TJK,2016,2.4137175,OWID,Tajikistan
TJK,2017,2.370051,OWID,Tajikistan
TJK,2018,2.3419015,OWID,Tajikistan
TJK,2019,2.3286252,OWID,Tajikistan
TJK,2020,2.3236785,OWID,Tajikistan
TJK,2021,2.3191905,OWID,Tajikistan
TJK,2022,2.3101075,OWID,Tajikistan
TJK,2023,2.2868772,OWID,Tajikistan
TZA,1951,12.250664,OWID,Tanzania
TZA,1952,12.243309,OWID,Tanzania
TZA,1953,12.222429,OWID,Tanzania
TZA,1954,12.201482,OWID,Tanzania
TZA,1955,12.188499,OWID,Tanzania
TZA,1956,12.183382,OWID,Tanzania
TZA,1957,12.172818,OWID,Tanzania
TZA,1958,12.172041,OWID,Tanzania
TZA,1959,12.172321,OWID,Tanzania
TZA,1960,12.148863,OWID,Tanzania
TZA,1961,12.1269655,OWID,Tanzania
TZA,1962,12.104974,OWID,Tanzania
TZA,1963,12.071625,OWID,Tanzania
TZA,1964,12.017555,OWID,Tanzania
TZA,1965,11.960121,OWID,Tanzania
TZA,1966,11.878194,OWID,Tanzania
TZA,1967,11.793056,OWID,Tanzania
TZA,1968,11.697568,OWID,Tanzania
TZA,1969,11.590456,OWID,Tanzania
TZA,1970,11.491816,OWID,Tanzania
TZA,1971,11.384211,OWID,Tanzania
TZA,1972,11.2622795,OWID,Tanzania
TZA,1973,11.140221,OWID,Tanzania
TZA,1974,10.998765,OWID,Tanzania
TZA,1975,10.857172,OWID,Tanzania
TZA,1976,10.704941,OWID,Tanzania
TZA,1977,10.566808,OWID,Tanzania
TZA,1978,10.449937,OWID,Tanzania
TZA,1979,10.384811,OWID,Tanzania
TZA,1980,10.391954,OWID,Tanzania
TZA,1981,10.4545555,OWID,Tanzania
TZA,1982,10.557619,OWID,Tanzania
TZA,1983,10.679507,OWID,Tanzania
TZA,1984,10.774243,OWID,Tanzania
TZA,1985,10.8246975,OWID,Tanzania
TZA,1986,10.835739,OWID,Tanzania
TZA,1987,10.795037,OWID,Tanzania
TZA,1988,10.723131,OWID,Tanzania
TZA,1989,10.626682,OWID,Tanzania
TZA,1990,10.538091,OWID,Tanzania
TZA,1991,10.462685,OWID,Tanzania
TZA,1992,10.388926,OWID,Tanzania
TZA,1993,10.312785,OWID,Tanzania
TZA,1994,10.223196,OWID,Tanzania
TZA,1995,10.100412,OWID,Tanzania
TZA,1996,9.924703,OWID,Tanzania
TZA,1997,9.683561,OWID,Tanzania
TZA,1998,9.376383,OWID,Tanzania
TZA,1999,8.986806,OWID,Tanzania
TZA,2000,8.533336,OWID,Tanzania
TZA,2001,8.041911,OWID,Tanzania
TZA,2002,7.54386,OWID,Tanzania
TZA,2003,7.065574,OWID,Tanzania
TZA,2004,6.6359487,OWID,Tanzania
TZA,2005,6.2309327,OWID,Tanzania
TZA,2006,5.900993,OWID,Tanzania
TZA,2007,5.559882,OWID,Tanzania
TZA,2008,5.3218594,OWID,Tanzania
TZA,2009,5.0491667,OWID,Tanzania
TZA,2010,4.848609,OWID,Tanzania
TZA,2011,4.656235,OWID,Tanzania
TZA,2012,4.5039315,OWID,Tanzania
TZA,2013,4.3662944,OWID,Tanzania
TZA,2014,4.2278013,OWID,Tanzania
TZA,2015,4.1107497,OWID,Tanzania
TZA,2016,3.9535325,OWID,Tanzania
TZA,2017,3.7678232,OWID,Tanzania
TZA,2018,3.6041117,OWID,Tanzania
TZA,2019,3.4745007,OWID,Tanzania
TZA,2020,3.3469985,OWID,Tanzania
TZA,2021,3.2373946,OWID,Tanzania
TZA,2022,3.1167932,OWID,Tanzania
TZA,2023,2.993273,OWID,Tanzania
THA,1951,15.060939,OWID,Thailand
THA,1952,14.577805,OWID,Thailand
THA,1953,14.111191,OWID,Thailand
THA,1954,13.675089,OWID,Thailand
THA,1955,13.240613,OWID,Thailand
THA,1956,12.818181,OWID,Thailand
THA,1957,12.426207,OWID,Thailand
THA,1958,12.02668,OWID,Thailand
THA,1959,11.647964,OWID,Thailand
THA,1960,11.2760935,OWID,Thailand
THA,1961,10.919569,OWID,Thailand
THA,1962,10.570426,OWID,Thailand
THA,1963,10.232255,OWID,Thailand
THA,1964,9.890937,OWID,Thailand
THA,1965,9.558744,OWID,Thailand
THA,1966,9.232037,OWID,Thailand
THA,1967,8.896119,OWID,Thailand
THA,1968,8.552801,OWID,Thailand
THA,1969,8.208165,OWID,Thailand
THA,1970,7.8549457,OWID,Thailand
THA,1971,7.502601,OWID,Thailand
THA,1972,7.1596956,OWID,Thailand
THA,1973,6.823944,OWID,Thailand
THA,1974,6.5081673,OWID,Thailand
THA,1975,6.209073,OWID,Thailand
THA,1976,5.924305,OWID,Thailand
THA,1977,5.661188,OWID,Thailand
THA,1978,5.4171205,OWID,Thailand
THA,1979,5.185078,OWID,Thailand
THA,1980,4.964789,OWID,Thailand
THA,1981,4.757044,OWID,Thailand
THA,1982,4.558083,OWID,Thailand
THA,1983,4.36433,OWID,Thailand
THA,1984,4.178642,OWID,Thailand
THA,1985,3.9970694,OWID,Thailand
THA,1986,3.8166676,OWID,Thailand
THA,1987,3.6371777,OWID,Thailand
THA,1988,3.4601204,OWID,Thailand
THA,1989,3.2846105,OWID,Thailand
THA,1990,3.11174,OWID,Thailand
THA,1991,2.9447305,OWID,Thailand
THA,1992,2.787748,OWID,Thailand
THA,1993,2.6429024,OWID,Thailand
THA,1994,2.50701,OWID,Thailand
THA,1995,2.3798077,OWID,Thailand
THA,1996,2.2621803,OWID,Thailand
THA,1997,2.1502247,OWID,Thailand
THA,1998,2.0457737,OWID,Thailand
THA,1999,1.9466139,OWID,Thailand
THA,2000,1.8546909,OWID,Thailand
THA,2001,1.7692225,OWID,Thailand
THA,2002,1.6896734,OWID,Thailand
THA,2003,1.613924,OWID,Thailand
THA,2004,1.5449406,OWID,Thailand
THA,2005,1.479127,OWID,Thailand
THA,2006,1.417532,OWID,Thailand
THA,2007,1.3617646,OWID,Thailand
THA,2008,1.3087919,OWID,Thailand
THA,2009,1.2601417,OWID,Thailand
THA,2010,1.2158003,OWID,Thailand
THA,2011,1.1728923,OWID,Thailand
THA,2012,1.1333023,OWID,Thailand
THA,2013,1.0958256,OWID,Thailand
THA,2014,1.0605326,OWID,Thailand
THA,2015,1.0268486,OWID,Thailand
THA,2016,0.9951086,OWID,Thailand
THA,2017,0.96434385,OWID,Thailand
THA,2018,0.9355719,OWID,Thailand
THA,2019,0.90590227,OWID,Thailand
THA,2020,0.8798742,OWID,Thailand
THA,2021,0.85372865,OWID,Thailand
THA,2022,0.82817185,OWID,Thailand
THA,2023,0.8047869,OWID,Thailand
TGO,1944,14.128611,OWID,Togo
TGO,1945,14.095388,OWID,Togo
TGO,1946,14.067602,OWID,Togo
TGO,1947,14.044292,OWID,Togo
TGO,1948,14.017668,OWID,Togo
TGO,1949,13.978892,OWID,Togo
TGO,1950,13.933807,OWID,Togo
TGO,1951,13.900515,OWID,Togo
TGO,1952,13.869219,OWID,Togo
TGO,1953,13.829096,OWID,Togo
TGO,1954,13.787036,OWID,Togo
TGO,1955,13.734773,OWID,Togo
TGO,1956,13.678904,OWID,Togo
TGO,1957,13.612941,OWID,Togo
TGO,1958,13.538293,OWID,Togo
TGO,1959,13.472719,OWID,Togo
TGO,1960,13.391993,OWID,Togo
TGO,1961,13.313677,OWID,Togo
TGO,1962,13.222291,OWID,Togo
TGO,1963,13.125758,OWID,Togo
TGO,1964,13.009394,OWID,Togo
TGO,1965,12.875607,OWID,Togo
TGO,1966,12.724179,OWID,Togo
TGO,1967,12.570186,OWID,Togo
TGO,1968,12.405616,OWID,Togo
TGO,1969,12.228955,OWID,Togo
TGO,1970,12.04129,OWID,Togo
TGO,1971,11.845491,OWID,Togo
TGO,1972,11.647661,OWID,Togo
TGO,1973,11.445041,OWID,Togo
TGO,1974,11.2400055,OWID,Togo
TGO,1975,11.026414,OWID,Togo
TGO,1976,10.809773,OWID,Togo
TGO,1977,10.5988655,OWID,Togo
TGO,1978,10.384804,OWID,Togo
TGO,1979,10.173067,OWID,Togo
TGO,1980,9.968263,OWID,Togo
TGO,1981,9.772231,OWID,Togo
TGO,1982,9.582048,OWID,Togo
TGO,1983,9.400768,OWID,Togo
TGO,1984,9.229913,OWID,Togo
TGO,1985,9.072531,OWID,Togo
TGO,1986,8.934583,OWID,Togo
TGO,1987,8.815055,OWID,Togo
TGO,1988,8.703794,OWID,Togo
TGO,1989,8.608451,OWID,Togo
TGO,1990,8.519772,OWID,Togo
TGO,1991,8.4325285,OWID,Togo
TGO,1992,8.348756,OWID,Togo
TGO,1993,8.253585,OWID,Togo
TGO,1994,8.141611,OWID,Togo
TGO,1995,8.006558,OWID,Togo
TGO,1996,7.8488927,OWID,Togo
TGO,1997,7.6747055,OWID,Togo
TGO,1998,7.4869046,OWID,Togo
TGO,1999,7.284359,OWID,Togo
TGO,2000,7.0789804,OWID,Togo
TGO,2001,6.872118,OWID,Togo
TGO,2002,6.6696343,OWID,Togo
TGO,2003,6.472283,OWID,Togo
TGO,2004,6.2828727,OWID,Togo
TGO,2005,6.1033835,OWID,Togo
TGO,2006,5.934504,OWID,Togo
TGO,2007,5.7722607,OWID,Togo
TGO,2008,5.6137424,OWID,Togo
TGO,2009,5.4572167,OWID,Togo
TGO,2010,5.2991343,OWID,Togo
TGO,2011,5.1406207,OWID,Togo
TGO,2012,4.9824457,OWID,Togo
TGO,2013,4.8306394,OWID,Togo
TGO,2014,4.681186,OWID,Togo
TGO,2015,4.537158,OWID,Togo
TGO,2016,4.400139,OWID,Togo
TGO,2017,4.2692385,OWID,Togo
TGO,2018,4.14215,OWID,Togo
TGO,2019,4.02074,OWID,Togo
TGO,2020,3.909304,OWID,Togo
TGO,2021,3.796884,OWID,Togo
TGO,2022,3.6896677,OWID,Togo
TGO,2023,3.5851312,OWID,Togo
TON,1963,6.217762,OWID,Tonga
TON,1964,5.837343,OWID,Tonga
TON,1965,5.478026,OWID,Tonga
TON,1966,5.1335692,OWID,Tonga
TON,1967,4.804689,OWID,Tonga
TON,1968,4.490311,OWID,Tonga
TON,1969,4.197708,OWID,Tonga
TON,1970,3.9317884,OWID,Tonga
TON,1971,3.6953838,OWID,Tonga
TON,1972,3.483567,OWID,Tonga
TON,1973,3.2944665,OWID,Tonga
TON,1974,3.1317062,OWID,Tonga
TON,1975,2.9812465,OWID,Tonga
TON,1976,2.8441699,OWID,Tonga
TON,1977,2.7191358,OWID,Tonga
TON,1978,2.601649,OWID,Tonga
TON,1979,2.4976528,OWID,Tonga
TON,1980,2.405549,OWID,Tonga
TON,1981,2.3236945,OWID,Tonga
TON,1982,2.2540772,OWID,Tonga
TON,1983,2.1921291,OWID,Tonga
TON,1984,2.1374216,OWID,Tonga
TON,1985,2.0893784,OWID,Tonga
TON,1986,2.0408826,OWID,Tonga
TON,1987,1.9888985,OWID,Tonga
TON,1988,1.9294227,OWID,Tonga
TON,1989,1.8688223,OWID,Tonga
TON,1990,1.8035206,OWID,Tonga
TON,1991,1.7401252,OWID,Tonga
TON,1992,1.6784405,OWID,Tonga
TON,1993,1.6256332,OWID,Tonga
TON,1994,1.5810553,OWID,Tonga
TON,1995,1.5426285,OWID,Tonga
TON,1996,1.5084269,OWID,Tonga
TON,1997,1.4771262,OWID,Tonga
TON,1998,1.4450802,OWID,Tonga
TON,1999,1.4126794,OWID,Tonga
TON,2000,1.3798751,OWID,Tonga
TON,2001,1.3438783,OWID,Tonga
TON,2002,1.306735,OWID,Tonga
TON,2003,1.2703176,OWID,Tonga
TON,2004,1.2352598,OWID,Tonga
TON,2005,1.2014028,OWID,Tonga
TON,2006,1.1684856,OWID,Tonga
TON,2007,1.137345,OWID,Tonga
TON,2008,1.1094573,OWID,Tonga
TON,2009,1.084214,OWID,Tonga
TON,2010,1.0598668,OWID,Tonga
TON,2011,1.036965,OWID,Tonga
TON,2012,1.0171349,OWID,Tonga
TON,2013,0.99854153,OWID,Tonga
TON,2014,0.98059386,OWID,Tonga
TON,2015,0.9613494,OWID,Tonga
TON,2016,0.940853,OWID,Tonga
TON,2017,0.9231018,OWID,Tonga
TON,2018,0.90417457,OWID,Tonga
TON,2019,0.8850802,OWID,Tonga
TON,2020,0.8664193,OWID,Tonga
TON,2021,0.8446918,OWID,Tonga
TON,2022,0.82329714,OWID,Tonga
TON,2023,0.80293745,OWID,Tonga
TTO,1953,7.8584986,OWID,Trinidad and Tobago
TTO,1954,7.6015005,OWID,Trinidad and Tobago
TTO,1955,7.359322,OWID,Trinidad and Tobago
TTO,1956,7.1133766,OWID,Trinidad and Tobago
TTO,1957,6.867984,OWID,Trinidad and Tobago
TTO,1958,6.6403265,OWID,Trinidad and Tobago
TTO,1959,6.422035,OWID,Trinidad and Tobago
TTO,1960,6.2088647,OWID,Trinidad and Tobago
TTO,1961,6.011686,OWID,Trinidad and Tobago
TTO,1962,5.816181,OWID,Trinidad and Tobago
TTO,1963,5.639223,OWID,Trinidad and Tobago
TTO,1964,5.4752474,OWID,Trinidad and Tobago
TTO,1965,5.326411,OWID,Trinidad and Tobago
TTO,1966,5.191796,OWID,Trinidad and Tobago
TTO,1967,5.0705233,OWID,Trinidad and Tobago
TTO,1968,4.9480786,OWID,Trinidad and Tobago
TTO,1969,4.83932,OWID,Trinidad and Tobago
TTO,1970,4.731688,OWID,Trinidad and Tobago
TTO,1971,4.63072,OWID,Trinidad and Tobago
TTO,1972,4.527631,OWID,Trinidad and Tobago
TTO,1973,4.422102,OWID,Trinidad and Tobago
TTO,1974,4.312765,OWID,Trinidad and Tobago
TTO,1975,4.2057676,OWID,Trinidad and Tobago
TTO,1976,4.0962205,OWID,Trinidad and Tobago
TTO,1977,3.9883547,OWID,Trinidad and Tobago
TTO,1978,3.8809276,OWID,Trinidad and Tobago
TTO,1979,3.777619,OWID,Trinidad and Tobago
TTO,1980,3.6774,OWID,Trinidad and Tobago
TTO,1981,3.5800745,OWID,Trinidad and Tobago
TTO,1982,3.488809,OWID,Trinidad and Tobago
TTO,1983,3.4000096,OWID,Trinidad and Tobago
TTO,1984,3.320726,OWID,Trinidad and Tobago
TTO,1985,3.245192,OWID,Trinidad and Tobago
TTO,1986,3.1755662,OWID,Trinidad and Tobago
TTO,1987,3.1112576,OWID,Trinidad and Tobago
TTO,1988,3.0560858,OWID,Trinidad and Tobago
TTO,1989,3.0043566,OWID,Trinidad and Tobago
TTO,1990,2.9562078,OWID,Trinidad and Tobago
TTO,1991,2.913406,OWID,Trinidad and Tobago
TTO,1992,2.8750064,OWID,Trinidad and Tobago
TTO,1993,2.839543,OWID,Trinidad and Tobago
TTO,1994,2.8067012,OWID,Trinidad and Tobago
TTO,1995,2.7767782,OWID,Trinidad and Tobago
TTO,1996,2.7435303,OWID,Trinidad and Tobago
TTO,1997,2.7116203,OWID,Trinidad and Tobago
TTO,1998,2.6795318,OWID,Trinidad and Tobago
TTO,1999,2.6485415,OWID,Trinidad and Tobago
TTO,2000,2.612261,OWID,Trinidad and Tobago
TTO,2001,2.575527,OWID,Trinidad and Tobago
TTO,2002,2.5397475,OWID,Trinidad and Tobago
TTO,2003,2.502317,OWID,Trinidad and Tobago
TTO,2004,2.4655883,OWID,Trinidad and Tobago
TTO,2005,2.4271655,OWID,Trinidad and Tobago
TTO,2006,2.3861094,OWID,Trinidad and Tobago
TTO,2007,2.3455043,OWID,Trinidad and Tobago
TTO,2008,2.3033245,OWID,Trinidad and Tobago
TTO,2009,2.2628398,OWID,Trinidad and Tobago
TTO,2010,2.2257876,OWID,Trinidad and Tobago
TTO,2011,2.1890643,OWID,Trinidad and Tobago
TTO,2012,2.1527998,OWID,Trinidad and Tobago
TTO,2013,2.1171834,OWID,Trinidad and Tobago
TTO,2014,2.078615,OWID,Trinidad and Tobago
TTO,2015,2.040628,OWID,Trinidad and Tobago
TTO,2016,2.0054045,OWID,Trinidad and Tobago
TTO,2017,1.9676678,OWID,Trinidad and Tobago
TTO,2018,1.9340309,OWID,Trinidad and Tobago
TTO,2019,1.8976215,OWID,Trinidad and Tobago
TTO,2020,1.8596253,OWID,Trinidad and Tobago
TTO,2021,1.8147433,OWID,Trinidad and Tobago
TTO,2022,1.7644864,OWID,Trinidad and Tobago
TTO,2023,1.721143,OWID,Trinidad and Tobago
TUN,1962,15.923853,OWID,Tunisia
TUN,1963,15.284308,OWID,Tunisia
TUN,1964,14.669683,OWID,Tunisia
TUN,1965,14.047395,OWID,Tunisia
TUN,1966,13.443518,OWID,Tunisia
TUN,1967,12.828351,OWID,Tunisia
TUN,1968,12.228495,OWID,Tunisia
TUN,1969,11.649901,OWID,Tunisia
TUN,1970,11.071945,OWID,Tunisia
TUN,1971,10.518043,OWID,Tunisia
TUN,1972,9.992057,OWID,Tunisia
TUN,1973,9.465049,OWID,Tunisia
TUN,1974,8.935221,OWID,Tunisia
TUN,1975,8.401346,OWID,Tunisia
TUN,1976,7.879048,OWID,Tunisia
TUN,1977,7.3666906,OWID,Tunisia
TUN,1978,6.8870225,OWID,Tunisia
TUN,1979,6.4511533,OWID,Tunisia
TUN,1980,6.0614104,OWID,Tunisia
TUN,1981,5.70626,OWID,Tunisia
TUN,1982,5.3894277,OWID,Tunisia
TUN,1983,5.1004524,OWID,Tunisia
TUN,1984,4.82846,OWID,Tunisia
TUN,1985,4.58654,OWID,Tunisia
TUN,1986,4.366018,OWID,Tunisia
TUN,1987,4.1701117,OWID,Tunisia
TUN,1988,3.9999707,OWID,Tunisia
TUN,1989,3.8560166,OWID,Tunisia
TUN,1990,3.727561,OWID,Tunisia
TUN,1991,3.6075368,OWID,Tunisia
TUN,1992,3.4956543,OWID,Tunisia
TUN,1993,3.3767836,OWID,Tunisia
TUN,1994,3.252285,OWID,Tunisia
TUN,1995,3.113669,OWID,Tunisia
TUN,1996,2.9709496,OWID,Tunisia
TUN,1997,2.8196483,OWID,Tunisia
TUN,1998,2.6690245,OWID,Tunisia
TUN,1999,2.5251079,OWID,Tunisia
TUN,2000,2.3917708,OWID,Tunisia
TUN,2001,2.2687097,OWID,Tunisia
TUN,2002,2.1544602,OWID,Tunisia
TUN,2003,2.0530515,OWID,Tunisia
TUN,2004,1.9636449,OWID,Tunisia
TUN,2005,1.8856412,OWID,Tunisia
TUN,2006,1.8193939,OWID,Tunisia
TUN,2007,1.7654825,OWID,Tunisia
TUN,2008,1.7220392,OWID,Tunisia
TUN,2009,1.6887609,OWID,Tunisia
TUN,2010,1.6650977,OWID,Tunisia
TUN,2011,1.6472024,OWID,Tunisia
TUN,2012,1.6342955,OWID,Tunisia
TUN,2013,1.6242881,OWID,Tunisia
TUN,2014,1.6136878,OWID,Tunisia
TUN,2015,1.6009167,OWID,Tunisia
TUN,2016,1.5829104,OWID,Tunisia
TUN,2017,1.554709,OWID,Tunisia
TUN,2018,1.5087519,OWID,Tunisia
TUN,2019,1.4398744,OWID,Tunisia
TUN,2020,1.3512298,OWID,Tunisia
TUN,2021,1.2514659,OWID,Tunisia
TUN,2022,1.1494956,OWID,Tunisia
TUN,2023,1.0555985,OWID,Tunisia
TUR,1953,19.419056,OWID,Turkey
TUR,1954,19.301462,OWID,Turkey
TUR,1955,19.155975,OWID,Turkey
TUR,1956,18.974573,OWID,Turkey
TUR,1957,18.774261,OWID,Turkey
TUR,1958,18.537018,OWID,Turkey
TUR,1959,18.254791,OWID,Turkey
TUR,1960,17.90726,OWID,Turkey
TUR,1961,17.492964,OWID,Turkey
TUR,1962,17.059544,OWID,Turkey
TUR,1963,16.612963,OWID,Turkey
TUR,1964,16.173555,OWID,Turkey
TUR,1965,15.769694,OWID,Turkey
TUR,1966,15.388504,OWID,Turkey
TUR,1967,15.036951,OWID,Turkey
TUR,1968,14.708737,OWID,Turkey
TUR,1969,14.395474,OWID,Turkey
TUR,1970,14.0855055,OWID,Turkey
TUR,1971,13.776224,OWID,Turkey
TUR,1972,13.447953,OWID,Turkey
TUR,1973,13.098371,OWID,Turkey
TUR,1974,12.740257,OWID,Turkey
TUR,1975,12.354063,OWID,Turkey
TUR,1976,11.951342,OWID,Turkey
TUR,1977,11.540243,OWID,Turkey
TUR,1978,11.119118,OWID,Turkey
TUR,1979,10.68678,OWID,Turkey
TUR,1980,10.24765,OWID,Turkey
TUR,1981,9.7982025,OWID,Turkey
TUR,1982,9.343035,OWID,Turkey
TUR,1983,8.883,OWID,Turkey
TUR,1984,8.439185,OWID,Turkey
TUR,1985,8.005837,OWID,Turkey
TUR,1986,7.592435,OWID,Turkey
TUR,1987,7.194513,OWID,Turkey
TUR,1988,6.812712,OWID,Turkey
TUR,1989,6.4442496,OWID,Turkey
TUR,1990,6.082437,OWID,Turkey
TUR,1991,5.727106,OWID,Turkey
TUR,1992,5.3810525,OWID,Turkey
TUR,1993,5.0461597,OWID,Turkey
TUR,1994,4.7262063,OWID,Turkey
TUR,1995,4.4183254,OWID,Turkey
TUR,1996,4.124786,OWID,Turkey
TUR,1997,3.8423233,OWID,Turkey
TUR,1998,3.5754185,OWID,Turkey
TUR,1999,3.3214018,OWID,Turkey
TUR,2000,3.0835226,OWID,Turkey
TUR,2001,2.8607333,OWID,Turkey
TUR,2002,2.65105,OWID,Turkey
TUR,2003,2.4566436,OWID,Turkey
TUR,2004,2.275508,OWID,Turkey
TUR,2005,2.1089873,OWID,Turkey
TUR,2006,1.9543059,OWID,Turkey
TUR,2007,1.8140733,OWID,Turkey
TUR,2008,1.6867443,OWID,Turkey
TUR,2009,1.5725865,OWID,Turkey
TUR,2010,1.4689983,OWID,Turkey
TUR,2011,1.3772885,OWID,Turkey
TUR,2012,1.2949965,OWID,Turkey
TUR,2013,1.2213655,OWID,Turkey
TUR,2014,1.1549308,OWID,Turkey
TUR,2015,1.0952613,OWID,Turkey
TUR,2016,1.0417867,OWID,Turkey
TUR,2017,0.9936941,OWID,Turkey
TUR,2018,0.9497454,OWID,Turkey
TUR,2019,0.9085973,OWID,Turkey
TUR,2020,0.8712952,OWID,Turkey
TUR,2021,0.8354218,OWID,Turkey
TUR,2022,0.80134565,OWID,Turkey
TUR,2023,0.9086665,OWID,Turkey
TKM,1977,11.981109,OWID,Turkmenistan
TKM,1978,11.530991,OWID,Turkmenistan
TKM,1979,11.074371,OWID,Turkmenistan
TKM,1980,10.633165,OWID,Turkmenistan
TKM,1981,10.202341,OWID,Turkmenistan
TKM,1982,9.749176,OWID,Turkmenistan
TKM,1983,9.298545,OWID,Turkmenistan
TKM,1984,8.849149,OWID,Turkmenistan
TKM,1985,8.410855,OWID,Turkmenistan
TKM,1986,7.999969,OWID,Turkmenistan
TKM,1987,7.6401305,OWID,Turkmenistan
TKM,1988,7.315065,OWID,Turkmenistan
TKM,1989,7.0584025,OWID,Turkmenistan
TKM,1990,6.874949,OWID,Turkmenistan
TKM,1991,6.782745,OWID,Turkmenistan
TKM,1992,6.7538075,OWID,Turkmenistan
TKM,1993,6.764906,OWID,Turkmenistan
TKM,1994,6.7789793,OWID,Turkmenistan
TKM,1995,6.7662544,OWID,Turkmenistan
TKM,1996,6.7096157,OWID,Turkmenistan
TKM,1997,6.5853095,OWID,Turkmenistan
TKM,1998,6.3956847,OWID,Turkmenistan
TKM,1999,6.1347976,OWID,Turkmenistan
TKM,2000,5.832534,OWID,Turkmenistan
TKM,2001,5.5007405,OWID,Turkmenistan
TKM,2002,5.1712027,OWID,Turkmenistan
TKM,2003,4.857006,OWID,Turkmenistan
TKM,2004,4.567524,OWID,Turkmenistan
TKM,2005,4.297979,OWID,Turkmenistan
TKM,2006,4.066896,OWID,Turkmenistan
TKM,2007,3.873472,OWID,Turkmenistan
TKM,2008,3.7153428,OWID,Turkmenistan
TKM,2009,3.587089,OWID,Turkmenistan
TKM,2010,3.4947324,OWID,Turkmenistan
TKM,2011,3.4296243,OWID,Turkmenistan
TKM,2012,3.3866098,OWID,Turkmenistan
TKM,2013,3.3675697,OWID,Turkmenistan
TKM,2014,3.3608146,OWID,Turkmenistan
TKM,2015,3.3768191,OWID,Turkmenistan
TKM,2016,3.3994477,OWID,Turkmenistan
TKM,2017,3.4163015,OWID,Turkmenistan
TKM,2018,3.4074671,OWID,Turkmenistan
TKM,2019,3.376884,OWID,Turkmenistan
TKM,2020,3.320377,OWID,Turkmenistan
TKM,2021,3.2616706,OWID,Turkmenistan
TKM,2022,3.1977656,OWID,Turkmenistan
TKM,2023,3.122791,OWID,Turkmenistan
TCA,1966,7.562485,OWID,Turks and Caicos Islands
TCA,1967,7.0358443,OWID,Turks and Caicos Islands
TCA,1968,6.560879,OWID,Turks and Caicos Islands
TCA,1969,6.1186867,OWID,Turks and Caicos Islands
TCA,1970,5.700026,OWID,Turks and Caicos Islands
TCA,1971,5.309184,OWID,Turks and Caicos Islands
TCA,1972,4.945529,OWID,Turks and Caicos Islands
TCA,1973,4.6139617,OWID,Turks and Caicos Islands
TCA,1974,4.300896,OWID,Turks and Caicos Islands
TCA,1975,4.004239,OWID,Turks and Caicos Islands
TCA,1976,3.729587,OWID,Turks and Caicos Islands
TCA,1977,3.4816775,OWID,Turks and Caicos Islands
TCA,1978,3.2502906,OWID,Turks and Caicos Islands
TCA,1979,3.0322092,OWID,Turks and Caicos Islands
TCA,1980,2.8317792,OWID,Turks and Caicos Islands
TCA,1981,2.6408484,OWID,Turks and Caicos Islands
TCA,1982,2.4616294,OWID,Turks and Caicos Islands
TCA,1983,2.2971265,OWID,Turks and Caicos Islands
TCA,1984,2.1448734,OWID,Turks and Caicos Islands
TCA,1985,2.0048034,OWID,Turks and Caicos Islands
TCA,1986,1.8760754,OWID,Turks and Caicos Islands
TCA,1987,1.7561553,OWID,Turks and Caicos Islands
TCA,1988,1.640108,OWID,Turks and Caicos Islands
TCA,1989,1.5351251,OWID,Turks and Caicos Islands
TCA,1990,1.4386597,OWID,Turks and Caicos Islands
TCA,1991,1.3468862,OWID,Turks and Caicos Islands
TCA,1992,1.2649843,OWID,Turks and Caicos Islands
TCA,1993,1.1860415,OWID,Turks and Caicos Islands
TCA,1994,1.115805,OWID,Turks and Caicos Islands
TCA,1995,1.0495148,OWID,Turks and Caicos Islands
TCA,1996,0.9884166,OWID,Turks and Caicos Islands
TCA,1997,0.9344236,OWID,Turks and Caicos Islands
TCA,1998,0.883042,OWID,Turks and Caicos Islands
TCA,1999,0.83762956,OWID,Turks and Caicos Islands
TCA,2000,0.79403704,OWID,Turks and Caicos Islands
TCA,2001,0.7539792,OWID,Turks and Caicos Islands
TCA,2002,0.7188381,OWID,Turks and Caicos Islands
TCA,2003,0.68697494,OWID,Turks and Caicos Islands
TCA,2004,0.6592774,OWID,Turks and Caicos Islands
TCA,2005,0.63413733,OWID,Turks and Caicos Islands
TCA,2006,0.6122301,OWID,Turks and Caicos Islands
TCA,2007,0.59235716,OWID,Turks and Caicos Islands
TCA,2008,0.57485986,OWID,Turks and Caicos Islands
TCA,2009,0.5596593,OWID,Turks and Caicos Islands
TCA,2010,0.5450912,OWID,Turks and Caicos Islands
TCA,2011,0.53167945,OWID,Turks and Caicos Islands
TCA,2012,0.5195994,OWID,Turks and Caicos Islands
TCA,2013,0.5080266,OWID,Turks and Caicos Islands
TCA,2014,0.49823803,OWID,Turks and Caicos Islands
TCA,2015,0.48837972,OWID,Turks and Caicos Islands
TCA,2016,0.47813004,OWID,Turks and Caicos Islands
TCA,2017,0.46806479,OWID,Turks and Caicos Islands
TCA,2018,0.45713425,OWID,Turks and Caicos Islands
TCA,2019,0.44638202,OWID,Turks and Caicos Islands
TCA,2020,0.4347497,OWID,Turks and Caicos Islands
TCA,2021,0.4237284,OWID,Turks and Caicos Islands
TCA,2022,0.41236058,OWID,Turks and Caicos Islands
TCA,2023,0.4006226,OWID,Turks and Caicos Islands
TUV,1954,16.91368,OWID,Tuvalu
TUV,1955,16.279816,OWID,Tuvalu
TUV,1956,15.661081,OWID,Tuvalu
TUV,1957,15.072078,OWID,Tuvalu
TUV,1958,14.542334,OWID,Tuvalu
TUV,1959,14.023065,OWID,Tuvalu
TUV,1960,13.525532,OWID,Tuvalu
TUV,1961,13.043738,OWID,Tuvalu
TUV,1962,12.543656,OWID,Tuvalu
TUV,1963,12.056064,OWID,Tuvalu
TUV,1964,11.573284,OWID,Tuvalu
TUV,1965,11.087808,OWID,Tuvalu
TUV,1966,10.613568,OWID,Tuvalu
TUV,1967,10.148067,OWID,Tuvalu
TUV,1968,9.691614,OWID,Tuvalu
TUV,1969,9.247878,OWID,Tuvalu
TUV,1970,8.804915,OWID,Tuvalu
TUV,1971,8.362,OWID,Tuvalu
TUV,1972,7.928305,OWID,Tuvalu
TUV,1973,7.5046453,OWID,Tuvalu
TUV,1974,7.0767474,OWID,Tuvalu
TUV,1975,6.685371,OWID,Tuvalu
TUV,1976,6.3253365,OWID,Tuvalu
TUV,1977,6.0037036,OWID,Tuvalu
TUV,1978,5.7333493,OWID,Tuvalu
TUV,1979,5.4891915,OWID,Tuvalu
TUV,1980,5.281783,OWID,Tuvalu
TUV,1981,5.109232,OWID,Tuvalu
TUV,1982,4.958026,OWID,Tuvalu
TUV,1983,4.8305564,OWID,Tuvalu
TUV,1984,4.7288175,OWID,Tuvalu
TUV,1985,4.6533284,OWID,Tuvalu
TUV,1986,4.604887,OWID,Tuvalu
TUV,1987,4.56204,OWID,Tuvalu
TUV,1988,4.525574,OWID,Tuvalu
TUV,1989,4.4904976,OWID,Tuvalu
TUV,1990,4.4577475,OWID,Tuvalu
TUV,1991,4.4141397,OWID,Tuvalu
TUV,1992,4.3595486,OWID,Tuvalu
TUV,1993,4.294606,OWID,Tuvalu
TUV,1994,4.218396,OWID,Tuvalu
TUV,1995,4.1285853,OWID,Tuvalu
TUV,1996,4.0256643,OWID,Tuvalu
TUV,1997,3.914412,OWID,Tuvalu
TUV,1998,3.7959523,OWID,Tuvalu
TUV,1999,3.6852214,OWID,Tuvalu
TUV,2000,3.5841858,OWID,Tuvalu
TUV,2001,3.502332,OWID,Tuvalu
TUV,2002,3.4290547,OWID,Tuvalu
TUV,2003,3.3610513,OWID,Tuvalu
TUV,2004,3.2886362,OWID,Tuvalu
TUV,2005,3.210246,OWID,Tuvalu
TUV,2006,3.1170237,OWID,Tuvalu
TUV,2007,3.0128717,OWID,Tuvalu
TUV,2008,2.898841,OWID,Tuvalu
TUV,2009,2.782661,OWID,Tuvalu
TUV,2010,2.6711788,OWID,Tuvalu
TUV,2011,2.5691803,OWID,Tuvalu
TUV,2012,2.474663,OWID,Tuvalu
TUV,2013,2.3871205,OWID,Tuvalu
TUV,2014,2.3060112,OWID,Tuvalu
TUV,2015,2.22774,OWID,Tuvalu
TUV,2016,2.15259,OWID,Tuvalu
TUV,2017,2.0779617,OWID,Tuvalu
TUV,2018,2.0114527,OWID,Tuvalu
TUV,2019,1.9450477,OWID,Tuvalu
TUV,2020,1.8799919,OWID,Tuvalu
TUV,2021,1.8237176,OWID,Tuvalu
TUV,2022,1.7664738,OWID,Tuvalu
TUV,2023,1.7129034,OWID,Tuvalu
UGA,1953,14.197413,OWID,Uganda
UGA,1954,13.925811,OWID,Uganda
UGA,1955,13.6607065,OWID,Uganda
UGA,1956,13.404411,OWID,Uganda
UGA,1957,13.181321,OWID,Uganda
UGA,1958,12.94626,OWID,Uganda
UGA,1959,12.710738,OWID,Uganda
UGA,1960,12.478998,OWID,Uganda
UGA,1961,12.259522,OWID,Uganda
UGA,1962,12.057542,OWID,Uganda
UGA,1963,11.875138,OWID,Uganda
UGA,1964,11.69534,OWID,Uganda
UGA,1965,11.524363,OWID,Uganda
UGA,1966,11.343119,OWID,Uganda
UGA,1967,11.167911,OWID,Uganda
UGA,1968,11.013267,OWID,Uganda
UGA,1969,10.893857,OWID,Uganda
UGA,1970,10.827844,OWID,Uganda
UGA,1971,10.830758,OWID,Uganda
UGA,1972,10.897845,OWID,Uganda
UGA,1973,11.028442,OWID,Uganda
UGA,1974,11.222077,OWID,Uganda
UGA,1975,11.472891,OWID,Uganda
UGA,1976,11.766169,OWID,Uganda
UGA,1977,12.064658,OWID,Uganda
UGA,1978,12.32368,OWID,Uganda
UGA,1979,12.513425,OWID,Uganda
UGA,1980,12.685731,OWID,Uganda
UGA,1981,12.660476,OWID,Uganda
UGA,1982,12.466293,OWID,Uganda
UGA,1983,12.174451,OWID,Uganda
UGA,1984,11.872945,OWID,Uganda
UGA,1985,11.585207,OWID,Uganda
UGA,1986,11.351378,OWID,Uganda
UGA,1987,11.161917,OWID,Uganda
UGA,1988,11.014048,OWID,Uganda
UGA,1989,10.90409,OWID,Uganda
UGA,1990,10.717571,OWID,Uganda
UGA,1991,10.510003,OWID,Uganda
UGA,1992,10.299183,OWID,Uganda
UGA,1993,10.109991,OWID,Uganda
UGA,1994,9.968781,OWID,Uganda
UGA,1995,9.878677,OWID,Uganda
UGA,1996,9.814554,OWID,Uganda
UGA,1997,9.713451,OWID,Uganda
UGA,1998,9.546128,OWID,Uganda
UGA,1999,9.301206,OWID,Uganda
UGA,2000,8.977557,OWID,Uganda
UGA,2001,8.586074,OWID,Uganda
UGA,2002,8.142569,OWID,Uganda
UGA,2003,7.6567097,OWID,Uganda
UGA,2004,7.1652513,OWID,Uganda
UGA,2005,6.6973324,OWID,Uganda
UGA,2006,6.273995,OWID,Uganda
UGA,2007,5.8693557,OWID,Uganda
UGA,2008,5.511001,OWID,Uganda
UGA,2009,5.2429523,OWID,Uganda
UGA,2010,4.9511347,OWID,Uganda
UGA,2011,4.6662574,OWID,Uganda
UGA,2012,4.4133167,OWID,Uganda
UGA,2013,4.215789,OWID,Uganda
UGA,2014,4.028045,OWID,Uganda
UGA,2015,3.8423738,OWID,Uganda
UGA,2016,3.640205,OWID,Uganda
UGA,2017,3.4616332,OWID,Uganda
UGA,2018,3.2934036,OWID,Uganda
UGA,2019,3.1712952,OWID,Uganda
UGA,2020,3.0611258,OWID,Uganda
UGA,2021,2.9527676,OWID,Uganda
UGA,2022,2.8690393,OWID,Uganda
UGA,2023,2.7563071,OWID,Uganda
UKR,1971,2.881395,OWID,Ukraine
UKR,1972,2.811295,OWID,Ukraine
UKR,1973,2.7404673,OWID,Ukraine
UKR,1974,2.6791108,OWID,Ukraine
UKR,1975,2.6297598,OWID,Ukraine
UKR,1976,2.5893443,OWID,Ukraine
UKR,1977,2.5514514,OWID,Ukraine
UKR,1978,2.5188158,OWID,Ukraine
UKR,1979,2.4810462,OWID,Ukraine
UKR,1980,2.4299932,OWID,Ukraine
UKR,1981,2.3736393,OWID,Ukraine
UKR,1982,2.3055072,OWID,Ukraine
UKR,1983,2.2303593,OWID,Ukraine
UKR,1984,2.150934,OWID,Ukraine
UKR,1985,2.0760074,OWID,Ukraine
UKR,1986,2.0048914,OWID,Ukraine
UKR,1987,1.9383156,OWID,Ukraine
UKR,1988,1.8862706,OWID,Ukraine
UKR,1989,1.846847,OWID,Ukraine
UKR,1990,1.827926,OWID,Ukraine
UKR,1991,1.830382,OWID,Ukraine
UKR,1992,1.849367,OWID,Ukraine
UKR,1993,1.8800817,OWID,Ukraine
UKR,1994,1.9146804,OWID,Ukraine
UKR,1995,1.9386177,OWID,Ukraine
UKR,1996,1.9431379,OWID,Ukraine
UKR,1997,1.926596,OWID,Ukraine
UKR,1998,1.8884149,OWID,Ukraine
UKR,1999,1.8304031,OWID,Ukraine
UKR,2000,1.7595885,OWID,Ukraine
UKR,2001,1.6808413,OWID,Ukraine
UKR,2002,1.6014793,OWID,Ukraine
UKR,2003,1.5270015,OWID,Ukraine
UKR,2004,1.4586562,OWID,Ukraine
UKR,2005,1.4005103,OWID,Ukraine
UKR,2006,1.3506216,OWID,Ukraine
UKR,2007,1.3020488,OWID,Ukraine
UKR,2008,1.2493402,OWID,Ukraine
UKR,2009,1.1932912,OWID,Ukraine
UKR,2010,1.1376137,OWID,Ukraine
UKR,2011,1.0841982,OWID,Ukraine
UKR,2012,1.0347989,OWID,Ukraine
UKR,2013,0.9908923,OWID,Ukraine
UKR,2014,0.95185375,OWID,Ukraine
UKR,2015,0.9181753,OWID,Ukraine
UKR,2016,0.8895548,OWID,Ukraine
UKR,2017,0.8655031,OWID,Ukraine
UKR,2018,0.8450249,OWID,Ukraine
UKR,2019,0.82773924,OWID,Ukraine
UKR,2020,0.8136619,OWID,Ukraine
UKR,2021,0.80180985,OWID,Ukraine
UKR,2022,0.79602444,OWID,Ukraine
UKR,2023,0.7783792,OWID,Ukraine
ARE,1960,14.539412,OWID,United Arab Emirates
ARE,1961,13.849607,OWID,United Arab Emirates
ARE,1962,13.116424,OWID,United Arab Emirates
ARE,1963,12.387844,OWID,United Arab Emirates
ARE,1964,11.665869,OWID,United Arab Emirates
ARE,1965,10.9115925,OWID,United Arab Emirates
ARE,1966,10.167854,OWID,United Arab Emirates
ARE,1967,9.410173,OWID,United Arab Emirates
ARE,1968,8.663507,OWID,United Arab Emirates
ARE,1969,7.9370365,OWID,United Arab Emirates
ARE,1970,7.2431445,OWID,United Arab Emirates
ARE,1971,6.5884047,OWID,United Arab Emirates
ARE,1972,5.9781656,OWID,United Arab Emirates
ARE,1973,5.4145775,OWID,United Arab Emirates
ARE,1974,4.899136,OWID,United Arab Emirates
ARE,1975,4.4320474,OWID,United Arab Emirates
ARE,1976,3.99895,OWID,United Arab Emirates
ARE,1977,3.6014974,OWID,United Arab Emirates
ARE,1978,3.2390668,OWID,United Arab Emirates
ARE,1979,2.9106448,OWID,United Arab Emirates
ARE,1980,2.6160867,OWID,United Arab Emirates
ARE,1981,2.3606665,OWID,United Arab Emirates
ARE,1982,2.140943,OWID,United Arab Emirates
ARE,1983,1.9488631,OWID,United Arab Emirates
ARE,1984,1.7867388,OWID,United Arab Emirates
ARE,1985,1.6466397,OWID,United Arab Emirates
ARE,1986,1.5255675,OWID,United Arab Emirates
ARE,1987,1.4209877,OWID,United Arab Emirates
ARE,1988,1.3293713,OWID,United Arab Emirates
ARE,1989,1.249367,OWID,United Arab Emirates
ARE,1990,1.1796002,OWID,United Arab Emirates
ARE,1991,1.1185569,OWID,United Arab Emirates
ARE,1992,1.0672764,OWID,United Arab Emirates
ARE,1993,1.0230968,OWID,United Arab Emirates
ARE,1994,0.984721,OWID,United Arab Emirates
ARE,1995,0.9518833,OWID,United Arab Emirates
ARE,1996,0.9241631,OWID,United Arab Emirates
ARE,1997,0.9005197,OWID,United Arab Emirates
ARE,1998,0.8802545,OWID,United Arab Emirates
ARE,1999,0.86213315,OWID,United Arab Emirates
ARE,2000,0.84575474,OWID,United Arab Emirates
ARE,2001,0.831041,OWID,United Arab Emirates
ARE,2002,0.8166969,OWID,United Arab Emirates
ARE,2003,0.8028054,OWID,United Arab Emirates
ARE,2004,0.7885599,OWID,United Arab Emirates
ARE,2005,0.77407295,OWID,United Arab Emirates
ARE,2006,0.7598775,OWID,United Arab Emirates
ARE,2007,0.7451932,OWID,United Arab Emirates
ARE,2008,0.7304906,OWID,United Arab Emirates
ARE,2009,0.71547484,OWID,United Arab Emirates
ARE,2010,0.6995456,OWID,United Arab Emirates
ARE,2011,0.6839791,OWID,United Arab Emirates
ARE,2012,0.66750294,OWID,United Arab Emirates
ARE,2013,0.64941984,OWID,United Arab Emirates
ARE,2014,0.6296627,OWID,United Arab Emirates
ARE,2015,0.6075254,OWID,United Arab Emirates
ARE,2016,0.58265,OWID,United Arab Emirates
ARE,2017,0.55577207,OWID,United Arab Emirates
ARE,2018,0.52727216,OWID,United Arab Emirates
ARE,2019,0.49862236,OWID,United Arab Emirates
ARE,2020,0.4705327,OWID,United Arab Emirates
ARE,2021,0.44386435,OWID,United Arab Emirates
ARE,2022,0.41869155,OWID,United Arab Emirates
ARE,2023,0.39632216,OWID,United Arab Emirates
GBR,1949,3.2788982,OWID,United Kingdom
GBR,1950,3.145908,OWID,United Kingdom
GBR,1951,3.0167377,OWID,United Kingdom
GBR,1952,2.8885965,OWID,United Kingdom
GBR,1953,2.765544,OWID,United Kingdom
GBR,1954,2.652017,OWID,United Kingdom
GBR,1955,2.5537715,OWID,United Kingdom
GBR,1956,2.4740527,OWID,United Kingdom
GBR,1957,2.4114327,OWID,United Kingdom
GBR,1958,2.3642614,OWID,United Kingdom
GBR,1959,2.3266025,OWID,United Kingdom
GBR,1960,2.29226,OWID,United Kingdom
GBR,1961,2.2551146,OWID,United Kingdom
GBR,1962,2.2090983,OWID,United Kingdom
GBR,1963,2.1510453,OWID,United Kingdom
GBR,1964,2.0849645,OWID,United Kingdom
GBR,1965,2.0203302,OWID,United Kingdom
GBR,1966,1.9629124,OWID,United Kingdom
GBR,1967,1.9148401,OWID,United Kingdom
GBR,1968,1.8767526,OWID,United Kingdom
GBR,1969,1.8444455,OWID,United Kingdom
GBR,1970,1.8105022,OWID,United Kingdom
GBR,1971,1.7706759,OWID,United Kingdom
GBR,1972,1.7232523,OWID,United Kingdom
GBR,1973,1.667627,OWID,United Kingdom
GBR,1974,1.6063917,OWID,United Kingdom
GBR,1975,1.541634,OWID,United Kingdom
GBR,1976,1.4758339,OWID,United Kingdom
GBR,1977,1.4091156,OWID,United Kingdom
GBR,1978,1.3419381,OWID,United Kingdom
GBR,1979,1.2742807,OWID,United Kingdom
GBR,1980,1.2068254,OWID,United Kingdom
GBR,1981,1.1411033,OWID,United Kingdom
GBR,1982,1.082306,OWID,United Kingdom
GBR,1983,1.033889,OWID,United Kingdom
GBR,1984,0.9954942,OWID,United Kingdom
GBR,1985,0.9653458,OWID,United Kingdom
GBR,1986,0.9397947,OWID,United Kingdom
GBR,1987,0.912261,OWID,United Kingdom
GBR,1988,0.8774469,OWID,United Kingdom
GBR,1989,0.8346454,OWID,United Kingdom
GBR,1990,0.78553367,OWID,United Kingdom
GBR,1991,0.73487675,OWID,United Kingdom
GBR,1992,0.6889069,OWID,United Kingdom
GBR,1993,0.65254927,OWID,United Kingdom
GBR,1994,0.625643,OWID,United Kingdom
GBR,1995,0.6062788,OWID,United Kingdom
GBR,1996,0.59232736,OWID,United Kingdom
GBR,1997,0.58151466,OWID,United Kingdom
GBR,1998,0.57174927,OWID,United Kingdom
GBR,1999,0.56261635,OWID,United Kingdom
GBR,2000,0.55403453,OWID,United Kingdom
GBR,2001,0.54602426,OWID,United Kingdom
GBR,2002,0.538353,OWID,United Kingdom
GBR,2003,0.530732,OWID,United Kingdom
GBR,2004,0.52277,OWID,United Kingdom
GBR,2005,0.51390606,OWID,United Kingdom
GBR,2006,0.503504,OWID,United Kingdom
GBR,2007,0.49120355,OWID,United Kingdom
GBR,2008,0.47675902,OWID,United Kingdom
GBR,2009,0.460552,OWID,United Kingdom
GBR,2010,0.44367126,OWID,United Kingdom
GBR,2011,0.42723858,OWID,United Kingdom
GBR,2012,0.41272026,OWID,United Kingdom
GBR,2013,0.4011114,OWID,United Kingdom
GBR,2014,0.39271867,OWID,United Kingdom
GBR,2015,0.38720694,OWID,United Kingdom
GBR,2016,0.38414603,OWID,United Kingdom
GBR,2017,0.38286802,OWID,United Kingdom
GBR,2018,0.3829413,OWID,United Kingdom
GBR,2019,0.38423815,OWID,United Kingdom
GBR,2020,0.38723782,OWID,United Kingdom
GBR,2021,0.39143732,OWID,United Kingdom
GBR,2022,0.39455947,OWID,United Kingdom
GBR,2023,0.39514723,OWID,United Kingdom
USA,1949,3.3237698,OWID,United States
USA,1950,3.236031,OWID,United States
USA,1951,3.1497931,OWID,United States
USA,1952,3.0653617,OWID,United States
USA,1953,2.9849122,OWID,United States
USA,1954,2.9108844,OWID,United States
USA,1955,2.8441715,OWID,United States
USA,1956,2.7864394,OWID,United States
USA,1957,2.734702,OWID,United States
USA,1958,2.6870918,OWID,United States
USA,1959,2.6417334,OWID,United States
USA,1960,2.59472,OWID,United States
USA,1961,2.5456998,OWID,United States
USA,1962,2.495954,OWID,United States
USA,1963,2.4449918,OWID,United States
USA,1964,2.3919356,OWID,United States
USA,1965,2.3352394,OWID,United States
USA,1966,2.2749763,OWID,United States
USA,1967,2.210241,OWID,United States
USA,1968,2.1413105,OWID,United States
USA,1969,2.068654,OWID,United States
USA,1970,1.9923099,OWID,United States
USA,1971,1.9138746,OWID,United States
USA,1972,1.8336139,OWID,United States
USA,1973,1.7530324,OWID,United States
USA,1974,1.6729909,OWID,United States
USA,1975,1.5939686,OWID,United States
USA,1976,1.5174141,OWID,United States
USA,1977,1.4447078,OWID,United States
USA,1978,1.3772533,OWID,United States
USA,1979,1.3148211,OWID,United States
USA,1980,1.25762,OWID,United States
USA,1981,1.2061588,OWID,United States
USA,1982,1.1611668,OWID,United States
USA,1983,1.1222923,OWID,United States
USA,1984,1.0889944,OWID,United States
USA,1985,1.060941,OWID,United States
USA,1986,1.0363588,OWID,United States
USA,1987,1.0133418,OWID,United States
USA,1988,0.9901014,OWID,United States
USA,1989,0.9651089,OWID,United States
USA,1990,0.93741906,OWID,United States
USA,1991,0.9074986,OWID,United States
USA,1992,0.8766271,OWID,United States
USA,1993,0.84614664,OWID,United States
USA,1994,0.8173043,OWID,United States
USA,1995,0.7914193,OWID,United States
USA,1996,0.7689141,OWID,United States
USA,1997,0.7499958,OWID,United States
USA,1998,0.73476607,OWID,United States
USA,1999,0.7223915,OWID,United States
USA,2000,0.71200204,OWID,United States
USA,2001,0.70334935,OWID,United States
USA,2002,0.69601095,OWID,United States
USA,2003,0.68961555,OWID,United States
USA,2004,0.68333644,OWID,United States
USA,2005,0.67648274,OWID,United States
USA,2006,0.6684316,OWID,United States
USA,2007,0.6587707,OWID,United States
USA,2008,0.64745986,OWID,United States
USA,2009,0.63542414,OWID,United States
USA,2010,0.6232945,OWID,United States
USA,2011,0.6114577,OWID,United States
USA,2012,0.6008047,OWID,United States
USA,2013,0.59162027,OWID,United States
USA,2014,0.58342177,OWID,United States
USA,2015,0.5758229,OWID,United States
USA,2016,0.5688577,OWID,United States
USA,2017,0.5623799,OWID,United States
USA,2018,0.55675703,OWID,United States
USA,2019,0.55229694,OWID,United States
USA,2020,0.54977095,OWID,United States
USA,2021,0.5487716,OWID,United States
USA,2022,0.54885364,OWID,United States
USA,2023,0.54917383,OWID,United States
,1990,4.541769,OWID,Upper-middle-income countries
,1991,4.447128,OWID,Upper-middle-income countries
,1992,4.315748,OWID,Upper-middle-income countries
,1993,4.179475,OWID,Upper-middle-income countries
,1994,4.0304394,OWID,Upper-middle-income countries
,1995,3.8775692,OWID,Upper-middle-income countries
,1996,3.719355,OWID,Upper-middle-income countries
,1997,3.5580418,OWID,Upper-middle-income countries
,1998,3.393405,OWID,Upper-middle-income countries
,1999,3.2273107,OWID,Upper-middle-income countries
,2000,3.0597174,OWID,Upper-middle-income countries
,2001,2.8960133,OWID,Upper-middle-income countries
,2002,2.731672,OWID,Upper-middle-income countries
,2003,2.5749478,OWID,Upper-middle-income countries
,2004,2.453356,OWID,Upper-middle-income countries
,2005,2.2870173,OWID,Upper-middle-income countries
,2006,2.1529996,OWID,Upper-middle-income countries
,2007,2.0269864,OWID,Upper-middle-income countries
,2008,1.9070047,OWID,Upper-middle-income countries
,2009,1.7969729,OWID,Upper-middle-income countries
,2010,1.7061404,OWID,Upper-middle-income countries
,2011,1.626779,OWID,Upper-middle-income countries
,2012,1.5343084,OWID,Upper-middle-income countries
,2013,1.4701134,OWID,Upper-middle-income countries
,2014,1.3957396,OWID,Upper-middle-income countries
,2015,1.3458705,OWID,Upper-middle-income countries
,2016,1.2819812,OWID,Upper-middle-income countries
,2017,1.218861,OWID,Upper-middle-income countries
,2018,1.2097937,OWID,Upper-middle-income countries
,2019,1.1781195,OWID,Upper-middle-income countries
,2020,1.1857129,OWID,Upper-middle-income countries
,2021,1.1756806,OWID,Upper-middle-income countries
,2022,1.1634169,OWID,Upper-middle-income countries
,2023,1.1504475,OWID,Upper-middle-income countries
URY,1949,5.574273,OWID,Uruguay
URY,1950,5.4903674,OWID,Uruguay
URY,1951,5.4180226,OWID,Uruguay
URY,1952,5.365965,OWID,Uruguay
URY,1953,5.34208,OWID,Uruguay
URY,1954,5.3598857,OWID,Uruguay
URY,1955,5.4188447,OWID,Uruguay
URY,1956,5.5107026,OWID,Uruguay
URY,1957,5.61994,OWID,Uruguay
URY,1958,5.702058,OWID,Uruguay
URY,1959,5.717428,OWID,Uruguay
URY,1960,5.662983,OWID,Uruguay
URY,1961,5.5611424,OWID,Uruguay
URY,1962,5.4359717,OWID,Uruguay
URY,1963,5.319998,OWID,Uruguay
URY,1964,5.2383356,OWID,Uruguay
URY,1965,5.19048,OWID,Uruguay
URY,1966,5.1620207,OWID,Uruguay
URY,1967,5.1338353,OWID,Uruguay
URY,1968,5.0798273,OWID,Uruguay
URY,1969,4.9813237,OWID,Uruguay
URY,1970,4.8724313,OWID,Uruguay
URY,1971,4.806478,OWID,Uruguay
URY,1972,4.8087344,OWID,Uruguay
URY,1973,4.856083,OWID,Uruguay
URY,1974,4.9184422,OWID,Uruguay
URY,1975,4.9416957,OWID,Uruguay
URY,1976,4.8623447,OWID,Uruguay
URY,1977,4.651115,OWID,Uruguay
URY,1978,4.3326554,OWID,Uruguay
URY,1979,3.945125,OWID,Uruguay
URY,1980,3.5528634,OWID,Uruguay
URY,1981,3.2127404,OWID,Uruguay
URY,1982,2.9498172,OWID,Uruguay
URY,1983,2.7556324,OWID,Uruguay
URY,1984,2.620947,OWID,Uruguay
URY,1985,2.519865,OWID,Uruguay
URY,1986,2.4201248,OWID,Uruguay
URY,1987,2.3104572,OWID,Uruguay
URY,1988,2.2094865,OWID,Uruguay
URY,1989,2.133535,OWID,Uruguay
URY,1990,2.07969,OWID,Uruguay
URY,1991,2.0402546,OWID,Uruguay
URY,1992,2.006164,OWID,Uruguay
URY,1993,1.9676747,OWID,Uruguay
URY,1994,1.9164499,OWID,Uruguay
URY,1995,1.8505298,OWID,Uruguay
URY,1996,1.7703067,OWID,Uruguay
URY,1997,1.6827067,OWID,Uruguay
URY,1998,1.5983336,OWID,Uruguay
URY,1999,1.5279489,OWID,Uruguay
URY,2000,1.4728289,OWID,Uruguay
URY,2001,1.4319589,OWID,Uruguay
URY,2002,1.3990245,OWID,Uruguay
URY,2003,1.3611488,OWID,Uruguay
URY,2004,1.3071393,OWID,Uruguay
URY,2005,1.2392257,OWID,Uruguay
URY,2006,1.1645964,OWID,Uruguay
URY,2007,1.0904644,OWID,Uruguay
URY,2008,1.0230656,OWID,Uruguay
URY,2009,0.96688104,OWID,Uruguay
URY,2010,0.92175883,OWID,Uruguay
URY,2011,0.8849616,OWID,Uruguay
URY,2012,0.8545016,OWID,Uruguay
URY,2013,0.82459015,OWID,Uruguay
URY,2014,0.7911443,OWID,Uruguay
URY,2015,0.75446147,OWID,Uruguay
URY,2016,0.7162083,OWID,Uruguay
URY,2017,0.6788386,OWID,Uruguay
URY,2018,0.6453953,OWID,Uruguay
URY,2019,0.6181583,OWID,Uruguay
URY,2020,0.59616846,OWID,Uruguay
URY,2021,0.57871366,OWID,Uruguay
URY,2022,0.564521,OWID,Uruguay
URY,2023,0.55142933,OWID,Uruguay
UZB,1979,10.003292,OWID,Uzbekistan
UZB,1980,9.406256,OWID,Uzbekistan
UZB,1981,8.829416,OWID,Uzbekistan
UZB,1982,8.304862,OWID,Uzbekistan
UZB,1983,7.8165216,OWID,Uzbekistan
UZB,1984,7.3829746,OWID,Uzbekistan
UZB,1985,7.000417,OWID,Uzbekistan
UZB,1986,6.6769814,OWID,Uzbekistan
UZB,1987,6.4039993,OWID,Uzbekistan
UZB,1988,6.208007,OWID,Uzbekistan
UZB,1989,6.085826,OWID,Uzbekistan
UZB,1990,6.040935,OWID,Uzbekistan
UZB,1991,6.0526967,OWID,Uzbekistan
UZB,1992,6.0795913,OWID,Uzbekistan
UZB,1993,6.0911627,OWID,Uzbekistan
UZB,1994,6.086904,OWID,Uzbekistan
UZB,1995,6.0700564,OWID,Uzbekistan
UZB,1996,6.0325317,OWID,Uzbekistan
UZB,1997,5.957799,OWID,Uzbekistan
UZB,1998,5.850485,OWID,Uzbekistan
UZB,1999,5.702731,OWID,Uzbekistan
UZB,2000,5.51394,OWID,Uzbekistan
UZB,2001,5.2900167,OWID,Uzbekistan
UZB,2002,5.0339303,OWID,Uzbekistan
UZB,2003,4.760014,OWID,Uzbekistan
UZB,2004,4.4720592,OWID,Uzbekistan
UZB,2005,4.174107,OWID,Uzbekistan
UZB,2006,3.8782744,OWID,Uzbekistan
UZB,2007,3.5834105,OWID,Uzbekistan
UZB,2008,3.3022273,OWID,Uzbekistan
UZB,2009,3.0353615,OWID,Uzbekistan
UZB,2010,2.787863,OWID,Uzbekistan
UZB,2011,2.559485,OWID,Uzbekistan
UZB,2012,2.3512778,OWID,Uzbekistan
UZB,2013,2.1657112,OWID,Uzbekistan
UZB,2014,2.0019457,OWID,Uzbekistan
UZB,2015,1.8597399,OWID,Uzbekistan
UZB,2016,1.7372391,OWID,Uzbekistan
UZB,2017,1.6350625,OWID,Uzbekistan
UZB,2018,1.5507278,OWID,Uzbekistan
UZB,2019,1.4810791,OWID,Uzbekistan
UZB,2020,1.4204316,OWID,Uzbekistan
UZB,2021,1.366012,OWID,Uzbekistan
UZB,2022,1.3147473,OWID,Uzbekistan
UZB,2023,1.266862,OWID,Uzbekistan
VUT,1952,13.153831,OWID,Vanuatu
VUT,1953,12.869762,OWID,Vanuatu
VUT,1954,12.618252,OWID,Vanuatu
VUT,1955,12.350468,OWID,Vanuatu
VUT,1956,12.1167,OWID,Vanuatu
VUT,1957,11.879576,OWID,Vanuatu
VUT,1958,11.638114,OWID,Vanuatu
VUT,1959,11.405275,OWID,Vanuatu
VUT,1960,11.144028,OWID,Vanuatu
VUT,1961,10.87186,OWID,Vanuatu
VUT,1962,10.57995,OWID,Vanuatu
VUT,1963,10.268971,OWID,Vanuatu
VUT,1964,9.95653,OWID,Vanuatu
VUT,1965,9.63743,OWID,Vanuatu
VUT,1966,9.315439,OWID,Vanuatu
VUT,1967,8.993783,OWID,Vanuatu
VUT,1968,8.66814,OWID,Vanuatu
VUT,1969,8.341426,OWID,Vanuatu
VUT,1970,8.024869,OWID,Vanuatu
VUT,1971,7.714764,OWID,Vanuatu
VUT,1972,7.4106,OWID,Vanuatu
VUT,1973,7.125282,OWID,Vanuatu
VUT,1974,6.847215,OWID,Vanuatu
VUT,1975,6.571797,OWID,Vanuatu
VUT,1976,6.303091,OWID,Vanuatu
VUT,1977,6.0297027,OWID,Vanuatu
VUT,1978,5.744598,OWID,Vanuatu
VUT,1979,5.4550295,OWID,Vanuatu
VUT,1980,5.1589584,OWID,Vanuatu
VUT,1981,4.8576717,OWID,Vanuatu
VUT,1982,4.553346,OWID,Vanuatu
VUT,1983,4.2550573,OWID,Vanuatu
VUT,1984,3.9797103,OWID,Vanuatu
VUT,1985,3.7189932,OWID,Vanuatu
VUT,1986,3.4835432,OWID,Vanuatu
VUT,1987,3.2759185,OWID,Vanuatu
VUT,1988,3.0947087,OWID,Vanuatu
VUT,1989,2.9411979,OWID,Vanuatu
VUT,1990,2.8056023,OWID,Vanuatu
VUT,1991,2.6909528,OWID,Vanuatu
VUT,1992,2.587878,OWID,Vanuatu
VUT,1993,2.5013194,OWID,Vanuatu
VUT,1994,2.4298527,OWID,Vanuatu
VUT,1995,2.3672833,OWID,Vanuatu
VUT,1996,2.3148646,OWID,Vanuatu
VUT,1997,2.2679422,OWID,Vanuatu
VUT,1998,2.2220566,OWID,Vanuatu
VUT,1999,2.1812973,OWID,Vanuatu
VUT,2000,2.1409738,OWID,Vanuatu
VUT,2001,2.1060488,OWID,Vanuatu
VUT,2002,2.075041,OWID,Vanuatu
VUT,2003,2.0441048,OWID,Vanuatu
VUT,2004,2.0137475,OWID,Vanuatu
VUT,2005,1.9818696,OWID,Vanuatu
VUT,2006,1.9458909,OWID,Vanuatu
VUT,2007,1.9009604,OWID,Vanuatu
VUT,2008,1.8490083,OWID,Vanuatu
VUT,2009,1.7916222,OWID,Vanuatu
VUT,2010,1.7329139,OWID,Vanuatu
VUT,2011,1.6787727,OWID,Vanuatu
VUT,2012,1.6319425,OWID,Vanuatu
VUT,2013,1.5954366,OWID,Vanuatu
VUT,2014,1.5657419,OWID,Vanuatu
VUT,2015,1.5436076,OWID,Vanuatu
VUT,2016,1.527405,OWID,Vanuatu
VUT,2017,1.5140119,OWID,Vanuatu
VUT,2018,1.5027947,OWID,Vanuatu
VUT,2019,1.491226,OWID,Vanuatu
VUT,2020,1.4792165,OWID,Vanuatu
VUT,2021,1.4626772,OWID,Vanuatu
VUT,2022,1.4433188,OWID,Vanuatu
VUT,2023,1.4168051,OWID,Vanuatu
VEN,1953,7.4291286,OWID,Venezuela
VEN,1954,7.1779456,OWID,Venezuela
VEN,1955,6.9303074,OWID,Venezuela
VEN,1956,6.6881685,OWID,Venezuela
VEN,1957,6.4559555,OWID,Venezuela
VEN,1958,6.2385554,OWID,Venezuela
VEN,1959,6.0476465,OWID,Venezuela
VEN,1960,5.879192,OWID,Venezuela
VEN,1961,5.7304144,OWID,Venezuela
VEN,1962,5.608107,OWID,Venezuela
VEN,1963,5.5028152,OWID,Venezuela
VEN,1964,5.420071,OWID,Venezuela
VEN,1965,5.3499217,OWID,Venezuela
VEN,1966,5.285697,OWID,Venezuela
VEN,1967,5.2225037,OWID,Venezuela
VEN,1968,5.14413,OWID,Venezuela
VEN,1969,5.0590158,OWID,Venezuela
VEN,1970,4.952895,OWID,Venezuela
VEN,1971,4.835322,OWID,Venezuela
VEN,1972,4.710269,OWID,Venezuela
VEN,1973,4.579995,OWID,Venezuela
VEN,1974,4.450922,OWID,Venezuela
VEN,1975,4.319799,OWID,Venezuela
VEN,1976,4.1875224,OWID,Venezuela
VEN,1977,4.0473146,OWID,Venezuela
VEN,1978,3.9007986,OWID,Venezuela
VEN,1979,3.7492795,OWID,Venezuela
VEN,1980,3.59977,OWID,Venezuela
VEN,1981,3.456312,OWID,Venezuela
VEN,1982,3.32455,OWID,Venezuela
VEN,1983,3.201886,OWID,Venezuela
VEN,1984,3.0906744,OWID,Venezuela
VEN,1985,2.982958,OWID,Venezuela
VEN,1986,2.875036,OWID,Venezuela
VEN,1987,2.7663958,OWID,Venezuela
VEN,1988,2.6538973,OWID,Venezuela
VEN,1989,2.538157,OWID,Venezuela
VEN,1990,2.4332833,OWID,Venezuela
VEN,1991,2.3480198,OWID,Venezuela
VEN,1992,2.2826748,OWID,Venezuela
VEN,1993,2.2343202,OWID,Venezuela
VEN,1994,2.1951566,OWID,Venezuela
VEN,1995,2.1481862,OWID,Venezuela
VEN,1996,2.0805,OWID,Venezuela
VEN,1997,1.9960115,OWID,Venezuela
VEN,1998,1.9068943,OWID,Venezuela
VEN,1999,1.8234956,OWID,Venezuela
VEN,2000,1.7532659,OWID,Venezuela
VEN,2001,1.7017753,OWID,Venezuela
VEN,2002,1.6621879,OWID,Venezuela
VEN,2003,1.6211894,OWID,Venezuela
VEN,2004,1.5744807,OWID,Venezuela
VEN,2005,1.5271602,OWID,Venezuela
VEN,2006,1.4848557,OWID,Venezuela
VEN,2007,1.4535505,OWID,Venezuela
VEN,2008,1.4380107,OWID,Venezuela
VEN,2009,1.440011,OWID,Venezuela
VEN,2010,1.4547664,OWID,Venezuela
VEN,2011,1.476719,OWID,Venezuela
VEN,2012,1.5052205,OWID,Venezuela
VEN,2013,1.5408578,OWID,Venezuela
VEN,2014,1.5808063,OWID,Venezuela
VEN,2015,1.6826066,OWID,Venezuela
VEN,2016,2.1467564,OWID,Venezuela
VEN,2017,2.1476848,OWID,Venezuela
VEN,2018,2.147754,OWID,Venezuela
VEN,2019,2.147754,OWID,Venezuela
VEN,2020,2.147754,OWID,Venezuela
VEN,2021,2.147754,OWID,Venezuela
VEN,2022,2.147754,OWID,Venezuela
VEN,2023,2.147754,OWID,Venezuela
VNM,1964,5.5220337,OWID,Vietnam
VNM,1965,6.012365,OWID,Vietnam
VNM,1966,6.0383296,OWID,Vietnam
VNM,1967,6.0817432,OWID,Vietnam
VNM,1968,6.6996365,OWID,Vietnam
VNM,1969,6.3843718,OWID,Vietnam
VNM,1970,6.3687353,OWID,Vietnam
VNM,1971,6.283182,OWID,Vietnam
VNM,1972,6.8514757,OWID,Vietnam
VNM,1973,6.259831,OWID,Vietnam
VNM,1974,6.382474,OWID,Vietnam
VNM,1975,5.209969,OWID,Vietnam
VNM,1976,5.134324,OWID,Vietnam
VNM,1977,5.0507517,OWID,Vietnam
VNM,1978,4.9613385,OWID,Vietnam
VNM,1979,4.8710656,OWID,Vietnam
VNM,1980,4.7851734,OWID,Vietnam
VNM,1981,4.700118,OWID,Vietnam
VNM,1982,4.620943,OWID,Vietnam
VNM,1983,4.5491805,OWID,Vietnam
VNM,1984,4.4714026,OWID,Vietnam
VNM,1985,4.386404,OWID,Vietnam
VNM,1986,4.287963,OWID,Vietnam
VNM,1987,4.1719394,OWID,Vietnam
VNM,1988,4.0371714,OWID,Vietnam
VNM,1989,3.8825016,OWID,Vietnam
VNM,1990,3.7157798,OWID,Vietnam
VNM,1991,3.5458355,OWID,Vietnam
VNM,1992,3.3669958,OWID,Vietnam
VNM,1993,3.1865911,OWID,Vietnam
VNM,1994,3.0088449,OWID,Vietnam
VNM,1995,2.839984,OWID,Vietnam
VNM,1996,2.6795835,OWID,Vietnam
VNM,1997,2.531447,OWID,Vietnam
VNM,1998,2.3941202,OWID,Vietnam
VNM,1999,2.2737765,OWID,Vietnam
VNM,2000,2.1666586,OWID,Vietnam
VNM,2001,2.0737944,OWID,Vietnam
VNM,2002,1.9896035,OWID,Vietnam
VNM,2003,1.9206016,OWID,Vietnam
VNM,2004,1.8603258,OWID,Vietnam
VNM,2005,1.8081018,OWID,Vietnam
VNM,2006,1.7650752,OWID,Vietnam
VNM,2007,1.7280753,OWID,Vietnam
VNM,2008,1.6990705,OWID,Vietnam
VNM,2009,1.6752261,OWID,Vietnam
VNM,2010,1.6527838,OWID,Vietnam
VNM,2011,1.6341708,OWID,Vietnam
VNM,2012,1.6151694,OWID,Vietnam
VNM,2013,1.5965126,OWID,Vietnam
VNM,2014,1.5767627,OWID,Vietnam
VNM,2015,1.5583506,OWID,Vietnam
VNM,2016,1.5390998,OWID,Vietnam
VNM,2017,1.5212266,OWID,Vietnam
VNM,2018,1.5047913,OWID,Vietnam
VNM,2019,1.4885813,OWID,Vietnam
VNM,2020,1.4700994,OWID,Vietnam
VNM,2021,1.450735,OWID,Vietnam
VNM,2022,1.4278926,OWID,Vietnam
VNM,2023,1.401164,OWID,Vietnam
OWID_WRL,1990,6.3963394,OWID,World
OWID_WRL,1991,6.4152446,OWID,World
OWID_WRL,1992,6.344118,OWID,World
OWID_WRL,1993,6.223381,OWID,World
OWID_WRL,1994,6.144494,OWID,World
OWID_WRL,1995,6.0300727,OWID,World
OWID_WRL,1996,5.913023,OWID,World
OWID_WRL,1997,5.785127,OWID,World
OWID_WRL,1998,5.666787,OWID,World
OWID_WRL,1999,5.4969687,OWID,World
OWID_WRL,2000,5.3156266,OWID,World
OWID_WRL,2001,5.164594,OWID,World
OWID_WRL,2002,4.990078,OWID,World
OWID_WRL,2003,4.805463,OWID,World
OWID_WRL,2004,4.637443,OWID,World
OWID_WRL,2005,4.459369,OWID,World
OWID_WRL,2006,4.2831874,OWID,World
OWID_WRL,2007,4.116944,OWID,World
OWID_WRL,2008,3.9690275,OWID,World
OWID_WRL,2009,3.849989,OWID,World
OWID_WRL,2010,3.717819,OWID,World
OWID_WRL,2011,3.635855,OWID,World
OWID_WRL,2012,3.4501674,OWID,World
OWID_WRL,2013,3.349981,OWID,World
OWID_WRL,2014,3.2481968,OWID,World
OWID_WRL,2015,3.1756763,OWID,World
OWID_WRL,2016,3.0786905,OWID,World
OWID_WRL,2017,3.004245,OWID,World
OWID_WRL,2018,2.9473763,OWID,World
OWID_WRL,2019,2.886668,OWID,World
OWID_WRL,2020,2.8548913,OWID,World
OWID_WRL,2021,2.812903,OWID,World
OWID_WRL,2022,2.7957463,OWID,World
OWID_WRL,2023,2.7078512,OWID,World
YEM,1958,27.74409,OWID,Yemen
YEM,1959,27.50685,OWID,Yemen
YEM,1960,27.277504,OWID,Yemen
YEM,1961,27.041292,OWID,Yemen
YEM,1962,26.789173,OWID,Yemen
YEM,1963,26.479906,OWID,Yemen
YEM,1964,26.108284,OWID,Yemen
YEM,1965,25.660606,OWID,Yemen
YEM,1966,25.138714,OWID,Yemen
YEM,1967,24.49362,OWID,Yemen
YEM,1968,23.814632,OWID,Yemen
YEM,1969,23.094069,OWID,Yemen
YEM,1970,22.351118,OWID,Yemen
YEM,1971,21.640835,OWID,Yemen
YEM,1972,20.966501,OWID,Yemen
YEM,1973,20.320847,OWID,Yemen
YEM,1974,19.68462,OWID,Yemen
YEM,1975,19.007256,OWID,Yemen
YEM,1976,18.290726,OWID,Yemen
YEM,1977,17.523895,OWID,Yemen
YEM,1978,16.71943,OWID,Yemen
YEM,1979,15.901066,OWID,Yemen
YEM,1980,15.076409,OWID,Yemen
YEM,1981,14.267921,OWID,Yemen
YEM,1982,13.478237,OWID,Yemen
YEM,1983,12.731689,OWID,Yemen
YEM,1984,12.058577,OWID,Yemen
YEM,1985,11.486995,OWID,Yemen
YEM,1986,11.005026,OWID,Yemen
YEM,1987,10.589257,OWID,Yemen
YEM,1988,10.228217,OWID,Yemen
YEM,1989,9.921205,OWID,Yemen
YEM,1990,9.657782,OWID,Yemen
YEM,1991,9.43241,OWID,Yemen
YEM,1992,9.24011,OWID,Yemen
YEM,1993,9.073315,OWID,Yemen
YEM,1994,8.924987,OWID,Yemen
YEM,1995,8.787016,OWID,Yemen
YEM,1996,8.634995,OWID,Yemen
YEM,1997,8.453329,OWID,Yemen
YEM,1998,8.209943,OWID,Yemen
YEM,1999,7.918391,OWID,Yemen
YEM,2000,7.5867786,OWID,Yemen
YEM,2001,7.226502,OWID,Yemen
YEM,2002,6.8648834,OWID,Yemen
YEM,2003,6.5182667,OWID,Yemen
YEM,2004,6.188005,OWID,Yemen
YEM,2005,5.874401,OWID,Yemen
YEM,2006,5.5778556,OWID,Yemen
YEM,2007,5.30605,OWID,Yemen
YEM,2008,5.0625887,OWID,Yemen
YEM,2009,4.8490815,OWID,Yemen
YEM,2010,4.658338,OWID,Yemen
YEM,2011,4.5023127,OWID,Yemen
YEM,2012,4.3740454,OWID,Yemen
YEM,2013,4.241076,OWID,Yemen
YEM,2014,4.1486616,OWID,Yemen
YEM,2015,4.132932,OWID,Yemen
YEM,2016,4.047979,OWID,Yemen
YEM,2017,3.972018,OWID,Yemen
YEM,2018,3.9557736,OWID,Yemen
YEM,2019,3.8770895,OWID,Yemen
YEM,2020,3.7361672,OWID,Yemen
YEM,2021,3.6685479,OWID,Yemen
YEM,2022,3.5696223,OWID,Yemen
YEM,2023,3.4650888,OWID,Yemen
ZMB,1952,10.968234,OWID,Zambia
ZMB,1953,10.834358,OWID,Zambia
ZMB,1954,10.700221,OWID,Zambia
ZMB,1955,10.57602,OWID,Zambia
ZMB,1956,10.422308,OWID,Zambia
ZMB,1957,10.293551,OWID,Zambia
ZMB,1958,10.153617,OWID,Zambia
ZMB,1959,10.033234,OWID,Zambia
ZMB,1960,9.913172,OWID,Zambia
ZMB,1961,9.785798,OWID,Zambia
ZMB,1962,9.675825,OWID,Zambia
ZMB,1963,9.571967,OWID,Zambia
ZMB,1964,9.498523,OWID,Zambia
ZMB,1965,9.447558,OWID,Zambia
ZMB,1966,9.416873,OWID,Zambia
ZMB,1967,9.386119,OWID,Zambia
ZMB,1968,9.336459,OWID,Zambia
ZMB,1969,9.249237,OWID,Zambia
ZMB,1970,9.108571,OWID,Zambia
ZMB,1971,8.899985,OWID,Zambia
ZMB,1972,8.653916,OWID,Zambia
ZMB,1973,8.414147,OWID,Zambia
ZMB,1974,8.214423,OWID,Zambia
ZMB,1975,8.070704,OWID,Zambia
ZMB,1976,8.010837,OWID,Zambia
ZMB,1977,8.013331,OWID,Zambia
ZMB,1978,8.066037,OWID,Zambia
ZMB,1979,8.140662,OWID,Zambia
ZMB,1980,8.236994,OWID,Zambia
ZMB,1981,8.325132,OWID,Zambia
ZMB,1982,8.426573,OWID,Zambia
ZMB,1983,8.59062,OWID,Zambia
ZMB,1984,8.821294,OWID,Zambia
ZMB,1985,9.095053,OWID,Zambia
ZMB,1986,9.385866,OWID,Zambia
ZMB,1987,9.654,OWID,Zambia
ZMB,1988,9.881269,OWID,Zambia
ZMB,1989,10.053234,OWID,Zambia
ZMB,1990,10.164945,OWID,Zambia
ZMB,1991,10.222478,OWID,Zambia
ZMB,1992,10.221612,OWID,Zambia
ZMB,1993,10.145911,OWID,Zambia
ZMB,1994,10.024868,OWID,Zambia
ZMB,1995,9.862584,OWID,Zambia
ZMB,1996,9.713526,OWID,Zambia
ZMB,1997,9.578213,OWID,Zambia
ZMB,1998,9.437414,OWID,Zambia
ZMB,1999,9.2513,OWID,Zambia
ZMB,2000,8.93721,OWID,Zambia
ZMB,2001,8.459472,OWID,Zambia
ZMB,2002,7.8796253,OWID,Zambia
ZMB,2003,7.2878704,OWID,Zambia
ZMB,2004,6.670889,OWID,Zambia
ZMB,2005,6.1214824,OWID,Zambia
ZMB,2006,5.745717,OWID,Zambia
ZMB,2007,5.5408373,OWID,Zambia
ZMB,2008,5.2934422,OWID,Zambia
ZMB,2009,5.073766,OWID,Zambia
ZMB,2010,4.8980374,OWID,Zambia
ZMB,2011,4.7638645,OWID,Zambia
ZMB,2012,4.635156,OWID,Zambia
ZMB,2013,4.472934,OWID,Zambia
ZMB,2014,4.3261356,OWID,Zambia
ZMB,2015,4.2453523,OWID,Zambia
ZMB,2016,4.0919075,OWID,Zambia
ZMB,2017,3.87818,OWID,Zambia
ZMB,2018,3.7490804,OWID,Zambia
ZMB,2019,3.5737715,OWID,Zambia
ZMB,2020,3.450518,OWID,Zambia
ZMB,2021,3.3362486,OWID,Zambia
ZMB,2022,3.219921,OWID,Zambia
ZMB,2023,3.0859265,OWID,Zambia
ZWE,1954,8.471336,OWID,Zimbabwe
ZWE,1955,8.409474,OWID,Zimbabwe
ZWE,1956,8.315673,OWID,Zimbabwe
ZWE,1957,8.255661,OWID,Zimbabwe
ZWE,1958,8.16601,OWID,Zimbabwe
ZWE,1959,8.053032,OWID,Zimbabwe
ZWE,1960,7.94075,OWID,Zimbabwe
ZWE,1961,7.7959404,OWID,Zimbabwe
ZWE,1962,7.650931,OWID,Zimbabwe
ZWE,1963,7.494823,OWID,Zimbabwe
ZWE,1964,7.33455,OWID,Zimbabwe
ZWE,1965,7.180076,OWID,Zimbabwe
ZWE,1966,7.029736,OWID,Zimbabwe
ZWE,1967,6.9029417,OWID,Zimbabwe
ZWE,1968,6.8070254,OWID,Zimbabwe
ZWE,1969,6.7349286,OWID,Zimbabwe
ZWE,1970,6.7110825,OWID,Zimbabwe
ZWE,1971,6.72115,OWID,Zimbabwe
ZWE,1972,6.7580357,OWID,Zimbabwe
ZWE,1973,6.8184614,OWID,Zimbabwe
ZWE,1974,6.900116,OWID,Zimbabwe
ZWE,1975,7.010323,OWID,Zimbabwe
ZWE,1976,7.1321793,OWID,Zimbabwe
ZWE,1977,7.2602935,OWID,Zimbabwe
ZWE,1978,7.354935,OWID,Zimbabwe
ZWE,1979,7.392708,OWID,Zimbabwe
ZWE,1980,7.3624372,OWID,Zimbabwe
ZWE,1981,7.2168193,OWID,Zimbabwe
ZWE,1982,6.962667,OWID,Zimbabwe
ZWE,1983,6.6456513,OWID,Zimbabwe
ZWE,1984,6.3030214,OWID,Zimbabwe
ZWE,1985,5.9762793,OWID,Zimbabwe
ZWE,1986,5.6911893,OWID,Zimbabwe
ZWE,1987,5.4819903,OWID,Zimbabwe
ZWE,1988,5.348715,OWID,Zimbabwe
ZWE,1989,5.2976923,OWID,Zimbabwe
ZWE,1990,5.277172,OWID,Zimbabwe
ZWE,1991,5.2941294,OWID,Zimbabwe
ZWE,1992,5.3508706,OWID,Zimbabwe
ZWE,1993,5.4710693,OWID,Zimbabwe
ZWE,1994,5.6245046,OWID,Zimbabwe
ZWE,1995,5.7871866,OWID,Zimbabwe
ZWE,1996,5.8609023,OWID,Zimbabwe
ZWE,1997,5.8491683,OWID,Zimbabwe
ZWE,1998,5.8317027,OWID,Zimbabwe
ZWE,1999,5.8359466,OWID,Zimbabwe
ZWE,2000,5.932757,OWID,Zimbabwe
ZWE,2001,6.1143537,OWID,Zimbabwe
ZWE,2002,5.829343,OWID,Zimbabwe
ZWE,2003,6.0983753,OWID,Zimbabwe
ZWE,2004,6.4246354,OWID,Zimbabwe
ZWE,2005,6.661284,OWID,Zimbabwe
ZWE,2006,6.9453278,OWID,Zimbabwe
ZWE,2007,7.148187,OWID,Zimbabwe
ZWE,2008,7.17193,OWID,Zimbabwe
ZWE,2009,7.0664935,OWID,Zimbabwe
ZWE,2010,6.7595797,OWID,Zimbabwe
ZWE,2011,6.4699683,OWID,Zimbabwe
ZWE,2012,5.994589,OWID,Zimbabwe
ZWE,2013,5.695335,OWID,Zimbabwe
ZWE,2014,5.4327483,OWID,Zimbabwe
ZWE,2015,5.2835383,OWID,Zimbabwe
ZWE,2016,5.077968,OWID,Zimbabwe
ZWE,2017,4.9183292,OWID,Zimbabwe
ZWE,2018,4.739517,OWID,Zimbabwe
ZWE,2019,4.5962663,OWID,Zimbabwe
ZWE,2020,4.4898086,OWID,Zimbabwe
ZWE,2021,4.362161,OWID,Zimbabwe
ZWE,2022,4.222358,OWID,Zimbabwe
ZWE,2023,4.057281,OWID,Zimbabwe
